Timestamp(ms),Current(uA)
0,0.174
10,0.178
20,0.180
30,0.184
40,0.180
50,0.179
60,0.174
70,0.172
80,0.181
90,0.179
100,0.186
110,0.186
120,0.184
130,0.187
140,0.176
150,0.171
160,0.170
170,0.179
180,0.178
190,0.177
200,0.174
210,0.177
220,0.173
230,0.163
240,0.167
250,0.164
260,0.168
270,0.163
280,0.169
290,0.173
300,0.166
310,0.172
320,0.173
330,0.170
340,0.172
350,0.168
360,0.159
370,0.162
380,0.157
390,0.152
400,0.155
410,0.155
420,0.164
430,0.168
440,0.149
450,0.152
460,0.148
470,0.139
480,0.138
490,0.135
500,0.139
510,0.141
520,0.136
530,0.138
540,0.144
550,0.139
560,0.146
570,0.143
580,0.130
590,0.137
600,0.147
610,0.148
620,0.149
630,0.149
640,0.144
650,0.142
660,0.146
670,0.146
680,0.140
690,0.132
700,0.126
710,0.125
720,0.120
730,0.123
740,0.118
750,0.123
760,0.124
770,0.132
780,0.127
790,0.127
800,0.127
810,0.128
820,0.133
830,0.135
840,0.129
850,0.136
860,0.136
870,0.139
880,0.133
890,0.141
900,0.136
910,0.132
920,0.138
930,0.135
940,0.143
950,0.138
960,0.126
970,0.137
980,0.143
990,0.135
1000,0.134
1010,0.137
1020,0.136
1030,0.134
1040,0.140
1050,0.133
1060,0.132
1070,0.129
1080,0.126
1090,0.126
1100,0.126
1110,0.128
1120,0.135
1130,0.130
1140,0.142
1150,0.139
1160,0.144
1170,0.148
1180,0.137
1190,0.137
1200,0.141
1210,0.149
1220,0.145
1230,0.140
1240,0.141
1250,0.150
1260,0.144
1270,0.149
1280,0.144
1290,0.149
1300,0.149
1310,0.138
1320,0.142
1330,0.145
1340,0.147
1350,0.145
1360,0.148
1370,0.150
1380,0.148
1390,0.151
1400,0.148
1410,0.149
1420,0.149
1430,0.148
1440,0.148
1450,0.152
1460,0.149
1470,0.147
1480,0.150
1490,0.150
1500,0.148
1510,0.142
1520,0.142
1530,0.140
1540,0.151
1550,0.148
1560,0.136
1570,0.134
1580,0.142
1590,0.139
1600,0.134
1610,0.144
1620,0.145
1630,0.142
1640,0.146
1650,0.147
1660,0.148
1670,0.138
1680,0.143
1690,0.143
1700,0.147
1710,0.147
1720,0.149
1730,0.145
1740,0.140
1750,0.147
1760,0.140
1770,0.145
1780,0.142
1790,0.156
1800,0.150
1810,0.161
1820,0.156
1830,0.157
1840,0.163
1850,0.160
1860,0.151
1870,0.150
1880,0.139
1890,0.133
1900,0.136
1910,0.145
1920,0.140
1930,0.143
1940,0.144
1950,0.139
1960,0.143
1970,0.134
1980,0.139
1990,0.138
2000,0.142
2010,0.140
2020,0.150
2030,0.149
2040,0.158
2050,0.152
2060,0.149
2070,0.149
2080,0.155
2090,0.157
2100,0.161
2110,0.164
2120,0.162
2130,0.151
2140,0.143
2150,0.138
2160,0.153
2170,0.147
2180,0.149
2190,0.147
2200,0.154
2210,0.154
2220,0.152
2230,0.147
2240,0.135
2250,0.125
2260,0.124
2270,0.126
2280,0.135
2290,0.141
2300,0.147
2310,0.155
2320,0.152
2330,0.152
2340,0.144
2350,0.139
2360,0.138
2370,0.145
2380,0.153
2390,0.159
2400,0.150
2410,0.142
2420,0.147
2430,0.152
2440,0.155
2450,0.153
2460,0.148
2470,0.153
2480,0.142
2490,0.142
2500,0.147
2510,0.144
2520,0.151
2530,0.150
2540,0.144
2550,0.145
2560,0.145
2570,0.138
2580,0.139
2590,31646.072
2600,17700.459
2610,12335.624
2620,10363.326
2630,9636.394
2640,9393.814
2650,9306.647
2660,9288.174
2670,9289.773
2680,9303.849
2690,9333.125
2700,9356.263
2710,9389.559
2720,9429.150
2730,9447.488
2740,9478.524
2750,9505.653
2760,9535.929
2770,9558.549
2780,9577.550
2790,9607.899
2800,9637.370
2810,9664.838
2820,9700.400
2830,9729.033
2840,9758.707
2850,9786.755
2860,9813.536
2870,9837.198
2880,9871.899
2890,9897.998
2900,9930.916
2910,9961.293
2920,9996.189
2930,10026.475
2940,10055.504
2950,10084.027
2960,10115.212
2970,10143.167
2980,10172.276
2990,10197.416
3000,10231.687
3010,10258.538
3020,10288.468
3030,10303.052
3040,10328.541
3050,10355.145
3060,10369.998
3070,9869.789
3080,7357.518
3090,6437.384
3100,6114.864
3110,6010.683
3120,5977.798
3130,5983.528
3140,6003.061
3150,6015.445
3160,6039.853
3170,6057.404
3180,6086.334
3190,6100.880
3200,6120.926
3210,6144.891
3220,6166.553
3230,6184.426
3240,6202.562
3250,6213.060
3260,6219.869
3270,6122.642
3280,6032.548
3290,6011.933
3300,6003.702
3310,6002.942
3320,6005.095
3330,5908.152
3340,5777.575
3350,5732.646
3360,5718.455
3370,5703.322
3380,5705.535
3390,5707.305
3400,5709.762
3410,5704.245
3420,5701.469
3430,5706.407
3440,5707.600
3450,5702.003
3460,5699.159
3470,5702.698
3480,5712.223
3490,5712.109
3500,5709.322
3510,5704.692
3520,5703.807
3530,5701.384
3540,5693.872
3550,6419.818
3560,6847.114
3570,6401.714
3580,5504.962
3590,5197.320
3600,5065.500
3610,5023.507
3620,4981.711
3630,4979.993
3640,5477.934
3650,5184.662
3660,5042.518
3670,6705.331
3680,7375.512
3690,6725.911
3700,5408.996
3710,4459.535
3720,4605.012
3730,4804.142
3740,5366.201
3750,5354.248
3760,4283.174
3770,3895.994
3780,3755.363
3790,3697.790
3800,3667.821
3810,3652.750
3820,3644.822
3830,3640.787
3840,3927.543
3850,4166.352
3860,4246.962
3870,4266.799
3880,4167.285
3890,3815.736
3900,3683.201
3910,3628.607
3920,3605.940
3930,3592.672
3940,3586.975
3950,3583.607
3960,3571.917
3970,3566.795
3980,3558.768
3990,3555.357
4000,3554.249
4010,3547.552
4020,3542.565
4030,3536.765
4040,3536.770
4050,3531.581
4060,3528.396
4070,3526.760
4080,3522.346
4090,3518.414
4100,3514.115
4110,3514.875
4120,3512.080
4130,3507.055
4140,3503.528
4150,3498.632
4160,3496.894
4170,3498.647
4180,3497.067
4190,3495.375
4200,3485.018
4210,3479.755
4220,3478.425
4230,3480.173
4240,3478.145
4250,3475.595
4260,3475.004
4270,3468.946
4280,3467.964
4290,3467.754
4300,3462.810
4310,3465.488
4320,3459.737
4330,3459.995
4340,3459.865
4350,3457.422
4360,3455.566
4370,3458.451
4380,3455.936
4390,3459.942
4400,3450.738
4410,3454.526
4420,3452.803
4430,3451.774
4440,3447.113
4450,3449.658
4460,3442.775
4470,3440.791
4480,3440.985
4490,3438.765
4500,3440.158
4510,3442.546
4520,3433.722
4530,3435.441
4540,3437.962
4550,3437.978
4560,3438.809
4570,3439.880
4580,3439.094
4590,3434.152
4600,3432.779
4610,3435.344
4620,3436.447
4630,3432.853
4640,3431.753
4650,3434.741
4660,3431.980
4670,3432.568
4680,3429.256
4690,3434.878
4700,3434.916
4710,3435.597
4720,3421.990
4730,3424.291
4740,3423.514
4750,3423.532
4760,3425.219
4770,3423.620
4780,3422.939
4790,3422.959
4800,3421.762
4810,3419.997
4820,3423.773
4830,3421.682
4840,3422.552
4850,3419.202
4860,3428.121
4870,3424.623
4880,3422.759
4890,3425.413
4900,3426.834
4910,3420.515
4920,3419.646
4930,3425.752
4940,3426.601
4950,3426.245
4960,3429.576
4970,3423.750
4980,3421.118
4990,3423.862
5000,3424.309
5010,3424.566
5020,3422.270
5030,3420.844
5040,3419.941
5050,3421.146
5060,3421.964
5070,3425.046
5080,3425.580
5090,3427.313
5100,3422.199
5110,3426.419
5120,3421.219
5130,3422.733
5140,3425.706
5150,3426.689
5160,3423.033
5170,3426.988
5180,3425.150
5190,3430.989
5200,3424.248
5210,3427.158
5220,3429.357
5230,3423.042
5240,3422.621
5250,3422.811
5260,3423.064
5270,3427.630
5280,3421.387
5290,3417.226
5300,3423.582
5310,3430.054
5320,3423.060
5330,3425.175
5340,3428.557
5350,3427.711
5360,3425.109
5370,3421.941
5380,3428.697
5390,3423.586
5400,3423.357
5410,3426.990
5420,3425.364
5430,3432.364
5440,3427.130
5450,3424.168
5460,3429.388
5470,3426.657
5480,3425.260
5490,3421.892
5500,3422.387
5510,3425.729
5520,3426.520
5530,3423.868
5540,3427.240
5550,3426.327
5560,3426.552
5570,3425.310
5580,3428.538
5590,3432.389
5600,3428.292
5610,3430.867
5620,3432.649
5630,3428.954
5640,3428.855
5650,3430.995
5660,3431.635
5670,3432.735
5680,3430.898
5690,3425.970
5700,3426.277
5710,3431.412
5720,3430.152
5730,3432.334
5740,3424.796
5750,3426.969
5760,3420.658
5770,3423.054
5780,3420.888
5790,3423.138
5800,3422.987
5810,3420.153
5820,3419.158
5830,3427.513
5840,3427.491
5850,3426.109
5860,3424.596
5870,3423.131
5880,3422.831
5890,3423.344
5900,3420.212
5910,3428.260
5920,3425.884
5930,3426.046
5940,3423.342
5950,3424.937
5960,3421.896
5970,3425.994
5980,3428.226
5990,3427.877
6000,3425.077
6010,3421.536
6020,3426.302
6030,3425.228
6040,3423.806
6050,3423.155
6060,3427.331
6070,3426.151
6080,3424.080
6090,3425.017
6100,3431.026
6110,3429.826
6120,3427.543
6130,3425.838
6140,3428.352
6150,3425.829
6160,3425.104
6170,3430.591
6180,3429.018
6190,3425.348
6200,3424.473
6210,3428.300
6220,3428.423
6230,3432.186
6240,3425.879
6250,3423.568
6260,3429.273
6270,3429.363
6280,3426.410
6290,3428.048
6300,3427.996
6310,3429.497
6320,3419.607
6330,3423.161
6340,3427.989
6350,3426.697
6360,3429.551
6370,3429.524
6380,3427.844
6390,3428.943
6400,3428.099
6410,3430.855
6420,3430.569
6430,3428.531
6440,3432.415
6450,3430.349
6460,3429.999
6470,3430.302
6480,3430.082
6490,3436.585
6500,3438.440
6510,3430.490
6520,3430.082
6530,3431.237
6540,3430.113
6550,3431.918
6560,3430.096
6570,3424.614
6580,3424.808
6590,3432.104
6600,3428.436
6610,3427.716
6620,3431.761
6630,3434.650
6640,3427.691
6650,3430.829
6660,3433.047
6670,3432.446
6680,3429.124
6690,3433.016
6700,3430.015
6710,3435.427
6720,3433.256
6730,3429.756
6740,3433.680
6750,3433.605
6760,3425.317
6770,3422.142
6780,3423.090
6790,3427.886
6800,3422.577
6810,3417.665
6820,3428.196
6830,3419.735
6840,3422.424
6850,3420.532
6860,3425.799
6870,3432.366
6880,3426.455
6890,3429.043
6900,3425.354
6910,3427.962
6920,3427.855
6930,3427.001
6940,3429.060
6950,3430.040
6960,3427.506
6970,3427.521
6980,3425.301
6990,3428.290
7000,3432.683
7010,3428.344
7020,3424.663
7030,3423.266
7040,3421.700
7050,3430.700
7060,3426.658
7070,3427.941
7080,3425.890
7090,3429.709
7100,3422.869
7110,3425.981
7120,3426.782
7130,3422.217
7140,3429.149
7150,3428.869
7160,3431.301
7170,3428.561
7180,3429.663
7190,3431.202
7200,3431.954
7210,3428.638
7220,3429.890
7230,3427.536
7240,3428.505
7250,3431.588
7260,3430.792
7270,3434.420
7280,3426.101
7290,3427.132
7300,3428.727
7310,3429.347
7320,3429.487
7330,3428.684
7340,3428.750
7350,3429.564
7360,3427.515
7370,3428.942
7380,3430.033
7390,3432.307
7400,3428.464
7410,3427.032
7420,3428.735
7430,3431.178
7440,3428.081
7450,3432.207
7460,3429.749
7470,3427.761
7480,3428.134
7490,3431.458
7500,3436.185
7510,3429.235
7520,3434.246
7530,3435.118
7540,3429.857
7550,3426.744
7560,3430.451
7570,3434.745
7580,3428.913
7590,3434.552
7600,3430.850
7610,3429.664
7620,3433.676
7630,3433.053
7640,3432.949
7650,3435.129
7660,3428.145
7670,3431.307
7680,3432.594
7690,3429.179
7700,3432.924
7710,3431.007
7720,3433.972
7730,3433.822
7740,3428.123
7750,3427.667
7760,3427.876
7770,3431.491
7780,3434.944
7790,3420.613
7800,3423.070
7810,3416.141
7820,3419.536
7830,3419.462
7840,3422.676
7850,3416.351
7860,3417.683
7870,3420.442
7880,3420.162
7890,3424.051
7900,3422.856
7910,3423.973
7920,3421.641
7930,3426.907
7940,3420.797
7950,3425.356
7960,3425.301
7970,3424.654
7980,3422.131
7990,3427.013
8000,3424.836
8010,3427.804
8020,3426.464
8030,3429.352
8040,3427.053
8050,3420.579
8060,3422.933
8070,3427.705
8080,3428.006
8090,3425.256
8100,3431.679
8110,3431.331
8120,3427.687
8130,3429.983
8140,3425.364
8150,3428.094
8160,3429.456
8170,3428.718
8180,3441.708
8190,3483.564
8200,3500.418
8210,3504.828
8220,3506.681
8230,3507.583
8240,3510.713
8250,3508.857
8260,3509.956
8270,3513.322
8280,3507.655
8290,3511.920
8300,3505.219
8310,3508.002
8320,3501.026
8330,3503.610
8340,3510.396
8350,3509.820
8360,3510.685
8370,3506.221
8380,3506.127
8390,3510.310
8400,3506.872
8410,3512.085
8420,3507.154
8430,3512.504
8440,3505.500
8450,3507.884
8460,3505.489
8470,3508.633
8480,3510.288
8490,3512.179
8500,3509.844
8510,3510.899
8520,3505.509
8530,3511.057
8540,3513.834
8550,3515.552
8560,3510.403
8570,3510.851
8580,3508.623
8590,3508.453
8600,3503.510
8610,3511.217
8620,3506.532
8630,3507.022
8640,3508.363
8650,3507.921
8660,3507.252
8670,3509.043
8680,3510.906
8690,3507.731
8700,3508.943
8710,3506.257
8720,3505.475
8730,3509.905
8740,3509.785
8750,3507.934
8760,3509.196
8770,3509.946
8780,3514.015
8790,3513.319
8800,3511.747
8810,3509.311
8820,3504.225
8830,3506.778
8840,3508.576
8850,3508.496
8860,3506.711
8870,3511.283
8880,3507.092
8890,3506.349
8900,3509.565
8910,3507.066
8920,3507.417
8930,3508.912
8940,3508.005
8950,3506.323
8960,3507.412
8970,3506.861
8980,3509.829
8990,3507.531
9000,3509.222
9010,3504.799
9020,3507.574
9030,3508.411
9040,3509.757
9050,3507.585
9060,3511.516
9070,3509.021
9080,3507.716
9090,3504.484
9100,3512.700
9110,3506.777
9120,3513.861
9130,3509.718
9140,3506.691
9150,3504.401
9160,3508.316
9170,3510.156
9180,3509.045
9190,3509.990
9200,3510.368
9210,3514.671
9220,3511.553
9230,3510.075
9240,3511.813
9250,3512.292
9260,3513.724
9270,3511.886
9280,3507.933
9290,3513.449
9300,3511.198
9310,3510.455
9320,3510.195
9330,3513.932
9340,3508.563
9350,3516.162
9360,3517.234
9370,3511.904
9380,3517.261
9390,3511.954
9400,3512.052
9410,3512.538
9420,3515.902
9430,3510.526
9440,3511.690
9450,3514.000
9460,3509.679
9470,3513.842
9480,3515.904
9490,3516.103
9500,3518.711
9510,3515.289
9520,3512.562
9530,3512.850
9540,3514.757
9550,3510.772
9560,3513.886
9570,3515.311
9580,3511.862
9590,3512.896
9600,3513.350
9610,3511.856
9620,3517.573
9630,3514.456
9640,3517.450
9650,3510.462
9660,3514.229
9670,3511.670
9680,3518.233
9690,3510.520
9700,3512.953
9710,3510.624
9720,3507.927
9730,3510.791
9740,3513.918
9750,3513.755
9760,3513.721
9770,3513.281
9780,3510.517
9790,3510.227
9800,3510.256
9810,3514.735
9820,3511.860
9830,3512.258
9840,3511.453
9850,3511.099
9860,3506.515
9870,3507.165
9880,3505.699
9890,3511.456
9900,3511.981
9910,3512.339
9920,3507.720
9930,3510.368
9940,3512.130
9950,3507.663
9960,3514.783
9970,3509.646
9980,3510.558
9990,3516.854
10000,3514.529
10010,3514.345
10020,3510.356
10030,3509.672
10040,3507.612
10050,3512.398
10060,3512.565
10070,3512.673
10080,3511.036
10090,3509.574
10100,3511.945
10110,3509.828
10120,3514.292
10130,3513.461
10140,3513.302
10150,3513.256
10160,3512.084
10170,3513.197
10180,3511.399
10190,3515.952
10200,3516.394
10210,3514.933
10220,3512.774
10230,3514.174
10240,3514.852
10250,3512.196
10260,3510.515
10270,3508.876
10280,3513.802
10290,3512.455
10300,3511.454
10310,3512.049
10320,3512.714
10330,3508.572
10340,3515.754
10350,3512.161
10360,3506.730
10370,3507.873
10380,3510.304
10390,3513.383
10400,3506.360
10410,3511.796
10420,3512.163
10430,3512.765
10440,3511.340
10450,3509.474
10460,3513.564
10470,3509.256
10480,3506.492
10490,3506.326
10500,3509.387
10510,3514.875
10520,3513.689
10530,3511.353
10540,3512.095
10550,3512.520
10560,3512.509
10570,3513.732
10580,3513.349
10590,3515.151
10600,3516.385
10610,3508.237
10620,3512.711
10630,3516.074
10640,3509.544
10650,3514.840
10660,3515.449
10670,3510.767
10680,3515.195
10690,3512.771
10700,3507.526
10710,3511.223
10720,3513.128
10730,3512.793
10740,3515.753
10750,3514.792
10760,3517.491
10770,3514.018
10780,3515.244
10790,3514.840
10800,3513.726
10810,3512.074
10820,3516.664
10830,3520.023
10840,3515.065
10850,3515.443
10860,3515.915
10870,3516.095
10880,3511.057
10890,3509.624
10900,3512.604
10910,3510.559
10920,3515.937
10930,3507.908
10940,3512.349
10950,3513.377
10960,3516.865
10970,3506.451
10980,3514.382
10990,3516.965
11000,3514.575
11010,3515.887
11020,3509.443
11030,3513.268
11040,3515.232
11050,3512.912
11060,3512.534
11070,3512.873
11080,3512.407
11090,3514.786
11100,3512.520
11110,3516.717
11120,3511.780
11130,3512.972
11140,3516.686
11150,3514.311
11160,3515.295
11170,3518.856
11180,3674.604
11190,4091.198
11200,4228.610
11210,14404.272
11220,25827.979
11230,30010.496
11240,31523.408
11250,32075.871
11260,32252.143
11270,32323.457
11280,32348.789
11290,32356.432
11300,32343.762
11310,32337.756
11320,32334.961
11330,32333.357
11340,32327.273
11350,32329.904
11360,32319.342
11370,32903.082
11380,34273.625
11390,34791.492
11400,34274.668
11410,35697.914
11420,36456.680
11430,36468.602
11440,36942.121
11450,36637.461
11460,37044.457
11470,37209.188
11480,36993.320
11490,37114.520
11500,36667.578
11510,37005.059
11520,36944.629
11530,37280.035
11540,37593.336
11550,37504.980
11560,37698.902
11570,37450.926
11580,37721.891
11590,37234.672
11600,37594.879
11610,37716.527
11620,37025.434
11630,36635.832
11640,36948.387
11650,36834.621
11660,36620.539
11670,36605.367
11680,36793.422
11690,36933.688
11700,36949.051
11710,37334.988
11720,37465.555
11730,37448.340
11740,37231.938
11750,37040.852
11760,37408.879
11770,36968.148
11780,36630.711
11790,36778.184
11800,37265.977
11810,37238.949
11820,37096.648
11830,37521.285
11840,37525.344
11850,37214.699
11860,37242.250
11870,37502.480
11880,37501.371
11890,37320.840
11900,37116.578
11910,37335.781
11920,36797.176
11930,37367.965
11940,37135.742
11950,37527.535
11960,37535.867
11970,37166.664
11980,37174.773
11990,36810.426
12000,37038.539
12010,36530.227
12020,36907.668
12030,37027.160
12040,37116.930
12050,37490.949
12060,37392.277
12070,37615.293
12080,37311.891
12090,37608.945
12100,37653.359
12110,37469.164
12120,37661.707
12130,36920.660
12140,36773.461
12150,36858.902
12160,36722.410
12170,36473.781
12180,36870.789
12190,37059.270
12200,37231.551
12210,37015.426
12220,37412.789
12230,37301.395
12240,37345.676
12250,37292.766
12260,37168.750
12270,36906.355
12280,36774.586
12290,36479.340
12300,36857.191
12310,36687.707
12320,36733.563
12330,36804.480
12340,37329.445
12350,37360.008
12360,37353.430
12370,37065.180
12380,37433.309
12390,37299.309
12400,36831.566
12410,37097.977
12420,37002.879
12430,36922.227
12440,37064.395
12450,36771.781
12460,37114.926
12470,36760.859
12480,37122.887
12490,37184.277
12500,36968.512
12510,37121.023
12520,36927.574
12530,37520.074
12540,37418.879
12550,37664.910
12560,37785.332
12570,37659.797
12580,37797.027
12590,37402.883
12600,37737.551
12610,37245.586
12620,37615.195
12630,37710.332
12640,37605.355
12650,37688.492
12660,37015.500
12670,36567.371
12680,36866.484
12690,36824.914
12700,36594.613
12710,36546.008
12720,37101.277
12730,37191.148
12740,37035.734
12750,36857.180
12760,37223.199
12770,37264.066
12780,37249.516
12790,36653.125
12800,36813.660
12810,36687.230
12820,36448.129
12830,36401.996
12840,36607.391
12850,36756.836
12860,36746.242
12870,37077.188
12880,37264.383
12890,37266.023
12900,37072.164
12910,36864.418
12920,37224.746
12930,36552.227
12940,36828.539
12950,36388.797
12960,36693.313
12970,36810.563
12980,36608.066
12990,36871.418
13000,36540.230
13010,36884.352
13020,36763.820
13030,36699.082
13040,36833.180
13050,36789.848
13060,37291.129
13070,37132.816
13080,37437.199
13090,37339.578
13100,37448.305
13110,37494.203
13120,37226.129
13130,37477.258
13140,37090.547
13150,37438.250
13160,37247.277
13170,37454.492
13180,37494.359
13190,36914.652
13200,36556.125
13210,36725.461
13220,36882.266
13230,36651.375
13240,36563.555
13250,37105.906
13260,37262.609
13270,37130.836
13280,36920.125
13290,37111.832
13300,37332.598
13310,37308.090
13320,36665.406
13330,36641.891
13340,36734.020
13350,36516.086
13360,36294.367
13370,36648.742
13380,36921.977
13390,36903.465
13400,37204.668
13410,37441.910
13420,37494.227
13430,37321.969
13440,37084.527
13450,37257.426
13460,36811.801
13470,36999.727
13480,36615.484
13490,36883.344
13500,36840.531
13510,36851.094
13520,37087.215
13530,36782.402
13540,37059.879
13550,36592.996
13560,36943.816
13570,36999.730
13580,37106.676
13590,37484.770
13600,37381.090
13610,37609.105
13620,37329.668
13630,37598.520
13640,37584.297
13650,37437.316
13660,37663.941
13670,37353.426
13680,37644.879
13690,37326.621
13700,37542.242
13710,37342.871
13720,36959.871
13730,36633.449
13740,36564.945
13750,36873.223
13760,36705.246
13770,36493.438
13780,36408.797
13790,37016.051
13800,37011.949
13810,37081.781
13820,36979.023
13830,37331.754
13840,37226.887
13850,37033.629
13860,36712.598
13870,36835.195
13880,36622.609
13890,36535.930
13900,36404.434
13910,36625.102
13920,36474.492
13930,36404.359
13940,37002.793
13950,37076.020
13960,37175.207
13970,37133.129
13980,36955.512
13990,37244.051
14000,37109.492
14010,36454.195
14020,36689.805
14030,36750.594
14040,36552.059
14050,36773.465
14060,36441.738
14070,36777.594
14080,36767.926
14090,36751.598
14100,36859.039
14110,36787.914
14120,37257.938
14130,37088.473
14140,37402.125
14150,37294.613
14160,37403.316
14170,37460.125
14180,37202.613
14190,37451.852
14200,37074.207
14210,37435.648
14220,37234.051
14230,37435.242
14240,37480.023
14250,36908.652
14260,36525.609
14270,36678.828
14280,36856.316
14290,36627.352
14300,36405.148
14310,36692.832
14320,36917.117
14330,36877.363
14340,36969.910
14350,37230.789
14360,37309.754
14370,37130.109
14380,36904.625
14390,37085.082
14400,37045.535
14410,36721.949
14420,36620.512
14430,36844.637
14440,36724.820
14450,36532.719
14460,36549.559
14470,37122.641
14480,37143.078
14490,37223.480
14500,37211.613
14510,37480.867
14520,37363.348
14530,37170.066
14540,36938.238
14550,36802.281
14560,36920.379
14570,36618.969
14580,36914.867
14590,36526.066
14600,36909.719
14610,37067.723
14620,36864.133
14630,37020.602
14640,36802.777
14650,37412.277
14660,37337.359
14670,37586.660
14680,37692.176
14690,37523.770
14700,37566.117
14710,37134.305
14720,37464.410
14730,36949.852
14740,37383.992
14750,37501.172
14760,37396.754
14770,37479.359
14780,36880.305
14790,36498.430
14800,36817.656
14810,36789.094
14820,36551.266
14830,36515.523
14840,36675.945
14850,36769.113
14860,36757.258
14870,37068.957
14880,37259.496
14890,37248.910
14900,37045.426
14910,36853.645
14920,37219.242
14930,37240.660
14940,37227.305
14950,36631.883
14960,36769.129
14970,36661.809
14980,36427.059
14990,36410.672
15000,36604.281
15010,36456.441
15020,36420.695
15030,37057.047
15040,37183.363
15050,37047.832
15060,36881.492
15070,37120.188
15080,37268.453
15090,37248.715
15100,37047.992
15110,36851.398
15120,37217.922
15130,36532.574
15140,36805.238
15150,36368.422
15160,36666.945
15170,36760.910
15180,36563.258
15190,36830.512
15200,36500.594
15210,36842.984
15220,36742.551
15230,37066.809
15240,37313.102
15250,37242.832
15260,37464.105
15270,37248.531
15280,37484.605
15290,37013.117
15300,37371.641
15310,37449.535
15320,37217.691
15330,37443.875
15340,37274.602
15350,37486.488
15360,36922.680
15370,36961.992
15380,36647.305
15390,36546.496
15400,36711.012
15410,36843.246
15420,36679.816
15430,36544.398
15440,37217.879
15450,37238.555
15460,37311.164
15470,37230.734
15480,37123.223
15490,37406.719
15500,37246.762
15510,36833.016
15520,36852.590
15530,36807.086
15540,36747.313
15550,36408.746
15560,36828.426
15570,36716.445
15580,36772.785
15590,36769.570
15600,37315.188
15610,37369.742
15620,37371.078
15630,37030.328
15640,37429.934
15650,37341.555
15660,36653.594
15670,36890.102
15680,36935.055
15690,36844.457
15700,36756.047
15710,36545.258
15720,36714.844
15730,36911.113
15740,36988.797
15750,37000.039
15760,37018.008
15770,36695.883
15780,36949.383
15790,37033.684
15800,37089.695
15810,37099.992
15820,36624.734
15830,36966.344
15840,37111.340
15850,37155.488
15860,37195.789
15870,36983.934
15880,36711.453
15890,36902.559
15900,36990.305
15910,37000.879
15920,36983.645
15930,36771.813
15940,37291.313
15950,36961.813
15960,37386.582
15970,37559.930
15980,37322.676
15990,37565.738
16000,37452.375
16010,37671.625
16020,37387.031
16030,37565.234
16040,37521.824
16050,37316.887
16060,37503.930
16070,36763.637
16080,36921.953
16090,36561.504
16100,36760.246
16110,36886.613
16120,36612.301
16130,36847.402
16140,36418.023
16150,36790.816
16160,36830.898
16170,36648.254
16180,36851.230
16190,36732.180
16200,36946.773
16210,37362.797
16220,37291.422
16230,37074.824
16240,37072.336
16250,37299.156
16260,37354.066
16270,36730.656
16280,36895.500
16290,36381.152
16300,36749.957
16310,36878.676
16320,36648.766
16330,36890.656
16340,36530.625
16350,36852.508
16360,36704.313
16370,36689.363
16380,36874.816
16390,36824.598
16400,36994.090
16410,37493.840
16420,37100.953
16430,37112.965
16440,36692.383
16450,36924.508
16460,36659.566
16470,36874.270
16480,37074.059
16490,36809.500
16500,37071.305
16510,36586.762
16520,36972.770
16530,36985.277
16540,37162.035
16550,37511.773
16560,37435.348
16570,37624.402
16580,37189.293
16590,37565.133
16600,37578.746
16610,37443.125
16620,37630.965
16630,36903.828
16640,37083.875
16650,36774.621
16660,36962.320
16670,37018.402
16680,37053.059
16690,37412.320
16700,37219.270
16710,37449.957
16720,37115.844
16730,36854.969
16740,36921.398
16750,36583.047
16760,36882.570
16770,36486.098
16780,37200.074
16790,37405.078
16800,37376.684
16810,37461.516
16820,36889.789
16830,36984.184
16840,36652.184
16850,36902.082
16860,36948.039
16870,37072.422
16880,37361.945
16890,37054.086
16900,37429.145
16910,36903.539
16920,36902.188
16930,36956.824
16940,36671.961
16950,36846.363
16960,36539.457
16970,37212.488
16980,37372.934
16990,37373.938
17000,37518.926
17010,36875.645
17020,36998.738
17030,37390.238
17040,37324.078
17050,37303.770
17060,36694.941
17070,36715.055
17080,36787.020
17090,36752.398
17100,36717.125
17110,36686.004
17120,36488.797
17130,36797.031
17140,36931.395
17150,36970.324
17160,36999.086
17170,36503.242
17180,36876.664
17190,37002.309
17200,37066.836
17210,37085.199
17220,37088.824
17230,36845.941
17240,37064.746
17250,37123.965
17260,37152.188
17270,37015.258
17280,36520.484
17290,36816.918
17300,36950.699
17310,36992.125
17320,37011.184
17330,36630.035
17340,37155.402
17350,37420.461
17360,37379.254
17370,37563.230
17380,37208.492
17390,37514.031
17400,37538.125
17410,37802.715
17420,37849.957
17430,37574.508
17440,37695.359
17450,37484.328
17460,37683.598
17470,36911.098
17480,37059.813
17490,37035.930
17500,36814.191
17510,37023.973
17520,36627.582
17530,36943.418
17540,36888.238
17550,36846.949
17560,36992.211
17570,36956.328
17580,36916.719
17590,37434.207
17600,37426.547
17610,37454.207
17620,37153.914
17630,37441.438
17640,37495.863
17650,36869.645
17660,37059.246
17670,36534.867
17680,36893.125
17690,36967.605
17700,36671.461
17710,36882.984
17720,36525.535
17730,36885.738
17740,36719.086
17750,37068.473
17760,37041.594
17770,36882.520
17780,37347.160
17790,37388.094
17800,37214.715
17810,37130.605
17820,36990.586
17830,36703.641
17840,36817.098
17850,36787.137
17860,36719.559
17870,36685.082
17880,36364.832
17890,36767.441
17900,36934.867
17910,36975.426
17920,37012.695
17930,36681.840
17940,36831.160
17950,36994.953
17960,37061.684
17970,37075.926
17980,37112.945
17990,36778.551
18000,37029.473
18010,37119.086
18020,37162.793
18030,37069.922
18040,36436.664
18050,36789.348
18060,36940.020
18070,36983.719
18080,37014.059
18090,36942.742
18100,37068.551
18110,37403.621
18120,37333.734
18130,37556.969
18140,37120.141
18150,37482.676
18160,37577.586
18170,37564.695
18180,37689.000
18190,37348.680
18200,37510.883
18210,37250.547
18220,37483.383
18230,37100.813
18240,37343.676
18250,37432.043
18260,37338.594
18270,37478.344
18280,36728.000
18290,36922.379
18300,36804.117
18310,36759.738
18320,36858.852
18330,36534.645
18340,36824.508
18350,36407.688
18360,36776.047
18370,36880.770
18380,36968.668
18390,36893.996
18400,37194.703
18410,37045.324
18420,37112.781
18430,36722.676
18440,36924.641
18450,36500.051
18460,36915.094
18470,37099.754
18480,36889.223
18490,37063.559
18500,36866.891
18510,37136.086
18520,37405.332
18530,36772.848
18540,37073.578
18550,37054.648
18560,36993.887
18570,36899.934
18580,36544.078
18590,36831.898
18600,37067.633
18610,37128.309
18620,37152.445
18630,37166.563
18640,36860.070
18650,37117.063
18660,37234.094
18670,37275.254
18680,37282.078
18690,36722.352
18700,37015.605
18710,37114.945
18720,37164.160
18730,37170.914
18740,36964.922
18750,36701.316
18760,36906.941
18770,36969.547
18780,37006.930
18790,36979.039
18800,36797.816
18810,37297.297
18820,37156.266
18830,37478.297
18840,37598.648
18850,37362.195
18860,37573.047
18870,37426.801
18880,37645.801
18890,37186.344
18900,37510.918
18910,37489.445
18920,37445.309
18930,37530.813
18940,36931.809
18950,36968.051
18960,36433.109
18970,36801.160
18980,36888.988
18990,36677.262
19000,36872.766
19010,36510.598
19020,36811.680
19030,36507.145
19040,37104.809
19050,37215.422
19060,37074.891
19070,37102.898
19080,37445.594
19090,36948.871
19100,36911.762
19110,36475.348
19120,36792.582
19130,36534.965
19140,36740.898
19150,36922.535
19160,36671.891
19170,36859.574
19180,36541.559
19190,37158.207
19200,37316.785
19210,37188.520
19220,37238.379
19230,37096.301
19240,36776.309
19250,36819.094
19260,36808.332
19270,36731.027
19280,36715.105
19290,36368.359
19300,36791.027
19310,36927.660
19320,36995.867
19330,37007.469
19340,36680.820
19350,36828.355
19360,37017.438
19370,37075.473
19380,37103.973
19390,37124.047
19400,37034.828
19410,37225.844
19420,37316.582
19430,37338.391
19440,37267.785
19450,36613.754
19460,36979.555
19470,37092.645
19480,37167.301
19490,37183.441
19500,37143.121
19510,37226.129
19520,37578.668
19530,37489.164
19540,37735.355
19550,37279.695
19560,37675.672
19570,37759.121
19580,37757.941
19590,37853.406
19600,37547.801
19610,37703.070
19620,37450.645
19630,37673.168
19640,37309.922
19650,37046.172
19660,37101.836
19670,36757.094
19680,37034.398
19690,36540.707
19700,36818.953
19710,36895.516
19720,36643.695
19730,36819.922
19740,36417.977
19750,36795.723
19760,36734.832
19770,37066.922
19780,37028.816
19790,36893.367
19800,37339.988
19810,37341.352
19820,36852.363
19830,36857.402
19840,36353.613
19850,36718.250
19860,36845.027
19870,36656.359
19880,36892.750
19890,36560.715
19900,36877.473
19910,36528.879
19920,36732.840
19930,36861.406
19940,36902.051
19950,37041.980
19960,37009.273
19970,37350.074
19980,37300.664
19990,36508.516
20000,36767.793
20010,36767.723
20020,36740.020
20030,36690.230
20040,36652.234
20050,36533.762
20060,36824.121
20070,36927.945
20080,36962.645
20090,36977.539
20100,36598.121
20110,36882.906
20120,37004.738
20130,37045.387
20140,37081.016
20150,36734.617
20160,36901.859
20170,37065.125
20180,37135.969
20190,37151.758
20200,37004.965
20210,36902.457
20220,37338.160
20230,37216.809
20240,37501.004
20250,37178.008
20260,37417.230
20270,37562.922
20280,37493.840
20290,37640.148
20300,37287.750
20310,37550.180
20320,37249.988
20330,37520.703
20340,37583.625
20350,36897.613
20360,36948.215
20370,36629.371
20380,36876.656
20390,36571.242
20400,36965.066
20410,37043.688
20420,36756.207
20430,36965.859
20440,36501.844
20450,36899.344
20460,36996.664
20470,37150.684
20480,37289.277
20490,37072.461
20500,37514.793
20510,37499.875
20520,36854.078
20530,36938.824
20540,36467.402
20550,36827.137
20560,37003.973
20570,36758.262
20580,37022.914
20590,36653.551
20600,37020.320
20610,36833.738
20620,36815.699
20630,36984.914
20640,36961.664
20650,37114.047
20660,37373.625
20670,37482.305
20680,37266.801
20690,36706.613
20700,36637.641
20710,36737.992
20720,36748.625
20730,36706.270
20740,36696.223
20750,36417.805
20760,36792.027
20770,36919.426
20780,36986.387
20790,36998.566
20800,36553.953
20810,36853.344
20820,37017.836
20830,37058.156
20840,37090.461
20850,37090.141
20860,36812.242
20870,37033.949
20880,37124.176
20890,37148.809
20900,37071.625
20910,36694.656
20920,37273.184
20930,37167.109
20940,37354.574
20950,37551.457
20960,36847.418
20970,37016.891
20980,36595.996
20990,36945.637
21000,37073.605
21010,36771.695
21020,36952.543
21030,36553.891
21040,36909.723
21050,36810.531
21060,36750.313
21070,36826.363
21080,36807.750
21090,36992.945
21100,37232.418
21110,37322.344
21120,37162.055
21130,36925.680
21140,37254.883
21150,37295.676
21160,36702.906
21170,36851.641
21180,36357.488
21190,36704.527
21200,36860.863
21210,36625.367
21220,36879.168
21230,36507.469
21240,36876.246
21250,36699.613
21260,36689.195
21270,36845.023
21280,36807.293
21290,36977.488
21300,37209.262
21310,37312.875
21320,37122.375
21330,36877.031
21340,37238.777
21350,37315.980
21360,36600.066
21370,36832.793
21380,36820.199
21390,36745.461
21400,36947.316
21410,36550.859
21420,36828.875
21430,37046.688
21440,37142.289
21450,37157.902
21460,37186.344
21470,36863.602
21480,37112.664
21490,37201.871
21500,37263.258
21510,37272.344
21520,36772.789
21530,37117.211
21540,37266.477
21550,37315.582
21560,37359.875
21570,37129.441
21580,37220.523
21590,37547.656
21600,37485.785
21610,37704.789
21620,37248.477
21630,37629.574
21640,37734.410
21650,37720.863
21660,37865.035
21670,37125.191
21680,37229.898
21690,36681.973
21700,36959.820
21710,37010.227
21720,36762.590
21730,36855.484
21740,36433.430
21750,36787.695
21760,36740.016
21770,36702.223
21780,36862.992
21790,36802.773
21800,36761.570
21810,37284.453
21820,37260.305
21830,37253.492
21840,36926.590
21850,37215.094
21860,37286.961
21870,36666.648
21880,36849.977
21890,36338.328
21900,36717.707
21910,36861.750
21920,36637.211
21930,36881.316
21940,36532.258
21950,36887.863
21960,36725.730
21970,36699.785
21980,36874.789
21990,36834.949
22000,36779.688
22010,37301.293
22020,36917.434
22030,36944.383
22040,36535.906
22050,36760.246
22060,36484.762
22070,36697.941
22080,36914.223
22090,36660.574
22100,36904.859
22110,36424.008
22120,36797.277
22130,36822.266
22140,37009.496
22150,37346.566
22160,37254.023
22170,37463.176
22180,37008.484
22190,37382.668
22200,37404.926
22210,37400.719
22220,37519.703
22230,36788.703
22240,36957.223
22250,36480.289
22260,36799.754
22270,36837.590
22280,36942.520
22290,37312.887
22300,37214.016
22310,37442.680
22320,36898.633
22330,36940.586
22340,36923.887
22350,36648.090
22360,36862.367
22370,36659.563
22380,37271.438
22390,37135.434
22400,37531.207
22410,37611.332
22420,36925.551
22430,37084.453
22440,36640.195
22450,36957.348
22460,37064.410
22470,37129.777
22480,37467.348
22490,37145.871
22500,37559.105
22510,37250.789
22520,37024.922
22530,37090.313
22540,36751.066
22550,36990.996
22560,36587.191
22570,37325.551
22580,37577.820
22590,37388.629
22600,37621.594
22610,37088.234
22620,37240.207
22630,37498.445
22640,37377.305
22650,37172.539
22660,37134.129
22670,36725.938
22680,36917.000
22690,36879.527
22700,36764.160
22710,36718.633
22720,36703.754
22730,36691.289
22740,36686.973
22750,36694.984
22760,36705.723
22770,36698.672
22780,36707.242
22790,36700.246
22800,36708.180
22810,36698.047
22820,36705.832
22830,36710.242
22840,36697.188
22850,36687.555
22860,36690.918
22870,36285.770
22880,36744.621
22890,36908.926
22900,36988.125
22910,37007.203
22920,37016.355
22930,36994.105
22940,37012.441
22950,37029.957
22960,37038.539
22970,37024.863
22980,37031.707
22990,37019.246
23000,37041.961
23010,37028.488
23020,37036.672
23030,37041.707
23040,37049.559
23050,37033.973
23060,37036.789
23070,36857.363
23080,36798.320
23090,36977.551
23100,37065.949
23110,37086.352
23120,37114.340
23130,37094.926
23140,37105.281
23150,37096.684
23160,37116.934
23170,37099.098
23180,37119.359
23190,37121.973
23200,37135.344
23210,37115.258
23220,37126.012
23230,37124.113
23240,37140.625
23250,37127.262
23260,37131.016
23270,37139.781
23280,36769.758
23290,37022.328
23300,37138.727
23310,37164.320
23320,37182.293
23330,37170.379
23340,37185.902
23350,37179.039
23360,37207.113
23370,37179.922
23380,37191.523
23390,37192.945
23400,37411.836
23410,37379.648
23420,37372.270
23430,37363.152
23440,37371.570
23450,37371.188
23460,37366.543
23470,37297.461
23480,36660.621
23490,36950.133
23500,37103.363
23510,37155.449
23520,37188.867
23530,37177.676
23540,37189.547
23550,37191.027
23560,37225.707
23570,37217.043
23580,37222.770
23590,37213.223
23600,37219.406
23610,37202.633
23620,37186.289
23630,37180.570
23640,37196.926
23650,37200.348
23660,37214.074
23670,37202.648
23680,37162.254
23690,37098.934
23700,37411.480
23710,37507.238
23720,37568.086
23730,37597.586
23740,37376.824
23750,37573.012
23760,37645.223
23770,37664.289
23780,37700.805
23790,37153.109
23800,37572.441
23810,37690.340
23820,37765.664
23830,37774.039
23840,37790.703
23850,37510.641
23860,37750.836
23870,37808.730
23880,37813.016
23890,37753.059
23900,37097.367
23910,37150.660
23920,37177.938
23930,37188.375
23940,37202.938
23950,36784.332
23960,36930.703
23970,37077.383
23980,37164.656
23990,37201.727
24000,37182.723
24010,36927.121
24020,37078.668
24030,37133.285
24040,37157.398
24050,37133.371
24060,36661.984
24070,36976.066
24080,37100.711
24090,37078.902
24100,37098.672
24110,36867.840
24120,36795.094
24130,36971.188
24140,37043.691
24150,37062.004
24160,37047.551
24170,36916.305
24180,37379.145
24190,37236.758
24200,37582.730
24210,37499.781
24220,37476.859
24230,37658.805
24240,37412.961
24250,37683.301
24260,37262.590
24270,37591.160
24280,37613.766
24290,37507.773
24300,37560.605
24310,36918.539
24320,36939.672
24330,36896.293
24340,36884.047
24350,36813.688
24360,36326.418
24370,36721.383
24380,36849.035
24390,36898.258
24400,37161.719
24410,37105.121
24420,36955.266
24430,37087.520
24440,37152.164
24450,37168.508
24460,37194.309
24470,36836.988
24480,37106.293
24490,37186.297
24500,37256.297
24510,37217.609
24520,36616.031
24530,36927.762
24540,37085.590
24550,37135.477
24560,37183.809
24570,37135.016
24580,37158.934
24590,37520.422
24600,37444.535
24610,37695.914
24620,37206.305
24630,37619.238
24640,37791.188
24650,37589.027
24660,37824.801
24670,37465.117
24680,37690.461
24690,37308.895
24700,37521.781
24710,37527.520
24720,36724.227
24730,36858.105
24740,36877.855
24750,36873.004
24760,36820.875
24770,36792.332
24780,36745.262
24790,36708.055
24800,36724.973
24810,36699.406
24820,36688.789
24830,36691.918
24840,36702.949
24850,36693.215
24860,36707.273
24870,36700.891
24880,36713.199
24890,36697.426
24900,36709.375
24910,36695.473
24920,36255.684
24930,36736.766
24940,36914.461
24950,36969.371
24960,37013.551
24970,37027.164
24980,37045.773
24990,37047.480
25000,37064.234
25010,37046.902
25020,37050.273
25030,37049.746
25040,37057.844
25050,37052.727
25060,37060.773
25070,37049.672
25080,37066.266
25090,37054.512
25100,37050.578
25110,37039.625
25120,37035.270
25130,36798.305
25140,37022.680
25150,37082.750
25160,37117.813
25170,37125.617
25180,37122.719
25190,37104.953
25200,37131.715
25210,37121.527
25220,37142.113
25230,37130.707
25240,37141.414
25250,37126.984
25260,37134.047
25270,37130.371
25280,37136.266
25290,37135.699
25300,37139.324
25310,37119.301
25320,37127.930
25330,36701.438
25340,37005.551
25350,37107.059
25360,37154.219
25370,37164.336
25380,37182.816
25390,37182.453
25400,37410.074
25410,37374.445
25420,37356.324
25430,37337.781
25440,37350.789
25450,37347.629
25460,37347.848
25470,37342.434
25480,37353.070
25490,37345.539
25500,37371.320
25510,37357.043
25520,37309.035
25530,36783.617
25540,36915.133
25550,37078.785
25560,37160.059
25570,37178.945
25580,37198.496
25590,37188.910
25600,37209.723
25610,37204.652
25620,37202.781
25630,37212.180
25640,37214.719
25650,37213.066
25660,37245.566
25670,37235.961
25680,37229.602
25690,37172.055
25700,37106.930
25710,37055.047
25720,37060.324
25730,36995.789
25740,36945.500
25750,37356.184
25760,37529.793
25770,37570.625
25780,37607.355
25790,37123.961
25800,37499.715
25810,37611.629
25820,37667.438
25830,37682.316
25840,37535.934
25850,37502.535
25860,37699.477
25870,37760.664
25880,37798.262
25890,37800.129
25900,37474.820
25910,37727.598
25920,37828.871
25930,37831.449
25940,37820.035
25950,37095.953
25960,37188.164
25970,37201.578
25980,37222.828
25990,37210.574
26000,37169.301
26010,36904.063
26020,37090.391
26030,37149.418
26040,37201.281
26050,37168.535
26060,36876.602
26070,37067.699
26080,37154.527
26090,37172.742
26100,37189.895
26110,36639.637
26120,36941.973
26130,37087.000
26140,37104.977
26150,37091.699
26160,37061.980
26170,37073.691
26180,37470.445
26190,37165.023
26200,37561.633
26210,37272.848
26220,37519.027
26230,37679.148
26240,37604.895
26250,37757.430
26260,37569.055
26270,37698.531
26280,37183.113
26290,37560.363
26300,37679.961
26310,37020.645
26320,37106.805
26330,37088.512
26340,37030.734
26350,36942.664
26360,36483.992
26370,36780.750
26380,36898.863
26390,36933.758
26400,37194.539
26410,37000.332
26420,36924.488
26430,37093.477
26440,37179.586
26450,37200.430
26460,37214.957
26470,36845.402
26480,37121.391
26490,37207.922
26500,37275.805
26510,37254.766
26520,36738.465
26530,37392.637
26540,37585.195
26550,37396.887
26560,37659.910
26570,37306.746
26580,37642.203
26590,37426.926
26600,37744.090
26610,37781.285
26620,37660.398
26630,37737.746
26640,37402.086
26650,37658.395
26660,36968.320
26670,37041.441
26680,37081.004
26690,37013.258
26700,36910.980
26710,36832.914
26720,36796.223
26730,36729.699
26740,36716.055
26750,36695.137
26760,36688.988
26770,36689.273
26780,36707.844
26790,36717.082
26800,36719.516
26810,36716.496
26820,36730.340
26830,36724.691
26840,36710.445
26850,36707.418
26860,36714.102
26870,36618.031
26880,36887.734
26890,36980.297
26900,37036.953
26910,37031.969
26920,37045.930
26930,37050.563
26940,37059.883
26950,37066.656
26960,37048.570
26970,37042.340
26980,37054.395
26990,37059.574
27000,37068.449
27010,37070.676
27020,37070.887
27030,37075.746
27040,37080.660
27050,37062.871
27060,37075.016
27070,36608.977
27080,36938.715
27090,37060.184
27100,37118.691
27110,37135.727
27120,37130.535
27130,37133.473
27140,37148.773
27150,37150.750
27160,37149.418
27170,37152.836
27180,37148.828
27190,37154.363
27200,37150.523
27210,37140.371
27220,37149.113
27230,37164.719
27240,37166.313
27250,37159.773
27260,37167.832
27270,37003.125
27280,36925.105
27290,37101.992
27300,37189.598
27310,37211.719
27320,37231.465
27330,37218.723
27340,37226.516
27350,37230.230
27360,37242.500
27370,37230.625
27380,37230.914
27390,37241.922
27400,37476.031
27410,37430.863
27420,37416.586
27430,37415.867
27440,37417.969
27450,37407.207
27460,37418.473
27470,37304.637
27480,36839.934
27490,37069.758
27500,37187.516
27510,37206.977
27520,37225.934
27530,37213.203
27540,37220.316
27550,37218.820
27560,37249.875
27570,37225.277
27580,37245.652
27590,37237.270
27600,37246.270
27610,37223.039
27620,37233.211
27630,37244.938
27640,37263.613
27650,37260.289
27660,37258.066
27670,37226.840
27680,36681.445
27690,36930.508
27700,37009.418
27710,36751.918
27720,36995.734
27730,36636.469
27740,37012.617
27750,36976.430
27760,36978.945
27770,37134.469
27780,36815.398
27790,37072.637
27800,36707.738
27810,37419.184
27820,37654.316
27830,37461.742
27840,37701.648
27850,37348.711
27860,37691.816
27870,37413.707
27880,37651.395
27890,37687.980
27900,37598.355
27910,37693.160
27920,37364.023
27930,37632.223
27940,36910.199
27950,37070.664
27960,37130.531
27970,36844.664
27980,37032.461
27990,36827.055
28000,37423.188
28010,37262.965
28020,37434.441
28030,37594.363
28040,36909.035
28050,37067.566
28060,36628.336
28070,36942.328
28080,37018.816
28090,37054.629
28100,37414.949
28110,37085.395
28120,37463.520
28130,37157.672
28140,36926.332
28150,37003.063
28160,36683.871
28170,36888.102
28180,36485.953
28190,37190.156
28200,37406.113
28210,37196.113
28220,37427.906
28230,36694.758
28240,36902.070
28250,36763.398
28260,36740.145
28270,36883.539
28280,36832.492
28290,37231.680
28300,36843.512
28310,37327.090
28320,37463.637
28330,37146.789
28340,37428.773
28350,37499.840
28360,37531.840
28370,37424.293
28380,37234.328
28390,37429.367
28400,37743.738
28410,37717.535
28420,37712.633
28430,37175.098
28440,37578.734
28450,37719.066
28460,37775.457
28470,37793.906
28480,37818.602
28490,37553.383
28500,37799.281
28510,37861.902
28520,37887.188
28530,37802.930
28540,37507.734
28550,37696.668
28560,37772.438
28570,37787.082
28580,37811.609
28590,37454.418
28600,37691.910
28610,37768.320
28620,37802.891
28630,37809.508
28640,37596.566
28650,37055.344
28660,37192.156
28670,37239.039
28680,37266.488
28690,37146.883
28700,36774.906
28710,36948.324
28720,37020.293
28730,37035.910
28740,37044.641
28750,36505.668
28760,36822.246
28770,36957.094
28780,37019.617
28790,37026.758
28800,37000.660
28810,36681.875
28820,36903.801
28830,36977.645
28840,37030.355
28850,36994.188
28860,36689.387
28870,37267.105
28880,37197.703
28890,37471.430
28900,37635.156
28910,37350.539
28920,37581.414
28930,37440.754
28940,37676.969
28950,37151.965
28960,37530.266
28970,37611.762
28980,37497.094
28990,37605.234
29000,37011.996
29010,37053.547
29020,36965.676
29030,36929.316
29040,36868.953
29050,36357.715
29060,36746.863
29070,36876.215
29080,36933.617
29090,36942.535
29100,36983.043
29110,36678.805
29120,36902.059
29130,36987.461
29140,37025.648
29150,37037.234
29160,36580.223
29170,36909.117
29180,37042.566
29190,37085.715
29200,37112.582
29210,36791.164
29220,37120.922
29230,37439.234
29240,37390.699
29250,37594.125
29260,37182.887
29270,37524.305
29280,37382.023
29290,37621.852
29300,37736.227
29310,37435.598
29320,37613.531
29330,37398.527
29340,37629.383
29350,37036.730
29360,36916.035
29370,36923.406
29380,36907.797
29390,36864.324
29400,37071.973
29410,37004.879
29420,36921.363
29430,36893.664
29440,36900.539
29450,36878.020
29460,36875.875
29470,36866.789
29480,36879.613
29490,36863.430
29500,36873.141
29510,36879.465
29520,36888.273
29530,36857.883
29540,36866.844
29550,36861.344
29560,36626.355
29570,36989.840
29580,37145.891
29590,37172.629
29600,37212.875
29610,37202.824
29620,37208.285
29630,37208.473
29640,37223.363
29650,37208.340
29660,37237.102
29670,37237.078
29680,37240.625
29690,37168.621
29700,37105.016
29710,37081.617
29720,37078.105
29730,37065.527
29740,37060.129
29750,37054.453
29760,36565.414
29770,36881.434
29780,37037.543
29790,37083.406
29800,37113.230
29810,37113.172
29820,37129.363
29830,37122.031
29840,37141.094
29850,37133.301
29860,37142.262
29870,37136.742
29880,37146.820
29890,37135.957
29900,37138.523
29910,37131.613
29920,37141.891
29930,37144.801
29940,37141.371
29950,37132.105
29960,37139.887
29970,36836.813
29980,37067.980
29990,37141.543
30000,37186.637
30010,37200.156
30020,37206.914
30030,37213.820
30040,37224.965
30050,37219.742
30060,37219.043
30070,37204.313
30080,37228.387
30090,37229.039
30100,37241.602
30110,37239.125
30120,37250.660
30130,37245.637
30140,37239.328
30150,37230.152
30160,37111.992
30170,36526.543
30180,36846.309
30190,36962.242
30200,37017.707
30210,37035.457
30220,37043.543
30230,37047.523
30240,37053.023
30250,37050.941
30260,37054.797
30270,37051.383
30280,37051.938
30290,37064.578
30300,37082.098
30310,37064.246
30320,37064.723
30330,37062.441
30340,37062.227
30350,37044.430
30360,37049.738
30370,36830.473
30380,37123.949
30390,37422.410
30400,37774.004
30410,37761.211
30420,37758.855
30430,37582.277
30440,37766.605
30450,37823.148
30460,37850.199
30470,37848.605
30480,37405.219
30490,37732.598
30500,37888.055
30510,37934.207
30520,37949.824
30530,37656.840
30540,37865.809
30550,37981.848
30560,38031.668
30570,37996.789
30580,37945.281
30590,37620.277
30600,37850.969
30610,37932.930
30620,37962.547
30630,37953.230
30640,37688.840
30650,37866.250
30660,37950.406
30670,37974.637
30680,37986.539
30690,37256.254
30700,37146.141
30710,37196.227
30720,37230.313
30730,37230.355
30740,37209.820
30750,36971.445
30760,37138.453
30770,37141.188
30780,37088.215
30790,37032.906
30800,36546.438
30810,36848.348
30820,36977.922
30830,37016.273
30840,37046.203
30850,36817.109
30860,36749.664
30870,36921.195
30880,36997.914
30890,37018.066
30900,37010.129
30910,36879.855
30920,37344.570
30930,37194.801
30940,37526.160
30950,37446.176
30960,37415.801
30970,37610.734
30980,37462.914
30990,37618.254
31000,37190.695
31010,37477.426
31020,37241.453
31030,37449.051
31040,37524.539
31050,36930.664
31060,36958.926
31070,36916.281
31080,36914.047
31090,36839.039
31100,36414.219
31110,36765.711
31120,36899.023
31130,36937.844
31140,36960.176
31150,36788.461
31160,36736.094
31170,36918.211
31180,37007.711
31190,37041.648
31200,37057.270
31210,36687.680
31220,36960.363
31230,37060.469
31240,37110.797
31250,37068.523
31260,36532.117
31270,37215.816
31280,37475.988
31290,37444.426
31300,37626.441
31310,37287.320
31320,37568.762
31330,37368.836
31340,37662.617
31350,37534.996
31360,37485.984
31370,37613.430
31380,37457.008
31390,37609.426
31400,36935.379
31410,37129.797
31420,37088.941
31430,37056.164
31440,37011.555
31450,36968.406
31460,36947.996
31470,36894.125
31480,36882.160
31490,36863.016
31500,36866.789
31510,36867.852
31520,36881.832
31530,36876.801
31540,36876.363
31550,36882.418
31560,36901.074
31570,36886.863
31580,36895.641
31590,36878.711
31600,36882.758
31610,36713.262
31620,37015.941
31630,37138.359
31640,37182.277
31650,37209.156
31660,37231.754
31670,37243.496
31680,37248.465
31690,37197.348
31700,37120.867
31710,37086.652
31720,37082.613
31730,37086.496
31740,37073.441
31750,37064.430
31760,37058.551
31770,37065.063
31780,37042.703
31790,37046.379
31800,37054.238
31810,36610.031
31820,36925.012
31830,37053.230
31840,37105.094
31850,37127.676
31860,37135.871
31870,37118.328
31880,37140.402
31890,37154.379
31900,37143.453
31910,37136.680
31920,37132.789
31930,37136.176
31940,37134.113
31950,37122.320
31960,37135.176
31970,37147.184
31980,37151.102
31990,37145.203
32000,37153.223
32010,36972.512
32020,36904.141
32030,37096.609
32040,37159.652
32050,37192.473
32060,37198.344
32070,37206.559
32080,37200.750
32090,37220.504
32100,37215.113
32110,37209.559
32120,37202.621
32130,37208.898
32140,37215.078
32150,37223.816
32160,37230.348
32170,37230.250
32180,37237.242
32190,37235.320
32200,37229.145
32210,37232.234
32220,36866.270
32230,37142.027
32240,37237.102
32250,37270.969
32260,37274.230
32270,37284.555
32280,37279.457
32290,37285.332
32300,37292.902
32310,37303.238
32320,37260.445
32330,37262.699
32340,37266.430
32350,37260.012
32360,37251.574
32370,37235.203
32380,37249.293
32390,37261.207
32400,37477.406
32410,37420.695
32420,36934.008
32430,37653.199
32440,37917.938
32450,38009.832
32460,38052.348
32470,38079.840
32480,37944.742
32490,38087.563
32500,38149.367
32510,38169.098
32520,38161.980
32530,37817.605
32540,38089.676
32550,38210.043
32560,38259.742
32570,38267.129
32580,37975.094
32590,38228.125
32600,38322.453
32610,38365.270
32620,38361.273
32630,38147.094
32640,38067.359
32650,38254.340
32660,38329.094
32670,38347.984
32680,38320.289
32690,38053.965
32700,38134.359
32710,38171.762
32720,38190.098
32730,38180.344
32740,37303.340
32750,37497.598
32760,37572.422
32770,37613.254
32780,37625.316
32790,37558.555
32800,37304.406
32810,37488.664
32820,37525.867
32830,37515.559
32840,37470.074
32850,37039.559
32860,37342.539
32870,37461.512
32880,37488.840
32890,37482.590
32900,37112.418
32910,37253.863
32920,37397.551
32930,37468.168
32940,37490.109
32950,37463.676
32960,37109.063
32970,37346.207
32980,37430.563
32990,37467.453
33000,37460.297
33010,37086.605
33020,37646.941
33030,37701.336
33040,37557.637
33050,37779.613
33060,37445.344
33070,37731.293
33080,37544.000
33090,37843.898
33100,37722.230
33110,37673.867
33120,37806.449
33130,37658.133
33140,37812.527
33150,37021.371
33160,37204.852
33170,37197.422
33180,37180.215
33190,37151.418
33200,37104.422
33210,36930.250
33220,37124.043
33230,37202.527
33240,37225.270
33250,37244.848
33260,36858.133
33270,37152.555
33280,37267.875
33290,37316.934
33300,37348.746
33310,37003.000
33320,37151.746
33330,37320.137
33340,37383.074
33350,37411.203
33360,37279.988
33370,36932.074
33380,37177.164
33390,36779.285
33400,37398.547
33410,37491.402
33420,37253.461
33430,37462.695
33440,37117.984
33450,37442.633
33460,37180.867
33470,37330.313
33480,37438.406
33490,37456.309
33500,37890.313
33510,37525.762
33520,37850.762
33530,37731.020
33540,37755.570
33550,37938.934
33560,37820.859
33570,38003.820
33580,37570.547
33590,37927.953
33600,37662.852
33610,37916.754
33620,37988.273
33630,37293.891
33640,37421.762
33650,36953.398
33660,37314.188
33670,37339.203
33680,37506.703
33690,37794.379
33700,37440.988
33710,37754.848
33720,37208.797
33730,37206.855
33740,37206.176
33750,36926.227
33760,37163.508
33770,36897.539
33780,37541.781
33790,37685.645
33800,37592.773
33810,37739.984
33820,37027.180
33830,37242.227
33840,36922.723
33850,37087.344
33860,37217.000
33870,37239.832
33880,37610.648
33890,37242.449
33900,37683.488
33910,37631.160
33920,37160.379
33930,37259.586
33940,36885.070
33950,37168.840
33960,36825.633
33970,37444.016
33980,37695.969
33990,37486.641
34000,37741.715
34010,37020.379
34020,37216.980
34030,37218.570
34040,37205.078
34050,37175.289
34060,37104.137
34070,37288.504
34080,37634.660
34090,37572.805
34100,37807.832
34110,37395.371
34120,37794.934
34130,37894.379
34140,37769.004
34150,37955.051
34160,37637.660
34170,37949.848
34180,37687.340
34190,37962.113
34200,37826.887
34210,37116.516
34220,37195.250
34230,37187.598
34240,37154.270
34250,37118.527
34260,37087.766
34270,37038.242
34280,37014.941
34290,37016.148
34300,37007.277
34310,37010.961
34320,36905.938
34330,36808.313
34340,36761.375
34350,36733.527
34360,36721.883
34370,36737.973
34380,36730.871
34390,36734.543
34400,36961.324
34410,36480.699
34420,36948.188
34430,37128.836
34440,37194.898
34450,37213.805
34460,37215.121
34470,37232.051
34480,37219.652
34490,37226.781
34500,37234.918
34510,37236.727
34520,37218.098
34530,37225.957
34540,37223.262
34550,37246.230
34560,37248.762
34570,37256.707
34580,37260.633
34590,37245.395
34600,37240.988
34610,37227.223
34620,36969.195
34630,37199.227
34640,37271.574
34650,37311.930
34660,37338.664
34670,37348.242
34680,37343.125
34690,37288.090
34700,37203.914
34710,37175.824
34720,37154.566
34730,37170.328
34740,37171.879
34750,37180.926
34760,37168.598
34770,37173.563
34780,37167.805
34790,37181.773
34800,37169.723
34810,37181.094
34820,36752.773
34830,37068.703
34840,37170.082
34850,37218.699
34860,37224.684
34870,37232.188
34880,37242.797
34890,37256.863
34900,37266.125
34910,37264.883
34920,37255.230
34930,37264.926
34940,37247.426
34950,37257.727
34960,37240.027
34970,37247.813
34980,37265.016
34990,37263.699
35000,37259.297
35010,37230.543
35020,36695.555
35030,37219.586
35040,37489.172
35050,37616.094
35060,37641.484
35070,37656.242
35080,37508.715
35090,37659.762
35100,37714.871
35110,37743.613
35120,37734.230
35130,37350.367
35140,37651.266
35150,37779.082
35160,37810.930
35170,37842.371
35180,37322.184
35190,37694.586
35200,37850.094
35210,37919.613
35220,37895.813
35230,37838.809
35240,37641.652
35250,37781.539
35260,37820.344
35270,37852.621
35280,37833.801
35290,37614.660
35300,37776.426
35310,37845.125
35320,37851.969
35330,37865.941
35340,36993.309
35350,37152.039
35360,37221.824
35370,37273.094
35380,37271.039
35390,37249.887
35400,37252.457
35410,37369.516
35420,37405.754
35430,37440.496
35440,37395.367
35450,36971.000
35460,37248.129
35470,37377.035
35480,37403.348
35490,37407.074
35500,37020.355
35510,37177.105
35520,37313.203
35530,37381.645
35540,37382.668
35550,37381.219
35560,37026.922
35570,37275.242
35580,37356.070
35590,37400.219
35600,37378.590
35610,37005.828
35620,37608.527
35630,37801.531
35640,37695.641
35650,37947.277
35660,37628.375
35670,37951.391
35680,37740.238
35690,37989.031
35700,37778.824
35710,37826.777
35720,37864.883
35730,37563.426
35740,37777.645
35750,37007.090
35760,37195.922
35770,37204.949
35780,37190.516
35790,37168.945
35800,37104.641
35810,36836.711
35820,36949.586
35830,36925.531
35840,36914.711
35850,36920.227
35860,36532.375
35870,36882.102
35880,37007.086
35890,37067.152
35900,37081.996
35910,36747.246
35920,36889.617
35930,37018.602
35940,37052.352
35950,37085.773
35960,37053.430
35970,36705.684
35980,36933.887
35990,37047.938
36000,37076.613
36010,37038.379
36020,36623.594
36030,37286.195
36040,37462.336
36050,37506.590
36060,37662.246
36070,37381.172
36080,37629.168
36090,37239.480
36100,37631.305
36110,37549.875
36120,37523.898
36130,37640.633
36140,37492.711
36150,37671.156
36160,36751.250
36170,36997.664
36180,36977.918
36190,36975.410
36200,36931.117
36210,36881.344
36220,36841.777
36230,36797.531
36240,36781.633
36250,36778.742
36260,36758.703
36270,36762.387
36280,36769.449
36290,36777.488
36300,36782.895
36310,36787.781
36320,36778.906
36330,36781.781
36340,36767.617
36350,36770.285
36360,36768.727
36370,36613.801
36380,36904.250
36390,37025.324
36400,37281.980
36410,37272.855
36420,37249.559
36430,37264.719
36440,37255.285
36450,37277.102
36460,37257.645
36470,37267.270
36480,37245.906
36490,37262.254
36500,37270.414
36510,37275.504
36520,37254.727
36530,37283.910
36540,37277.941
36550,37282.445
36560,37274.285
36570,36817.977
36580,37124.957
36590,37252.813
36600,37293.422
36610,37315.754
36620,37312.941
36630,37336.141
36640,37322.348
36650,37343.773
36660,37348.852
36670,37350.242
36680,37332.090
36690,37290.551
36700,37213.516
36710,37203.965
36720,37186.074
36730,37199.086
36740,37176.762
36750,37182.570
36760,37182.852
36770,37029.441
36780,36953.781
36790,37141.633
36800,37218.008
36810,37247.719
36820,37247.680
36830,37262.191
36840,37239.383
36850,37259.734
36860,37257.938
36870,37272.996
36880,37269.324
36890,37273.148
36900,37277.023
36910,37275.383
36920,37262.906
36930,37274.348
36940,37265.121
36950,37256.621
36960,37243.914
36970,37094.301
36980,36917.602
36990,37390.891
37000,37553.395
37010,37615.023
37020,37634.738
37030,37127.254
37040,37515.098
37050,37667.020
37060,37728.328
37070,37770.117
37080,37764.918
37090,37535.813
37100,37746.730
37110,37824.137
37120,37851.688
37130,37863.309
37140,37471.316
37150,37788.762
37160,37884.270
37170,37905.598
37180,37858.070
37190,37496.176
37200,37714.809
37210,37806.195
37220,37824.273
37230,37856.492
37240,37755.758
37250,37694.457
37260,37792.465
37270,37837.809
37280,37843.699
37290,37838.113
37300,37044.082
37310,37182.059
37320,37227.715
37330,37269.586
37340,37277.254
37350,36895.875
37360,37112.164
37370,37217.590
37380,37200.250
37390,37194.527
37400,37354.082
37410,37067.020
37420,37219.359
37430,37297.238
37440,37301.504
37450,37294.555
37460,36855.934
37470,37155.445
37480,37258.453
37490,37295.250
37500,37325.398
37510,36943.172
37520,37059.293
37530,37225.039
37540,37272.977
37550,37322.180
37560,37286.559
37570,37260.543
37580,37611.766
37590,37221.469
37600,37608.188
37610,37539.340
37620,37506.281
37630,37720.207
37640,37614.703
37650,37811.563
37660,37591.480
37670,37783.883
37680,37266.941
37690,37556.375
37700,37603.402
37710,37325.406
37720,37486.461
37730,37308.145
37740,37544.188
37750,36989.508
37760,37023.789
37770,37054.242
37780,37029.348
37790,36981.289
37800,36897.504
37810,36660.125
37820,36861.781
37830,36957.203
37840,36977.297
37850,37010.121
37860,36710.605
37870,36936.148
37880,37012.410
37890,37059.336
37900,37083.730
37910,36742.355
37920,36891.527
37930,37076.648
37940,37132.109
37950,37160.500
37960,37044.383
37970,36692.359
37980,36921.391
37990,37018.762
38000,37050.746
38010,37055.496
38020,36654.832
38030,37289.797
38040,37451.836
38050,37509.453
38060,37655.168
38070,37373.699
38080,37603.441
38090,37229.438
38100,37624.074
38110,37543.734
38120,37466.422
38130,37592.512
38140,37421.078
38150,37598.184
38160,37337.438
38170,37562.484
38180,37029.004
38190,37430.512
38200,37566.391
38210,36772.898
38220,36973.500
38230,37033.438
38240,37036.188
38250,36933.277
38260,36871.574
38270,36807.727
38280,36734.949
38290,36735.742
38300,36734.090
38310,36734.543
38320,36719.066
38330,36724.676
38340,36728.297
38350,36742.020
38360,36734.543
38370,36750.078
38380,36744.438
38390,36746.500
38400,36966.984
38410,36612.406
38420,36989.559
38430,37150.895
38440,37198.512
38450,37237.773
38460,37240.305
38470,37250.555
38480,37244.844
38490,37257.141
38500,37258.426
38510,37261.754
38520,37239.570
38530,37243.555
38540,37238.809
38550,37262.723
38560,37274.816
38570,37292.320
38580,37284.992
38590,37261.754
38600,37257.395
38610,37258.727
38620,36991.813
38630,37213.164
38640,37266.813
38650,37310.398
38660,37335.648
38670,37356.137
38680,37360.336
38690,37312.082
38700,37236.496
38710,37211.246
38720,37192.238
38730,37193.539
38740,37189.355
38750,37196.348
38760,37193.148
38770,37200.348
38780,37204.160
38790,37204.742
38800,37203.316
38810,37211.516
38820,36785.020
38830,37083.098
38840,37197.750
38850,37250.164
38860,37257.129
38870,37270.340
38880,37266.074
38890,37273.840
38900,37281.703
38910,37280.148
38920,37278.262
38930,37289.707
38940,37289.586
38950,37292.012
38960,37287.277
38970,37304.055
38980,37294.336
38990,37297.570
39000,37280.859
39010,37272.285
39020,36712.242
39030,36857.758
39040,36994.598
39050,36744.391
39060,37002.004
39070,36610.734
39080,37006.520
39090,37158.898
39100,36975.426
39110,37179.477
39120,36817.758
39130,37151.129
39140,36874.340
39150,37463.938
39160,37707.117
39170,37510.488
39180,37753.824
39190,37380.059
39200,37733.172
39210,37546.328
39220,37703.711
39230,37776.949
39240,37624.449
39250,37770.520
39260,37376.738
39270,37689.191
39280,37123.773
39290,37123.059
39300,37183.941
39310,36896.051
39320,37102.363
39330,36817.063
39340,37454.145
39350,37607.836
39360,37490.285
39370,37710.652
39380,36988.234
39390,37182.621
39400,37084.477
39410,37221.117
39420,37293.254
39430,37267.535
39440,37648.285
39450,37297.098
39460,37698.773
39470,37627.406
39480,37162.379
39490,37249.105
39500,36880.789
39510,37177.656
39520,36892.543
39530,37471.234
39540,37688.727
39550,37503.348
39560,37753.172
39570,37019.551
39580,37235.414
39590,37272.914
39600,37049.914
39610,37219.254
39620,37073.078
39630,37515.605
39640,37095.117
39650,37565.277
39660,37713.438
39670,37371.602
39680,37667.418
39690,37704.586
39700,37665.156
39710,37519.125
39720,37260.625
39730,37508.672
39740,37567.734
39750,37607.766
39760,37603.527
39770,37219.910
39780,37442.863
39790,37632.332
39800,37690.676
39810,37721.215
39820,37720.945
39830,37443.398
39840,37669.973
39850,37765.953
39860,37786.234
39870,37727.043
39880,37360.969
39890,37599.617
39900,37688.352
39910,37711.344
39920,37713.406
39930,37332.555
39940,37562.375
39950,37671.488
39960,37688.012
39970,37707.828
39980,37653.113
39990,36942.816
40000,37066.441
40010,37115.848
40020,37120.410
40030,37098.137
40040,36724.715
40050,36969.664
40060,37062.906
40070,37100.473
40080,37107.969
40090,36724.004
40100,36854.125
40110,37012.832
40120,37072.699
40130,37088.723
40140,37039.887
40150,36711.332
40160,36941.594
40170,37048.879
40180,37084.953
40190,37078.277
40200,36503.961
40210,36879.625
40220,37015.777
40230,37077.836
40240,37099.930
40250,37053.984
40260,37149.113
40270,37500.953
40280,37234.121
40290,37592.539
40300,37114.602
40310,37545.977
40320,37701.613
40330,37639.570
40340,37753.875
40350,37568.129
40360,37654.363
40370,37145.461
40380,37488.102
40390,37397.680
40400,37147.531
40410,37165.445
40420,37136.934
40430,37123.320
40440,37063.570
40450,36705.637
40460,37008.707
40470,37127.422
40480,37152.430
40490,37172.109
40500,36849.137
40510,36997.754
40520,37153.504
40530,37221.238
40540,37234.215
40550,37273.418
40560,36950.629
40570,37199.832
40580,37296.250
40590,37341.355
40600,37276.309
40610,36690.238
40620,37024.488
40630,37181.395
40640,37222.074
40650,37257.477
40660,37205.531
40670,37320.570
40680,37654.988
40690,37527.191
40700,37685.934
40710,37215.375
40720,37564.984
40730,37653.535
40740,37520.363
40750,37717.004
40760,37377.547
40770,37573.527
40780,37283.813
40790,37546.566
40800,37406.301
40810,36828.484
40820,36917.234
40830,36937.500
40840,36916.875
40850,36883.672
40860,36852.496
40870,36810.363
40880,36776.672
40890,36784.555
40900,36781.195
40910,36784.371
40920,36762.305
40930,36778.383
40940,36774.652
40950,36781.836
40960,36772.273
40970,36792.043
40980,36775.941
40990,36791.656
41000,36782.352
41010,36785.422
41020,36783.289
41030,36776.305
41040,36775.988
41050,36786.605
41060,36789.781
41070,36789.297
41080,36781.008
41090,36798.688
41100,36787.660
41110,36792.375
41120,36781.918
41130,36789.512
41140,36784.363
41150,36797.379
41160,36791.523
41170,36795.594
41180,36787.266
41190,36793.246
41200,36805.082
41210,36805.461
41220,36794.488
41230,36803.844
41240,36789.230
41250,36814.938
41260,36816.461
41270,36827.813
41280,36815.395
41290,36828.465
41300,36818.367
41310,36423.820
41320,36852.277
41330,37018.824
41340,37056.809
41350,37096.801
41360,37093.156
41370,37118.508
41380,37107.277
41390,37115.570
41400,37324.055
41410,37308.242
41420,37290.023
41430,37306.777
41440,37283.293
41450,37281.922
41460,37280.727
41470,37296.441
41480,37279.605
41490,37279.555
41500,37296.941
41510,37311.418
41520,37287.203
41530,37298.238
41540,37282.938
41550,37313.348
41560,37308.430
41570,37322.641
41580,37300.098
41590,37308.559
41600,37306.000
41610,37302.977
41620,37293.191
41630,37321.793
41640,37307.590
41650,37313.313
41660,37304.684
41670,37324.590
41680,37293.629
41690,37243.934
41700,37168.039
41710,37149.855
41720,37131.672
41730,37134.543
41740,37115.367
41750,37126.020
41760,37126.398
41770,37135.914
41780,37130.801
41790,37143.039
41800,37148.855
41810,36986.820
41820,36909.691
41830,37098.648
41840,37159.480
41850,37195.016
41860,37196.641
41870,37206.965
41880,37211.684
41890,37237.164
41900,37232.965
41910,37246.563
41920,37222.113
41930,37233.852
41940,37230.867
41950,37231.391
41960,37216.641
41970,37232.297
41980,37223.121
41990,37222.434
42000,37211.145
42010,37220.852
42020,37214.422
42030,37229.543
42040,37207.344
42050,37229.504
42060,37212.684
42070,37214.645
42080,37199.590
42090,37215.879
42100,37213.008
42110,37225.641
42120,37224.148
42130,37256.070
42140,37253.289
42150,37237.766
42160,37213.531
42170,37230.719
42180,37221.094
42190,37229.043
42200,37235.273
42210,37242.945
42220,37233.344
42230,37235.352
42240,37212.328
42250,37222.773
42260,37212.559
42270,37220.621
42280,37207.914
42290,37234.133
42300,37242.934
42310,37253.863
42320,36859.094
42330,37137.207
42340,37232.957
42350,37270.051
42360,37277.750
42370,37295.129
42380,37283.664
42390,37298.590
42400,37521.262
42410,37498.609
42420,37468.879
42430,37484.816
42440,37464.848
42450,37464.637
42460,37463.727
42470,37495.734
42480,37480.543
42490,37474.664
42500,37472.539
42510,37475.293
42520,37459.332
42530,37460.086
42540,37447.516
42550,37474.961
42560,37477.855
42570,37485.555
42580,37471.461
42590,37473.805
42600,37470.176
42610,37465.008
42620,37445.328
42630,37467.660
42640,37462.551
42650,37480.453
42660,37465.270
42670,37473.066
42680,37463.000
42690,37425.766
42700,37333.152
42710,37313.145
42720,37286.578
42730,37296.613
42740,37298.027
42750,37307.633
42760,37297.148
42770,37311.414
42780,37300.258
42790,37305.602
42800,37299.609
42810,37231.504
42820,36553.734
42830,36867.648
42840,37014.516
42850,37077.289
42860,37088.441
42870,37110.625
42880,37107.430
42890,37114.953
42900,37115.684
42910,37123.359
42920,37101.309
42930,37111.750
42940,37113.789
42950,37111.750
42960,37107.508
42970,37119.637
42980,37120.070
42990,37122.910
43000,37109.402
43010,37104.914
43020,37102.723
43030,37117.316
43040,37124.324
43050,37136.680
43060,37129.852
43070,37142.914
43080,37131.020
43090,37128.250
43100,37129.609
43110,37138.445
43120,37130.543
43130,37129.207
43140,37136.008
43150,37141.199
43160,37119.969
43170,37116.629
43180,37113.289
43190,37107.488
43200,37108.559
43210,37121.117
43220,37124.262
43230,37133.715
43240,37125.602
43250,37127.156
43260,37115.758
43270,37120.500
43280,37114.566
43290,37124.289
43300,37134.086
43310,37136.504
43320,37078.723
43330,37079.211
43340,37440.871
43350,37581.887
43360,37625.457
43370,37666.121
43380,37232.730
43390,37570.652
43400,37909.363
43410,37931.766
43420,37930.270
43430,37544.348
43440,37760.020
43450,37953.816
43460,38017.270
43470,38046.211
43480,38056.133
43490,37917.602
43500,38081.227
43510,38144.832
43520,38147.688
43530,38134.887
43540,37687.922
43550,37988.004
43560,38100.570
43570,38136.965
43580,38164.746
43590,37794.336
43600,38024.816
43610,38120.184
43620,38147.762
43630,38180.324
43640,38127.531
43650,37404.426
43660,37523.152
43670,37583.852
43680,37598.758
43690,37526.707
43700,37390.828
43710,37346.934
43720,37322.250
43730,37322.758
43740,37304.938
43750,37266.172
43760,37237.758
43770,37236.242
43780,37227.367
43790,37233.063
43800,37191.422
43810,37170.012
43820,37140.277
43830,37137.418
43840,37121.828
43850,36678.461
43860,36990.109
43870,37123.246
43880,37163.570
43890,37199.418
43900,37196.059
43910,37212.855
43920,37216.113
43930,37223.117
43940,37202.031
43950,37209.496
43960,37199.371
43970,37201.078
43980,37196.359
43990,37205.340
44000,37215.934
44010,37230.395
44020,37208.719
44030,37204.500
44040,37190.320
44050,37026.965
44060,36977.965
44070,37176.781
44080,37240.762
44090,37275.754
44100,37277.219
44110,37301.777
44120,37293.777
44130,37305.344
44140,37288.387
44150,37292.422
44160,37274.352
44170,37278.598
44180,37281.344
44190,37292.664
44200,37295.355
44210,37311.418
44220,37300.031
44230,37303.738
44240,37282.320
44250,37289.527
44260,36912.273
44270,37186.457
44280,37271.367
44290,37326.613
44300,37352.762
44310,37360.262
44320,37330.941
44330,37297.539
44340,37288.785
44350,37293.160
44360,37275.699
44370,37277.836
44380,37270.672
44390,37277.191
44400,37505.539
44410,37470.809
44420,37451.410
44430,37447.742
44440,37427.480
44450,37439.504
44460,36936.238
44470,37271.410
44480,37414.801
44490,37471.172
44500,37509.207
44510,37527.656
44520,37526.063
44530,37523.547
44540,37521.832
44550,37555.406
44560,37536.688
44570,37544.066
44580,37536.453
44590,37544.773
44600,37538.820
44610,37546.129
44620,37530.102
44630,37548.039
44640,37529.211
44650,37533.090
44660,37527.527
44670,37580.883
44680,37951.980
44690,37469.422
44700,37439.094
44710,37093.203
44720,37184.410
44730,37359.621
44740,37031.281
44750,37287.758
44760,36856.109
44770,37217.195
44780,37321.320
44790,37460.359
44800,37811.488
44810,37626.004
44820,37862.059
44830,37378.734
44840,37769.289
44850,37930.652
44860,37662.711
44870,37845.551
44880,37685.879
44890,37906.285
44900,37129.066
44910,37298.262
44920,37340.242
44930,37414.828
44940,37746.840
44950,37649.293
44960,37858.691
44970,37318.965
44980,37360.234
44990,37379.438
45000,37404.004
45010,37726.367
45020,37371.109
45030,37748.273
45040,37407.523
45050,37189.340
45060,37257.508
45070,37131.398
45080,37560.066
45090,37152.555
45100,37596.121
45110,37715.348
45120,37045.855
45130,37168.500
45140,36929.980
45150,37513.039
45160,37352.184
45170,37538.039
45180,37674.527
45190,37275.234
45200,37621.570
45210,37194.031
45220,37612.336
45230,37728.625
45240,37493.047
45250,37688.309
45260,37527.867
45270,37687.090
45280,36875.199
45290,37053.273
45300,37094.371
45310,37108.297
45320,37072.641
45330,37040.824
45340,37004.539
45350,36945.730
45360,36933.227
45370,36934.215
45380,36934.914
45390,36946.531
45400,37176.309
45410,37139.297
45420,37107.496
45430,37105.656
45440,37101.941
45450,37104.590
45460,37091.875
45470,37106.512
45480,37190.285
45490,37029.223
45500,37338.945
45510,37450.598
45520,37492.293
45530,37519.832
45540,37518.020
45550,37533.887
45560,37547.125
45570,37548.730
45580,37537.141
45590,37542.000
45600,37535.691
45610,37537.379
45620,37521.887
45630,37546.219
45640,37538.188
45650,37559.875
45660,37553.316
45670,37565.609
45680,37542.945
45690,37037.805
45700,37280.465
45710,37377.012
45720,37411.527
45730,37446.195
45740,37443.449
45750,37466.328
45760,37469.602
45770,37478.680
45780,37459.711
45790,37465.102
45800,37468.051
45810,37478.957
45820,37471.441
45830,37524.320
45840,37566.273
45850,37597.547
45860,37586.121
45870,37584.730
45880,37565.707
45890,37405.324
45900,37359.871
45910,37545.020
45920,37602.477
45930,37652.633
45940,37664.148
45950,37668.203
45960,37668.613
45970,37688.715
45980,37679.879
45990,37676.949
46000,37675.004
46010,37689.020
46020,37675.738
46030,37692.188
46040,37687.188
46050,37703.840
46060,37704.766
46070,37691.438
46080,37673.141
46090,37641.188
46100,37245.426
46110,37494.625
46120,37586.648
46130,37642.402
46140,37646.156
46150,37658.000
46160,37650.238
46170,37668.145
46180,37670.332
46190,37674.004
46200,37675.027
46210,37682.660
46220,37678.285
46230,37684.578
46240,37682.582
46250,37686.914
46260,37688.371
46270,37694.352
46280,37680.125
46290,37659.641
46300,37183.777
46310,37851.465
46320,38080.426
46330,38074.762
46340,38229.859
46350,37946.199
46360,38247.098
46370,37843.406
46380,38264.629
46390,38369.313
46400,38349.316
46410,38482.559
46420,38307.016
46430,38503.844
46440,37733.703
46450,37816.082
46460,37894.531
46470,37931.031
46480,37895.910
46490,37854.891
46500,37834.598
46510,37780.668
46520,37779.070
46530,37844.063
46540,37844.938
46550,37869.098
46560,37873.438
46570,37889.961
46580,37884.199
46590,37876.227
46600,37885.438
46610,37879.152
46620,37872.586
46630,37880.770
46640,37870.176
46650,37881.070
46660,37887.363
46670,37913.547
46680,37902.277
46690,37850.531
46700,37686.074
46710,37609.629
46720,37580.016
46730,37574.375
46740,37565.246
46750,37564.672
46760,37573.477
46770,37585.465
46780,37576.398
46790,37560.785
46800,37566.578
46810,37579.672
46820,37570.090
46830,37577.563
46840,37565.813
46850,37581.238
46860,37558.574
46870,37557.293
46880,37528.336
46890,37540.980
46900,37545.520
46910,37509.934
46920,37499.457
46930,37499.328
46940,37473.711
46950,37264.461
46960,37574.516
46970,37723.930
46980,37760.500
46990,37786.109
47000,37785.570
47010,37795.156
47020,37784.699
47030,37816.391
47040,37800.625
47050,37809.316
47060,37795.836
47070,37814.199
47080,37800.676
47090,37807.594
47100,37827.395
47110,37860.289
47120,37853.773
47130,37866.590
47140,37862.887
47150,37874.047
47160,37848.465
47170,37867.887
47180,37867.668
47190,37870.492
47200,37849.977
47210,37866.230
47220,37852.926
47230,37858.773
47240,37857.664
47250,37874.547
47260,37877.859
47270,37884.324
47280,37870.480
47290,37873.758
47300,37851.797
47310,37871.891
47320,37874.902
47330,37879.953
47340,37870.188
47350,37885.395
47360,37868.734
47370,37888.176
47380,37878.988
47390,37879.754
47400,38097.602
47410,38076.891
47420,38051.098
47430,38058.520
47440,38044.906
47450,37549.707
47460,37877.387
47470,38028.996
47480,38077.465
47490,38092.105
47500,38107.488
47510,38120.137
47520,38112.969
47530,38132.855
47540,38106.680
47550,38121.520
47560,38112.785
47570,38137.145
47580,38121.184
47590,38115.043
47600,38112.965
47610,38122.984
47620,38096.746
47630,38111.730
47640,38093.477
47650,38120.566
47660,38103.727
47670,38135.133
47680,38121.898
47690,38087.531
47700,38001.551
47710,37985.840
47720,37968.582
47730,37974.957
47740,37950.297
47750,37958.383
47760,37952.027
47770,37965.098
47780,37957.461
47790,37954.348
47800,37948.137
47810,37964.363
47820,37952.715
47830,37972.188
47840,37950.789
47850,37970.813
47860,37952.848
47870,37970.867
47880,37953.590
47890,37963.531
47900,37949.594
47910,37968.727
47920,37962.848
47930,37975.453
47940,37960.207
47950,37951.262
47960,37676.078
47970,37880.273
47980,37954.082
47990,37991.105
48000,38012.531
48010,38026.438
48020,38008.086
48030,38030.148
48040,38020.258
48050,38030.699
48060,38017.848
48070,38031.996
48080,38013.809
48090,38033.848
48100,38039.004
48110,38045.363
48120,38038.363
48130,38033.949
48140,38019.484
48150,38034.945
48160,38018.270
48170,38030.258
48180,38027.984
48190,38040.012
48200,38033.191
48210,38049.566
48220,38034.242
48230,38049.516
48240,38030.770
48250,38042.391
48260,38038.066
48270,38050.004
48280,38036.191
48290,38053.379
48300,38036.215
48310,38049.465
48320,38041.359
48330,38060.281
48340,38047.859
48350,38072.363
48360,38058.355
48370,38058.563
48380,38042.043
48390,38042.699
48400,38276.402
48410,38256.352
48420,38236.559
48430,38243.418
48440,38225.809
48450,38078.621
48460,37553.012
48470,37850.566
48480,37944.035
48490,37983.063
48500,38007.215
48510,38029.191
48520,38030.852
48530,38021.180
48540,38017.871
48550,38040.555
48560,38027.559
48570,38022.453
48580,38018.418
48590,38025.789
48600,38027.004
48610,38038.641
48620,38035.301
48630,38050.941
48640,38026.355
48650,38041.227
48660,38033.477
48670,38061.328
48680,38059.648
48690,38009.297
48700,37928.859
48710,37906.988
48720,37874.621
48730,37886.457
48740,37885.840
48750,37897.281
48760,37900.879
48770,37908.066
48780,37910.273
48790,37920.191
48800,37906.906
48810,37909.309
48820,37893.762
48830,37905.008
48840,37892.777
48850,37908.027
48860,37901.629
48870,37917.527
48880,37909.645
48890,37919.320
48900,37919.234
48910,37925.523
48920,37918.129
48930,37925.117
48940,37921.004
48950,37934.113
48960,37561.453
48970,38104.676
48980,38368.309
48990,38486.203
49000,38523.824
49010,38537.777
49020,38244.934
49030,38508.586
49040,38593.203
49050,38639.492
49060,38647.000
49070,38197.508
49080,38540.391
49090,38672.555
49100,38709.289
49110,38732.152
49120,38452.953
49130,38678.367
49140,38783.832
49150,38827.465
49160,38837.387
49170,38833.051
49180,38503.090
49190,38722.879
49200,38798.508
49210,38847.512
49220,38821.000
49230,38555.242
49240,38726.270
49250,38813.629
49260,38830.211
49270,38852.230
49280,38163.027
49290,38129.508
49300,38209.582
49310,38243.996
49320,38251.637
49330,38242.059
49340,38199.617
49350,38199.223
49360,38192.426
49370,38194.180
49380,38151.730
49390,38126.316
49400,38344.398
49410,38295.391
49420,38269.605
49430,38275.680
49440,38206.758
49450,38183.277
49460,38165.551
49470,38174.152
49480,38163.016
49490,37818.434
49500,38083.074
49510,38182.320
49520,38203.602
49530,38221.078
49540,38207.070
49550,38221.324
49560,38224.059
49570,38251.441
49580,38231.848
49590,38239.230
49600,38250.406
49610,38265.551
49620,38228.480
49630,38255.746
49640,38249.117
49650,38257.914
49660,38245.551
49670,38260.508
49680,38240.035
49690,37682.594
49700,37947.230
49710,38082.746
49720,38116.727
49730,38153.633
49740,38140.016
49750,38147.246
49760,38140.168
49770,38166.176
49780,38164.371
49790,38160.109
49800,38140.148
49810,38156.191
49820,38151.402
49830,38162.887
49840,38153.516
49850,38157.988
49860,38151.750
49870,38157.180
49880,38133.578
49890,38125.398
49900,37881.629
49910,38101.789
49920,38167.785
49930,38214.887
49940,38210.926
49950,38226.383
49960,38221.762
49970,38242.754
49980,38237.957
49990,38241.590
50000,38242.387
50010,38226.199
50020,38229.586
50030,38233.004
50040,38225.832
50050,38240.707
50060,38225.984
50070,38238.504
50080,38220.957
50090,38187.813
50100,37989.805
50110,38495.523
50120,38215.652
50130,38567.547
50140,38705.453
50150,38530.473
50160,38750.402
50170,38484.230
50180,38809.527
50190,38304.926
50200,38354.449
50210,38413.168
50220,38085.363
50230,38278.250
50240,37865.867
50250,38227.285
50260,38180.223
50270,38205.445
50280,38413.941
50290,38400.168
50300,38858.098
50310,38690.535
50320,38967.453
50330,38839.691
50340,38821.680
50350,39002.398
50360,38877.746
50370,39060.473
50380,38606.652
50390,39023.715
50400,39088.902
50410,39306.398
50420,39362.203
50430,38644.320
50440,38755.504
50450,38433.301
50460,39068.586
50470,39210.730
50480,39218.891
50490,39326.914
50500,38751.977
50510,38821.883
50520,38460.277
50530,39101.629
50540,39200.887
50550,39103.754
50560,39283.574
50570,38735.527
50580,38807.484
50590,38363.410
50600,39049.344
50610,39264.484
50620,39201.168
50630,39358.785
50640,38591.191
50650,38788.254
50660,38529.930
50670,39119.770
50680,39353.723
50690,39251.734
50700,39307.109
50710,38306.313
50720,38564.055
50730,38640.582
50740,38659.020
50750,38626.285
50760,38583.859
50770,38552.090
50780,38506.020
50790,38506.070
50800,38491.520
50810,38499.793
50820,38482.082
50830,38503.730
50840,38488.199
50850,38505.672
50860,38489.520
50870,38512.980
50880,38499.496
50890,38521.504
50900,38520.855
50910,38514.941
50920,38351.559
50930,38611.941
50940,38690.535
50950,38731.480
50960,38741.133
50970,38756.070
50980,38749.707
50990,38755.410
51000,38722.125
51010,38702.863
51020,38677.727
51030,38687.117
51040,38679.840
51050,38674.973
51060,38678.293
51070,38690.289
51080,38673.309
51090,38686.680
51100,38680.770
51110,38697.727
51120,38268.703
51130,38583.777
51140,38702.824
51150,38740.504
51160,38747.703
51170,38751.090
51180,38741.000
51190,38737.418
51200,38743.449
51210,38755.918
51220,38749.664
51230,38762.688
51240,38757.813
51250,38770.340
51260,38762.500
51270,38764.824
51280,38766.469
51290,38782.504
51300,38775.109
51310,38766.621
51320,38403.805
51330,38567.980
51340,38723.070
51350,38800.387
51360,38833.555
51370,38839.043
51380,38845.484
51390,38813.918
51400,39054.215
51410,39015.613
51420,38988.152
51430,38991.316
51440,38961.496
51450,38945.273
51460,38934.410
51470,38959.242
51480,38964.410
51490,38972.348
51500,38970.801
51510,38965.051
51520,38960.051
51530,38983.914
51540,39450.043
51550,39371.512
51560,39671.031
51570,39352.414
51580,39640.313
51590,39850.078
51600,39608.348
51610,39863.914
51620,39440.547
51630,39816.992
51640,39596.402
51650,39843.621
51660,39931.871
51670,38940.598
51680,39235.652
51690,39312.770
51700,39263.961
51710,39161.488
51720,39080.059
51730,39003.641
51740,38944.141
51750,38944.828
51760,38918.813
51770,38917.184
51780,38935.703
51790,38954.633
51800,38955.809
51810,38969.785
51820,38956.102
51830,38967.832
51840,38960.039
51850,38952.410
51860,38977.180
51870,38971.285
51880,38957.230
51890,38968.316
51900,38980.730
51910,38986.094
51920,38982.402
51930,38924.309
51940,38895.934
51950,38888.551
51960,38869.277
51970,38876.102
51980,38892.508
51990,38914.988
52000,38901.891
52010,38898.590
52020,38898.621
52030,38898.711
52040,38878.746
52050,38893.227
52060,38890.008
52070,38893.297
52080,38888.332
52090,38897.871
52100,38900.699
52110,38893.367
52120,38917.234
52130,38850.844
52140,38795.258
52150,38780.359
52160,38653.469
52170,38221.352
52180,38490.664
52190,38728.719
52200,38794.453
52210,38829.734
52220,38834.766
52230,38850.254
52240,38830.730
52250,38850.410
52260,38807.813
52270,38707.742
52280,38676.301
52290,38664.727
52300,38649.125
52310,38651.566
52320,38631.473
52330,38646.410
52340,38625.883
52350,38635.004
52360,38622.160
52370,38639.074
52380,38632.871
52390,38661.684
52400,38903.082
52410,38847.988
52420,38808.816
52430,38803.902
52440,38788.668
52450,38802.082
52460,38796.371
52470,38817.188
52480,38803.141
52490,38817.105
52500,38813.801
52510,38802.508
52520,38785.289
52530,38770.590
52540,38761.453
52550,38787.348
52560,38782.254
52570,38801.895
52580,38799.543
52590,38824.453
52600,38805.137
52610,38802.414
52620,38791.406
52630,38804.590
52640,38805.020
52650,38822.563
52660,38808.160
52670,38834.188
52680,38485.254
52690,38734.688
52700,38745.305
52710,38725.242
52720,38696.973
52730,38704.070
52740,38703.789
52750,38708.320
52760,38700.379
52770,38714.559
52780,38702.176
52790,38738.277
52800,38729.293
52810,38739.371
52820,38717.109
52830,38735.703
52840,38719.117
52850,38710.207
52860,38695.781
52870,38696.406
52880,38682.984
52890,38699.250
52900,38695.613
52910,38698.387
52920,38701.035
52930,38722.027
52940,38715.699
52950,38716.453
52960,38701.441
52970,38706.984
52980,38699.145
52990,38731.809
53000,38734.969
53010,38731.180
53020,38717.629
53030,38718.703
53040,38702.148
53050,38722.352
53060,38711.563
53070,38714.184
53080,38703.875
53090,38728.367
53100,38718.832
53110,38725.984
53120,38714.477
53130,38722.961
53140,38722.727
53150,38740.301
53160,38735.758
53170,38739.578
53180,38202.488
53190,38570.848
53200,38695.289
53210,38756.043
53220,38767.254
53230,38784.105
53240,38769.816
53250,38782.949
53260,38788.828
53270,38804.125
53280,38795.875
53290,38801.875
53300,38799.652
53310,38800.652
53320,38789.742
53330,38802.859
53340,38799.719
53350,38804.004
53360,38795.168
53370,38801.531
53380,38803.359
53390,38752.555
53400,38901.992
53410,38813.539
53420,38769.453
53430,38774.328
53440,38741.117
53450,38741.309
53460,38742.242
53470,38765.059
53480,38763.949
53490,38768.797
53500,38778.566
53510,38782.973
53520,38771.754
53530,38758.461
53540,38740.344
53550,38737.910
53560,38737.051
53570,38755.043
53580,38755.234
53590,38782.137
53600,38764.863
53610,38772.953
53620,38743.965
53630,38759.844
53640,38757.375
53650,38773.094
53660,38764.957
53670,38782.926
53680,38765.551
53690,38505.852
53700,38626.898
53710,38632.387
53720,38635.465
53730,38655.422
53740,38634.063
53750,38648.379
53760,38638.543
53770,38663.141
53780,38650.719
53790,38654.551
53800,38660.781
53810,38665.641
53820,38650.234
53830,38671.773
53840,38656.523
53850,38676.816
53860,38651.480
53870,38654.270
53880,38638.395
53890,38651.242
53900,38657.984
53910,38678.484
53920,38667.230
53930,38684.059
53940,38662.836
53950,38664.934
53960,38649.219
53970,38660.813
53980,38652.492
53990,38679.328
54000,38691.547
54010,38695.363
54020,38681.906
54030,38681.832
54040,38669.699
54050,38675.523
54060,38651.777
54070,38660.836
54080,38658.781
54090,38673.141
54100,38679.262
54110,38682.832
54120,38670.559
54130,38674.180
54140,38660.141
54150,38667.402
54160,38669.059
54170,38675.074
54180,38611.953
54190,38407.227
54200,38910.504
54210,39109.352
54220,39171.441
54230,39209.445
54240,38875.051
54250,39155.941
54260,39260.012
54270,39307.516
54280,39315.418
54290,39329.320
54300,39024.695
54310,39213.914
54320,39272.551
54330,39298.008
54340,39306.707
54350,38804.145
54360,39125.965
54370,39252.355
54380,39300.844
54390,39313.484
54400,39177.406
54410,39374.934
54420,39447.691
54430,39476.863
54440,39485.945
54450,39479.297
54460,39181.043
54470,39386.242
54480,39439.297
54490,39480.676
54500,39499.535
54510,38758.445
54520,38840.355
54530,38868.191
54540,38868.980
54550,38887.047
54560,38823.770
54570,38809.758
54580,38793.473
54590,38814.703
54600,38803.133
54610,38807.648
54620,38807.605
54630,38827.453
54640,38830.480
54650,38830.594
54660,38829.762
54670,38847.594
54680,38799.027
54690,38756.344
54700,38672.246
54710,38246.613
54720,38372.043
54730,38544.902
54740,38603.453
54750,38628.254
54760,38627.918
54770,38648.109
54780,38605.301
54790,38609.141
54800,38616.391
54810,38607.996
54820,38595.027
54830,38611.719
54840,38611.270
54850,38616.516
54860,38623.563
54870,38627.426
54880,38633.227
54890,38624.277
54900,38625.863
54910,38622.004
54920,38290.109
54930,38538.664
54940,38634.055
54950,38665.070
54960,38673.430
54970,38685.352
54980,38695.734
54990,38683.082
55000,38699.465
55010,38697.734
55020,38691.488
55030,38697.203
55040,38703.129
55050,38688.273
55060,38691.727
55070,38690.922
55080,38705.750
55090,38690.426
55100,38700.449
55110,38693.355
55120,38183.469
55130,38540.707
55140,38687.141
55150,38730.938
55160,38746.688
55170,38743.453
55180,38747.137
55190,38703.047
55200,38695.750
55210,38696.105
55220,38697.406
55230,38694.160
55240,38703.398
55250,38686.980
55260,38684.359
55270,38688.570
55280,38699.012
55290,38687.301
55300,38687.988
55310,38688.297
55320,38628.289
55330,38722.219
55340,39054.273
55350,38801.164
55360,39159.617
55370,38655.645
55380,38675.938
55390,38787.938
55400,39087.938
55410,39023.121
55420,38971.410
55430,38949.613
55440,38898.141
55450,38864.113
55460,38861.199
55470,38857.672
55480,38867.441
55490,38856.867
55500,38881.586
55510,38896.160
55520,38804.809
55530,38677.332
55540,38636.281
55550,38603.641
55560,38585.488
55570,38587.926
55580,38263.883
55590,38513.313
55600,38594.105
55610,38633.707
55620,38646.832
55630,38635.184
55640,38655.496
55650,38661.422
55660,38669.281
55670,38676.590
55680,38690.621
55690,38673.563
55700,38606.023
55710,38529.484
55720,38511.594
55730,38511.809
55740,38509.980
55750,38500.090
55760,38499.551
55770,38499.578
55780,38014.555
55790,38352.324
55800,38474.379
55810,38285.633
55820,38516.500
55830,38112.223
55840,38353.734
55850,38102.215
55860,38241.957
55870,38362.125
55880,38452.367
55890,38896.320
55900,38566.363
55910,38979.070
55920,38934.930
55930,38933.766
55940,39087.258
55950,38957.324
55960,39115.203
55970,38878.289
55980,39102.598
55990,38615.234
56000,38982.262
56010,39104.980
56020,38392.773
56030,38542.270
56040,38213.016
56050,38845.063
56060,38958.832
56070,38860.727
56080,39057.344
56090,38327.453
56100,38517.727
56110,38198.191
56120,38757.598
56130,39012.848
56140,38788.035
56150,39030.117
56160,38272.098
56170,38498.223
56180,38529.949
56190,38633.887
56200,38929.867
56210,38633.578
56220,38940.680
56230,38398.258
56240,38386.906
56250,38462.250
56260,38459.563
56270,38863.672
56280,38517.961
56290,38915.582
56300,38822.684
56310,38363.613
56320,38449.598
56330,38474.492
56340,38463.586
56350,38413.523
56360,38393.824
56370,38330.219
56380,38286.500
56390,38243.844
56400,38476.617
56410,38415.988
56420,38386.172
56430,38368.117
56440,38369.527
56450,38373.180
56460,38382.531
56470,38390.449
56480,38385.977
56490,38367.266
56500,38377.973
56510,37997.258
56520,38332.730
56530,38455.918
56540,38497.934
56550,38528.832
56560,38533.793
56570,38538.949
56580,38556.172
56590,38566.188
56600,38555.742
56610,38547.375
56620,38525.180
56630,38526.934
56640,38530.871
56650,38547.383
56660,38541.016
56670,38566.137
56680,38564.648
56690,38471.055
56700,38345.906
56710,37902.227
56720,38469.668
56730,38747.137
56740,38568.508
56750,38856.699
56760,38025.203
56770,38323.445
56780,38479.027
56790,38532.363
56800,38521.156
56810,38477.438
56820,38436.219
56830,38385.020
56840,38376.621
56850,38374.457
56860,38374.430
56870,38364.191
56880,38384.238
56890,38378.824
56900,38388.156
56910,38371.734
56920,38380.344
56930,38386.383
56940,38365.051
56950,38362.379
56960,38357.500
56970,38371.359
56980,38373.145
56990,38378.531
57000,38395.445
57010,38391.930
57020,38383.387
57030,38372.547
57040,38381.344
57050,38374.637
57060,38376.762
57070,38371.238
57080,38395.797
57090,38411.535
57100,38410.973
57110,38376.574
57120,38338.781
57130,38315.156
57140,38296.316
57150,38296.344
57160,38322.996
57170,38325.461
57180,38318.969
57190,38315.223
57200,38322.211
57210,38305.438
57220,38307.211
57230,38305.781
57240,38319.281
57250,38311.246
57260,38313.434
57270,38118.719
57280,38270.824
57290,38328.918
57300,38368.430
57310,38341.129
57320,38196.742
57330,38141.109
57340,38110.492
57350,38119.000
57360,38105.059
57370,38096.582
57380,38089.668
57390,37975.754
57400,38155.730
57410,38071.277
57420,38040.969
57430,38046.824
57440,38040.203
57450,38034.438
57460,38029.535
57470,38028.301
57480,38033.719
57490,38028.613
57500,38041.820
57510,38037.387
57520,38051.852
57530,38059.941
57540,38052.531
57550,38053.781
57560,38068.035
57570,38070.891
57580,38080.992
57590,38089.992
57600,38093.129
57610,38091.340
57620,38085.203
57630,38074.109
57640,38067.188
57650,38075.738
57660,38070.109
57670,38080.469
57680,38104.223
57690,38085.891
57700,38022.355
57710,37939.746
57720,37918.898
57730,37921.582
57740,37922.977
57750,37920.992
57760,37934.473
57770,37573.453
57780,37949.035
57790,38078.031
57800,38129.992
57810,38139.777
57820,38165.488
57830,38169.656
57840,38166.684
57850,38163.242
57860,38178.586
57870,38160.855
57880,38058.598
57890,37993.215
57900,37993.012
57910,37984.137
57920,37987.238
57930,37989.059
57940,37985.742
57950,37964.430
57960,37974.660
57970,37971.289
57980,37979.594
57990,37958.918
58000,37984.230
58010,37981.422
58020,37985.543
58030,37968.613
58040,37966.660
58050,37963.793
58060,37972.387
58070,37959.652
58080,37972.227
58090,37966.512
58100,37985.086
58110,37968.445
58120,37954.305
58130,37959.949
58140,37965.363
58150,37970.934
58160,37975.063
58170,37962.297
58180,37978.422
58190,37960.063
58200,37981.820
58210,37965.500
58220,37970.930
58230,37974.883
58240,37978.828
58250,37972.516
58260,37984.621
58270,37609.055
58280,37767.242
58290,37912.910
58300,37999.098
58310,38004.219
58320,38020.238
58330,38017.313
58340,38028.035
58350,38024.355
58360,38023.926
58370,38020.855
58380,38039.758
58390,38036.543
58400,38304.668
58410,38236.957
58420,38220.355
58430,38204.719
58440,38230.426
58450,38204.422
58460,38226.020
58470,38219.680
58480,38225.996
58490,38210.602
58500,38231.691
58510,38224.641
58520,38232.648
58530,38216.418
58540,38216.918
58550,38205.867
58560,38225.031
58570,38230.844
58580,38254.695
58590,38257.621
58600,38253.527
58610,38219.945
58620,38206.484
58630,38200.867
58640,38222.145
58650,38215.473
58660,38220.250
58670,38216.672
58680,38226.871
58690,38208.438
58700,38144.941
58710,38062.707
58720,38048.328
58730,38044.563
58740,38061.625
58750,38062.660
58760,38076.188
58770,38028.172
58780,37564.074
58790,37671.965
58800,37721.863
58810,37744.461
58820,37752.145
58830,37763.477
58840,37757.398
58850,37768.723
58860,37783.055
58870,37777.332
58880,37775.746
58890,37778.891
58900,37791.758
58910,37790.828
58920,37774.227
58930,37787.984
58940,37787.883
58950,37768.844
58960,37761.770
58970,37770.660
58980,37781.770
58990,37770.734
59000,37786.023
59010,37778.168
59020,37784.926
59030,37784.742
59040,37775.953
59050,37767.246
59060,37764.324
59070,37778.109
59080,37781.313
59090,37792.184
59100,37809.727
59110,37797.266
59120,37773.023
59130,37771.789
59140,37767.637
59150,37763.629
59160,37766.379
59170,37778.254
59180,37785.816
59190,37782.516
59200,37789.621
59210,37782.152
59220,37780.145
59230,37779.742
59240,37777.891
59250,37777.031
59260,37781.191
59270,37780.301
59280,37430.723
59290,38039.824
59300,38284.566
59310,38363.570
59320,38400.082
59330,38357.492
59340,38328.223
59350,38444.613
59360,38494.340
59370,38506.023
59380,38517.633
59390,38202.398
59400,38706.984
59410,38741.301
59420,38750.516
59430,38764.703
59440,38164.535
59450,38549.652
59460,38702.906
59470,38761.629
59480,38771.180
59490,38646.426
59500,38606.129
59510,38707.113
59520,38750.125
59530,38760.582
59540,38734.418
59550,37936.996
59560,38100.953
59570,38146.629
59580,38174.008
59590,38192.824
59600,38184.758
59610,38184.531
59620,38191.156
59630,38199.926
59640,38211.047
59650,38156.590
59660,38139.672
59670,38148.102
59680,38151.512
59690,38131.816
59700,38032.035
59710,37927.938
59720,37883.160
59730,37858.371
59740,37858.355
59750,37361.332
59760,37686.473
59770,37769.301
59780,37705.816
59790,37657.230
59800,37660.465
59810,37663.598
59820,37658.742
59830,37660.949
59840,37675.598
59850,37674.512
59860,37683.777
59870,37672.559
59880,37670.867
59890,37662.504
59900,37674.445
59910,37677.105
59920,37678.395
59930,37663.941
59940,37679.727
59950,37679.320
59960,37381.652
59970,37610.492
59980,37705.563
59990,37725.789
60000,37750.781
60010,37744.813
60020,37758.809
60030,37758.418
60040,37777.332
60050,37757.965
60060,37757.625
60070,37750.941
60080,37770.207
60090,37776.219
60100,37780.949
60110,37759.250
60120,37763.805
60130,37752.512
60140,37761.590
60150,37758.645
60160,37309.223
60170,37624.461
60180,37768.656
60190,37808.160
60200,37848.230
60210,37843.973
60220,37852.734
60230,37859.742
60240,37871.969
60250,37862.301
60260,37868.824
60270,37861.199
60280,37875.367
60290,37849.785
60300,37869.223
60310,37866.281
60320,37872.246
60330,37868.805
60340,37859.922
60350,37852.301
60360,37683.766
60370,37948.141
60380,38240.227
60390,38168.410
60400,38644.121
60410,38411.184
60420,38646.445
60430,38190.574
60440,38092.078
60450,38103.238
60460,38111.887
60470,38100.488
60480,38055.422
60490,38019.527
60500,38044.234
60510,38032.922
60520,38031.316
60530,37969.195
60540,37956.004
60550,37950.504
60560,37908.957
60570,37863.082
60580,37857.387
60590,37845.902
60600,37852.727
60610,37856.305
60620,37857.758
60630,37843.699
60640,37535.863
60650,37771.934
60660,37883.762
60670,37935.066
60680,37966.133
60690,37934.797
60700,37890.648
60710,37811.098
60720,37803.832
60730,37786.406
60740,37775.566
60750,37764.637
60760,37772.262
60770,37745.508
60780,37713.594
60790,37700.875
60800,37722.605
60810,37703.805
60820,37704.996
60830,37683.758
60840,37181.332
60850,37528.430
60860,37666.012
60870,37710.039
60880,37775.004
60890,37839.973
60900,37883.941
60910,37890.613
60920,37898.609
60930,37894.180
60940,37895.820
60950,37891.848
60960,37903.789
60970,37903.402
60980,37912.441
60990,37904.184
61000,37915.695
61010,37898.641
61020,37851.605
61030,37836.273
61040,37811.305
61050,37545.316
61060,37761.109
61070,37831.504
61080,37878.641
61090,37886.988
61100,37902.199
61110,37885.133
61120,37890.625
61130,37888.656
61140,37889.406
61150,37875.699
61160,37893.715
61170,37885.984
61180,37899.137
61190,37898.152
61200,37930.734
61210,37927.020
61220,37915.930
61230,37895.695
61240,37878.895
61250,37661.164
61260,38182.617
61270,37853.043
61280,38283.188
61290,38450.785
61300,38254.141
61310,38488.469
61320,38374.141
61330,38597.043
61340,38152.781
61350,38139.824
61360,38103.313
61370,37822.645
61380,38006.680
61390,37629.379
61400,38190.105
61410,37833.156
61420,38033.938
61430,38140.887
61440,37865.527
61450,38047.297
61460,37753.344
61470,38392.496
61480,38532.344
61490,38430.586
61500,38657.215
61510,38325.625
61520,38640.289
61530,38390.949
61540,38677.313
61550,38526.758
61560,38658.789
61570,38733.172
61580,38471.828
61590,38702.090
61600,37914.383
61610,38114.145
61620,38145.102
61630,38259.559
61640,38585.473
61650,38300.121
61660,38480.309
61670,37896.426
61680,37893.129
61690,37943.965
61700,37862.090
61710,38198.832
61720,37813.043
61730,38211.305
61740,38107.801
61750,37658.078
61760,37765.293
61770,37617.961
61780,38120.645
61790,37692.734
61800,38089.961
61810,38201.121
61820,37505.266
61830,37647.270
61840,37346.383
61850,37957.234
61860,38036.359
61870,37944.434
61880,38130.484
61890,36959.375
61900,37392.465
61910,37519.344
61920,37573.648
61930,37543.172
61940,37514.324
61950,37471.809
61960,37445.898
61970,37429.691
61980,37426.172
61990,37417.180
62000,37426.449
62010,37424.035
62020,37427.438
62030,37426.125
62040,37418.922
62050,37387.641
62060,37354.254
62070,37345.102
62080,37336.262
62090,37339.664
62100,37352.324
62110,37334.391
62120,37342.047
62130,37348.359
62140,37352.387
62150,37355.473
62160,37341.852
62170,37330.273
62180,37333.250
62190,37334.832
62200,37343.809
62210,37347.063
62220,37346.184
62230,37339.523
62240,37329.852
62250,37335.215
62260,37340.262
62270,37344.559
62280,37353.449
62290,37339.848
62300,37342.328
62310,37346.285
62320,37347.563
62330,37347.406
62340,37346.676
62350,37345.004
62360,37350.281
62370,37349.539
62380,37352.820
62390,37356.082
62400,37437.313
62410,37683.605
62420,37779.508
62430,37816.953
62440,37821.512
62450,37813.531
62460,37825.344
62470,37835.039
62480,37841.781
62490,37824.008
62500,37837.758
62510,37837.520
62520,37867.852
62530,37866.293
62540,37849.563
62550,37863.613
62560,37867.156
62570,37864.586
62580,37862.051
62590,37848.469
62600,37871.270
62610,37855.410
62620,37856.492
62630,37854.406
62640,37852.414
62650,37848.105
62660,37849.738
62670,37859.316
62680,37886.090
62690,37869.594
62700,37824.242
62710,37764.488
62720,37731.559
62730,37705.699
62740,37695.395
62750,37689.367
62760,37689.297
62770,37687.145
62780,37699.426
62790,37689.223
62800,37714.867
62810,37711.855
62820,37712.805
62830,37703.305
62840,37705.988
62850,37701.137
62860,37710.066
62870,37717.676
62880,37692.801
62890,37585.691
62900,37079.441
62910,37361.184
62920,37477.258
62930,37511.820
62940,37545.434
62950,37540.273
62960,37550.953
62970,37559.441
62980,37575.695
62990,37574.523
63000,37574.879
63010,37557.715
63020,37567.410
63030,37570.719
63040,37580.465
63050,37583.398
63060,37603.059
63070,37585.434
63080,37586.340
63090,37576.125
63100,37599.684
63110,37585.828
63120,37594.586
63130,37597.082
63140,37605.762
63150,37591.391
63160,37592.109
63170,37597.090
63180,37606.184
63190,37596.961
63200,37618.656
63210,37613.402
63220,37604.156
63230,37586.266
63240,37589.793
63250,37570.309
63260,37573.574
63270,37567.996
63280,37577.160
63290,37574.930
63300,37600.551
63310,37594.305
63320,37604.410
63330,37608.480
63340,37610.469
63350,37603.715
63360,37610.219
63370,37611.539
63380,37628.078
63390,37613.910
63400,37678.855
63410,37577.805
63420,37744.902
63430,37793.762
63440,37824.957
63450,37818.527
63460,37834.383
63470,37825.285
63480,37834.031
63490,37830.035
63500,37851.910
63510,37841.355
63520,37836.863
63530,37827.457
63540,37828.938
63550,37823.363
63560,37834.316
63570,37835.867
63580,37841.434
63590,37834.785
63600,37836.121
63610,37841.250
63620,37836.027
63630,37818.656
63640,37828.609
63650,37836.754
63660,37840.988
63670,37842.414
63680,37870.211
63690,37856.305
63700,37785.633
63710,37702.422
63720,37625.797
63730,37560.398
63740,37551.227
63750,37521.656
63760,37525.109
63770,37518.777
63780,37541.039
63790,37524.289
63800,37551.289
63810,37538.863
63820,37538.430
63830,37536.879
63840,37538.887
63850,37521.688
63860,37536.672
63870,37533.281
63880,37547.176
63890,37537.734
63900,37549.004
63910,37205.352
63920,37500.430
63930,37597.438
63940,37650.082
63950,37666.633
63960,37675.395
63970,37665.855
63980,37683.195
63990,37662.820
64000,37677.457
64010,37678.785
64020,37687.594
64030,37687.859
64040,37686.582
64050,37674.332
64060,37694.785
64070,37706.520
64080,37721.219
64090,37699.520
64100,37723.551
64110,37715.477
64120,37721.684
64130,37696.895
64140,37702.832
64150,37685.941
64160,37697.922
64170,37681.000
64180,37691.477
64190,37678.203
64200,37689.586
64210,37681.984
64220,37707.684
64230,37710.633
64240,37729.129
64250,37710.891
64260,37698.973
64270,37681.531
64280,37704.789
64290,37690.332
64300,37710.594
64310,37710.672
64320,37711.063
64330,37688.684
64340,37706.164
64350,37688.539
64360,37701.984
64370,37689.227
64380,37716.844
64390,37712.898
64400,37934.621
64410,37394.352
64420,38042.168
64430,38263.438
64440,38363.629
64450,38387.445
64460,38409.531
64470,38153.531
64480,38396.961
64490,38481.043
64500,38531.785
64510,38523.879
64520,38135.320
64530,38428.988
64540,38554.652
64550,38591.234
64560,38616.133
64570,38292.758
64580,38576.598
64590,38670.773
64600,38712.691
64610,38715.719
64620,38662.145
64630,38373.254
64640,38585.922
64650,38669.129
64660,38702.891
64670,38694.793
64680,38484.043
64690,38638.078
64700,38633.953
64710,38585.141
64720,38573.820
64730,37693.410
64740,37849.754
64750,37932.023
64760,37976.598
64770,37968.297
64780,37936.891
64790,37900.109
64800,37908.402
64810,37898.441
64820,37905.930
64830,37850.086
64840,37831.855
64850,37811.848
64860,37817.512
64870,37791.109
64880,37798.078
64890,37744.379
64900,37737.656
64910,37725.215
64920,37729.422
64930,37702.215
64940,37423.215
64950,37636.852
64960,37721.730
64970,37728.316
64980,37767.086
64990,37766.961
65000,37782.895
65010,37767.008
65020,37787.230
65030,37775.496
65040,37782.980
65050,37771.023
65060,37773.480
65070,37754.605
65080,37780.066
65090,37769.035
65100,37786.590
65110,37777.848
65120,37775.504
65130,37763.715
65140,37318.781
65150,37630.715
65160,37778.070
65170,37819.207
65180,37857.957
65190,37860.371
65200,37877.910
65210,37868.703
65220,37889.063
65230,37858.082
65240,37875.039
65250,37870.051
65260,37882.465
65270,37865.617
65280,37874.141
65290,37873.996
65300,37900.125
65310,37877.012
65320,37893.563
65330,37883.449
65340,37707.465
65350,37652.875
65360,37839.613
65370,37899.477
65380,37948.520
65390,37950.758
65400,38202.980
65410,38061.992
65420,37994.449
65430,37954.246
65440,37955.602
65450,37936.359
65460,37954.906
65470,37958.953
65480,37967.645
65490,37963.707
65500,37984.641
65510,37978.602
65520,37977.086
65530,37949.578
65540,37927.641
65550,37795.512
65560,38247.258
65570,38126.320
65580,38449.652
65590,38368.047
65600,38382.105
65610,38580.988
65620,38327.043
65630,38598.629
65640,38022.598
65650,38136.289
65660,38149.055
65670,38150.305
65680,38132.270
65690,38076.078
65700,37988.508
65710,37847.055
65720,37821.469
65730,37787.633
65740,37773.926
65750,37716.051
65760,37715.777
65770,37695.711
65780,37711.188
65790,37687.879
65800,37713.469
65810,37706.266
65820,37707.246
65830,37697.129
65840,37677.535
65850,37436.945
65860,37646.398
65870,37703.984
65880,37752.023
65890,37749.793
65900,37763.367
65910,37752.914
65920,37710.617
65930,37693.926
65940,37684.887
65950,37631.328
65960,37624.289
65970,37595.977
65980,37610.246
65990,37606.059
66000,37624.582
66010,37603.168
66020,37610.371
66030,37605.211
66040,37613.578
66050,37215.352
66060,37521.742
66070,37609.746
66080,37671.215
66090,37692.563
66100,37710.262
66110,37688.699
66120,37697.566
66130,37700.820
66140,37703.434
66150,37657.582
66160,37639.082
66170,37615.074
66180,37614.859
66190,37593.984
66200,37620.332
66210,37610.227
66220,37612.020
66230,37607.813
66240,37601.820
66250,37238.398
66260,37414.039
66270,37571.242
66280,37640.301
66290,37665.664
66300,37688.613
66310,37679.176
66320,37685.723
66330,37695.082
66340,37706.859
66350,37694.469
66360,37707.051
66370,37692.551
66380,37703.172
66390,37707.453
66400,37950.293
66410,37910.645
66420,37889.527
66430,37865.367
66440,37869.125
66450,37813.398
66460,37479.883
66470,37704.688
66480,37781.168
66490,37805.617
66500,37855.535
66510,37841.242
66520,37858.777
66530,37830.039
66540,37853.992
66550,37839.523
66560,37858.074
66570,37841.035
66580,37855.215
66590,37848.289
66600,37859.480
66610,37841.086
66620,37853.574
66630,37847.426
66640,37843.426
66650,37816.910
66660,37439.035
66670,38060.594
66680,38236.703
66690,38283.965
66700,38384.426
66710,38044.703
66720,38295.590
66730,38124.793
66740,38388.703
66750,37990.543
66760,37681.227
66770,37801.938
66780,37836.840
66790,37815.727
66800,37800.836
66810,37780.613
66820,37728.520
66830,37695.453
66840,37696.906
66850,37672.863
66860,37637.750
66870,37611.246
66880,37612.621
66890,37613.211
66900,37631.582
66910,37593.516
66920,37562.199
66930,37541.273
66940,37544.820
66950,37539.055
66960,37535.508
66970,37525.230
66980,37533.145
66990,37516.219
67000,37546.297
67010,37529.238
67020,37531.617
67030,37529.258
67040,37537.848
67050,37533.484
67060,37559.941
67070,37544.020
67080,37553.348
67090,37534.301
67100,37544.246
67110,37528.191
67120,37532.754
67130,37525.078
67140,37537.230
67150,37529.383
67160,37545.461
67170,37537.125
67180,37538.973
67190,37526.914
67200,37539.281
67210,37531.945
67220,37536.785
67230,37536.977
67240,37558.305
67250,37540.297
67260,37157.461
67270,37429.207
67280,37177.895
67290,37378.918
67300,37582.945
67310,37318.848
67320,37604.254
67330,37196.805
67340,37604.754
67350,37677.512
67360,37484.754
67370,37659.414
67380,37566.965
67390,38089.691
67400,38169.355
67410,38432.309
67420,38503.047
67430,38265.070
67440,38448.371
67450,38295.434
67460,38511.090
67470,37995.348
67480,38383.629
67490,38393.270
67500,38420.414
67510,38518.832
67520,37786.441
67530,37910.086
67540,37512.523
67550,38191.617
67560,38417.566
67570,38223.305
67580,38435.184
67590,37680.766
67600,37893.160
67610,37721.691
67620,38083.629
67630,38354.129
67640,38141.020
67650,38418.371
67660,37677.684
67670,37826.652
67680,37862.219
67690,37851.805
67700,38156.688
67710,37790.141
67720,38146.824
67730,37799.531
67740,37601.715
67750,37662.941
67760,37603.879
67770,38050.887
67780,37654.047
67790,38093.391
67800,38211.973
67810,37551.367
67820,37673.781
67830,37664.504
67840,37672.547
67850,37621.430
67860,37620.969
67870,37555.656
67880,37544.219
67890,37536.691
67900,37538.695
67910,37528.449
67920,37532.852
67930,37532.055
67940,37538.848
67950,37527.676
67960,37544.141
67970,37545.727
67980,37544.773
67990,37532.574
68000,37541.086
68010,37535.145
68020,37540.457
68030,37521.398
68040,37547.320
68050,37540.137
68060,37563.746
68070,37545.344
68080,37548.250
68090,37539.484
68100,37554.219
68110,37542.098
68120,37556.293
68130,37543.395
68140,37542.578
68150,37526.371
68160,37529.434
68170,37519.359
68180,37531.383
68190,37520.457
68200,37535.781
68210,37521.672
68220,37533.348
68230,37521.320
68240,37536.547
68250,37513.785
68260,37539.152
68270,37525.832
68280,37541.484
68290,37529.715
68300,37540.211
68310,37084.930
68320,37442.867
68330,37576.813
68340,37641.164
68350,37662.316
68360,37680.281
68370,37673.504
68380,37704.328
68390,37716.180
68400,37961.047
68410,37908.551
68420,37901.445
68430,37886.711
68440,37893.469
68450,37885.777
68460,37896.852
68470,37891.652
68480,37756.754
68490,37627.352
68500,37622.977
68510,37607.793
68520,37613.023
68530,37577.738
68540,37594.203
68550,37586.770
68560,37608.527
68570,37594.102
68580,37613.617
68590,37592.094
68600,37607.777
68610,37607.352
68620,37625.430
68630,37617.078
68640,37628.738
68650,37609.875
68660,37625.461
68670,37607.648
68680,37621.422
68690,37548.469
68700,37477.434
68710,37441.113
68720,37450.938
68730,37430.012
68740,37442.816
68750,37430.594
68760,37451.707
68770,37434.094
68780,37457.570
68790,37443.480
68800,37449.555
68810,37268.559
68820,37222.609
68830,37374.875
68840,37454.855
68850,37471.637
68860,37486.969
68870,37482.809
68880,37503.461
68890,37498.633
68900,37533.531
68910,37511.074
68920,37521.598
68930,37516.668
68940,37524.027
68950,37521.547
68960,37526.086
68970,37525.797
68980,37539.922
68990,37510.758
69000,37523.672
69010,37509.367
69020,37524.391
69030,37513.582
69040,37513.793
69050,37511.273
69060,37528.887
69070,37512.969
69080,37523.711
69090,37517.066
69100,37541.176
69110,37522.375
69120,37536.684
69130,37525.418
69140,37536.633
69150,37522.770
69160,37511.734
69170,37510.180
69180,37525.031
69190,37521.930
69200,37532.953
69210,37515.227
69220,37527.133
69230,37509.270
69240,37523.719
69250,37516.426
69260,37477.789
69270,37388.625
69280,37366.539
69290,37352.520
69300,37358.789
69310,37344.547
69320,37257.074
69330,37702.105
69340,37880.051
69350,37948.918
69360,37979.301
69370,37684.445
69380,37948.160
69390,38012.801
69400,38280.629
69410,38251.934
69420,38058.625
69430,38008.766
69440,38204.902
69450,38264.531
69460,38314.129
69470,38323.090
69480,37999.652
69490,38258.398
69500,38391.766
69510,38422.602
69520,38436.754
69530,37847.023
69540,38212.363
69550,38334.082
69560,38414.219
69570,38412.465
69580,38324.570
69590,38266.914
69600,38383.969
69610,38412.902
69620,38429.137
69630,38394.680
69640,37613.129
69650,37748.277
69660,37825.578
69670,37842.934
69680,37852.645
69690,37742.160
69700,37669.027
69710,37611.555
69720,37608.059
69730,37579.219
69740,37546.633
69750,37512.957
69760,37517.969
69770,37502.691
69780,37527.762
69790,37487.934
69800,37454.609
69810,37375.953
69820,37292.867
69830,37252.254
69840,36749.078
69850,37121.398
69860,37305.758
69870,37358.996
69880,37388.074
69890,37389.813
69900,37414.508
69910,37401.539
69920,37423.039
69930,37414.445
69940,37413.555
69950,37408.141
69960,37421.074
69970,37411.941
69980,37417.875
69990,37413.063
70000,37435.938
70010,37413.715
70020,37427.672
70030,37430.137
70040,37437.465
70050,37131.316
70060,37372.023
70070,37450.023
70080,37488.051
70090,37498.082
70100,37515.215
70110,37501.969
70120,37523.863
70130,37512.313
70140,37531.758
70150,37519.977
70160,37524.496
70170,37518.078
70180,37527.707
70190,37511.492
70200,37525.031
70210,37518.691
70220,37520.824
70230,37515.922
70240,37524.664
70250,37050.527
70260,37390.211
70270,37504.758
70280,37565.410
70290,37567.801
70300,37579.016
70310,37557.559
70320,37562.113
70330,37572.496
70340,37578.781
70350,37574.949
70360,37584.613
70370,37575.586
70380,37585.914
70390,37583.000
70400,37827.727
70410,37782.563
70420,37775.543
70430,37753.559
70440,37754.883
70450,37559.902
70460,37524.563
70470,37693.699
70480,37767.023
70490,37793.230
70500,37825.875
70510,37809.852
70520,37823.008
70530,37820.598
70540,37831.816
70550,37819.500
70560,37835.414
70570,37823.965
70580,37848.480
70590,37838.438
70600,37858.145
70610,37848.383
70620,37853.719
70630,37843.328
70640,37843.449
70650,37753.730
70660,37631.105
70670,38074.473
70680,37713.879
70690,38097.219
70700,38205.633
70710,37980.254
70720,38212.469
70730,37554.906
70740,37690.082
70750,37677.980
70760,37679.668
70770,37617.121
70780,37604.297
70790,37587.285
70800,37609.938
70810,37602.711
70820,37592.867
70830,37589.918
70840,37599.566
70850,37586.039
70860,37596.355
70870,37531.168
70880,37520.023
70890,37503.559
70900,37509.063
70910,37485.676
70920,37492.754
70930,37129.238
70940,37298.582
70950,37449.449
70960,37527.313
70970,37533.598
70980,37560.496
70990,37554.363
71000,37569.836
71010,37568.211
71020,37664.996
71030,37716.188
71040,37739.602
71050,37743.055
71060,37761.555
71070,37779.957
71080,37793.035
71090,37787.961
71100,37796.891
71110,37770.238
71120,37797.434
71130,37781.340
71140,37462.488
71150,37685.902
71160,37799.836
71170,37825.973
71180,37851.734
71190,37839.410
71200,37873.336
71210,37858.789
71220,37879.582
71230,37861.051
71240,37876.832
71250,37861.715
71260,37838.477
71270,37796.379
71280,37784.258
71290,37769.371
71300,37807.238
71310,37772.617
71320,37788.941
71330,37786.934
71340,37289.684
71350,37620.793
71360,37766.813
71370,37813.125
71380,37852.605
71390,37843.469
71400,38101.422
71410,38046.578
71420,38050.555
71430,38028.039
71440,38044.273
71450,38015.621
71460,38040.621
71470,38038.949
71480,38048.004
71490,38035.109
71500,38093.488
71510,38065.215
71520,38080.961
71530,38044.770
71540,37985.996
71550,37709.824
71560,37940.004
71570,38000.348
71580,38060.305
71590,38056.402
71600,38073.105
71610,38039.629
71620,38043.516
71630,38042.715
71640,38046.152
71650,38023.055
71660,38054.285
71670,38039.840
71680,38039.227
71690,37966.426
71700,37928.379
71710,37886.363
71720,37897.457
71730,37874.027
71740,37855.613
71750,37614.734
71760,38139.586
71770,37997.047
71780,38364.816
71790,38458.855
71800,38409.559
71810,38547.879
71820,38303.828
71830,38560.879
71840,37840.887
71850,37918.980
71860,38026.883
71870,38030.875
71880,38014.574
71890,37958.863
71900,37968.879
71910,37902.844
71920,37905.637
71930,37891.141
71940,37883.570
71950,37811.234
71960,37820.395
71970,37795.223
71980,37817.000
71990,37797.383
72000,37838.078
72010,37809.180
72020,37819.855
72030,37793.031
72040,37820.602
72050,37793.746
72060,37795.770
72070,37779.234
72080,37800.805
72090,37784.809
72100,37819.305
72110,37798.512
72120,37814.336
72130,37798.293
72140,37823.520
72150,37766.125
72160,37765.813
72170,37732.336
72180,37737.426
72190,37702.398
72200,37724.012
72210,37711.309
72220,37731.586
72230,37716.543
72240,37733.949
72250,37711.727
72260,37733.586
72270,37715.816
72280,37733.461
72290,37708.938
72300,37741.199
72310,37726.777
72320,37776.492
72330,37814.121
72340,37843.871
72350,37666.820
72360,37878.691
72370,37927.477
72380,37975.902
72390,37967.148
72400,38220.789
72410,38156.516
72420,38175.602
72430,38151.668
72440,38172.188
72450,38146.023
72460,38170.902
72470,38171.164
72480,38199.965
72490,38171.516
72500,38215.469
72510,38223.742
72520,38235.051
72530,38200.113
72540,38221.836
72550,38216.945
72560,38245.113
72570,38225.809
72580,38244.828
72590,38201.176
72600,38215.559
72610,38183.840
72620,38207.156
72630,38203.320
72640,38221.125
72650,38206.027
72660,38250.035
72670,38254.781
72680,38255.770
72690,38155.484
72700,38100.441
72710,38055.090
72720,38059.723
72730,38038.938
72740,38062.125
72750,38041.461
72760,38048.914
72770,38022.938
72780,38043.699
72790,38032.832
72800,38068.594
72810,38037.746
72820,38055.953
72830,38044.094
72840,38060.504
72850,37575.855
72860,37918.371
72870,37840.094
72880,37887.723
72890,38074.508
72900,37817.188
72910,38090.652
72920,37735.465
72930,38085.898
72940,38234.438
72950,37977.770
72960,38196.770
72970,37981.367
72980,38601.266
72990,38436.594
73000,38657.180
73010,38804.883
73020,38437.723
73030,38555.977
73040,38338.355
73050,38553.523
73060,38242.277
73070,38495.754
73080,38575.449
73090,38317.582
73100,38542.277
73110,38150.215
73120,38508.195
73130,38214.301
73140,38515.613
73150,38564.590
73160,37993.160
73170,38034.656
73180,38070.059
73190,38452.273
73200,38024.242
73210,38438.605
73220,38577.680
73230,37893.188
73240,38020.879
73250,37772.430
73260,38366.543
73270,38202.621
73280,38415.598
73290,38544.840
73300,37866.406
73310,38005.902
73320,37629.273
73330,38291.855
73340,38516.906
73350,38312.000
73360,38544.746
73370,37775.977
73380,37998.426
73390,37828.398
73400,38433.777
73410,38647.730
73420,38416.461
73430,38673.543
73440,37972.051
73450,38140.184
73460,38204.832
73470,38202.109
73480,38181.113
73490,38115.023
73500,38124.008
73510,38048.676
73520,38043.680
73530,37997.563
73540,38026.137
73550,38014.277
73560,38050.539
73570,38033.270
73580,38064.031
73590,38033.945
73600,38052.883
73610,38012.336
73620,38024.121
73630,38023.719
73640,38054.094
73650,38036.707
73660,38066.535
73670,38071.910
73680,38092.254
73690,38011.730
73700,37958.777
73710,37893.102
73720,37917.793
73730,37898.215
73740,37929.969
73750,37914.570
73760,37938.668
73770,37916.660
73780,37925.148
73790,37897.172
73800,37918.738
73810,37894.309
73820,37920.734
73830,37898.246
73840,37918.285
73850,37795.211
73860,37720.180
73870,37656.258
73880,37658.980
73890,37634.504
73900,37672.109
73910,37651.520
73920,37673.176
73930,37640.391
73940,37660.199
73950,37433.777
73960,37725.133
73970,37802.133
73980,37852.648
73990,37856.438
74000,37870.469
74010,37850.438
74020,37887.223
74030,37878.582
74040,37892.926
74050,37876.250
74060,37906.188
74070,37895.191
74080,37915.289
74090,37897.371
74100,37929.828
74110,37911.340
74120,37929.996
74130,37891.480
74140,37907.141
74150,37897.316
74160,37909.195
74170,37891.949
74180,37916.203
74190,37901.668
74200,37928.648
74210,37894.168
74220,37916.258
74230,37893.813
74240,37906.703
74250,37888.230
74260,37921.055
74270,37898.445
74280,37916.719
74290,37878.629
74300,37892.387
74310,37863.551
74320,37838.660
74330,37706.836
74340,37689.574
74350,37626.977
74360,37601.602
74370,37560.930
74380,37577.449
74390,37563.102
74400,37821.441
74410,37766.000
74420,37771.648
74430,37757.051
74440,37778.059
74450,37496.469
74460,38078.289
74470,38260.852
74480,38353.250
74490,38341.566
74500,38086.094
74510,38295.203
74520,38415.754
74530,38445.867
74540,38474.672
74550,38486.527
74560,37785.914
74570,37898.320
74580,37975.113
74590,37985.047
74600,38017.527
74610,37998.238
74620,38007.383
74630,38000.477
74640,38015.871
74650,38006.863
74660,37985.543
74670,37957.516
74680,37968.258
74690,37869.074
74700,37820.125
74710,37733.852
74720,37721.211
74730,37674.602
74740,37669.082
74750,37667.340
74760,37185.691
74770,37516.602
74780,37671.949
74790,37714.621
74800,37753.867
74810,37747.125
74820,37771.445
74830,37763.156
74840,37766.711
74850,37745.418
74860,37760.945
74870,37750.438
74880,37752.465
74890,37750.496
74900,37773.480
74910,37757.762
74920,37774.730
74930,37754.074
74940,37769.543
74950,37756.961
74960,37744.469
74970,37474.867
74980,37703.551
74990,37760.375
75000,37817.559
75010,37792.484
75020,37823.852
75030,37807.430
75040,37822.063
75050,37819.211
75060,37834.281
75070,37830.598
75080,37843.961
75090,37826.844
75100,37850.672
75110,37833.172
75120,37847.402
75130,37833.145
75140,37846.453
75150,37819.941
75160,37848.434
75170,37413.688
75180,37717.867
75190,37817.355
75200,37886.754
75210,37882.949
75220,37907.969
75230,37892.211
75240,37909.816
75250,37903.117
75260,37926.410
75270,37914.887
75280,37926.910
75290,37900.410
75300,37921.590
75310,37909.500
75320,37937.109
75330,37925.922
75340,37934.363
75350,37915.746
75360,37927.359
75370,37554.652
75380,37748.023
75390,37881.426
75400,38204.961
75410,38169.680
75420,38171.859
75430,38160.059
75440,38176.738
75450,38071.422
75460,38051.945
75470,38012.895
75480,38013.488
75490,37992.273
75500,38034.602
75510,38012.906
75520,38024.082
75530,38004.699
75540,38023.121
75550,37995.910
75560,38015.672
75570,37996.574
75580,37977.867
75590,38373.832
75600,38314.672
75610,38565.758
75620,38320.363
75630,38560.641
75640,38682.477
75650,38324.375
75660,38589.949
75670,38212.918
75680,38567.859
75690,38169.855
75700,37876.875
75710,37939.516
75720,37993.855
75730,37961.070
75740,37948.867
75750,37918.164
75760,37914.996
75770,37858.953
75780,37861.195
75790,37825.441
75800,37844.387
75810,37819.746
75820,37837.680
75830,37819.039
75840,37840.590
75850,37830.547
75860,37851.980
75870,37829.793
75880,37834.418
75890,37811.609
75900,37478.277
75910,37713.625
75920,37837.984
75930,37861.406
75940,37900.336
75950,37863.266
75960,37848.398
75970,37781.238
75980,37768.371
75990,37731.543
76000,37746.723
76010,37733.762
76020,37736.816
76030,37662.020
76040,37668.484
76050,37649.180
76060,37675.945
76070,37670.648
76080,37671.094
76090,37647.918
76100,37168.277
76110,37486.625
76120,37659.004
76130,37697.781
76140,37739.398
76150,37735.324
76160,37748.871
76170,37704.289
76180,37687.035
76190,37663.922
76200,37668.285
76210,37655.027
76220,37674.125
76230,37649.031
76240,37655.551
76250,37635.324
76260,37662.301
76270,37661.242
76280,37662.969
76290,37648.750
76300,37670.926
76310,37367.965
76320,37601.504
76330,37662.902
76340,37712.754
76350,37718.875
76360,37741.469
76370,37722.922
76380,37749.465
76390,37736.586
76400,37967.641
76410,37920.195
76420,37924.930
76430,37910.563
76440,37905.461
76450,37890.879
76460,37911.648
76470,37913.598
76480,37921.129
76490,37900.563
76500,37937.402
76510,37464.133
76520,37800.637
76530,37895.227
76540,37949.824
76550,37958.246
76560,37995.258
76570,37976.484
76580,38005.582
76590,37998.762
76600,38019.395
76610,38000.168
76620,38002.758
76630,37984.855
76640,38000.094
76650,38054.512
76660,38158.727
76670,38187.766
76680,38196.195
76690,38114.398
76700,38044.367
76710,37756.867
76720,38083.246
76730,38364.156
76740,38338.641
76750,38569.020
76760,38254.910
76770,38642.367
76780,38506.426
76790,38782.391
76800,38901.074
76810,38608.309
76820,38836.785
76830,38639.078
76840,38871.613
76850,38271.535
76860,38177.863
76870,38274.262
76880,38277.305
76890,38209.871
76900,38175.160
76910,38093.055
76920,38010.441
76930,37954.930
76940,37955.605
76950,37949.348
76960,37944.281
76970,37937.879
76980,37961.762
76990,37946.844
77000,37961.449
77010,37938.098
77020,37970.297
77030,37938.301
77040,37966.199
77050,37954.477
77060,37972.691
77070,37958.199
77080,37966.246
77090,37957.949
77100,37993.609
77110,37968.973
77120,37983.293
77130,37954.078
77140,37969.664
77150,37957.828
77160,37980.926
77170,37956.031
77180,37972.914
77190,37959.168
77200,37974.738
77210,37953.316
77220,37964.832
77230,37945.121
77240,37960.492
77250,37949.707
77260,37960.660
77270,37953.719
77280,37957.410
77290,37933.281
77300,37967.039
77310,37933.914
77320,37867.078
77330,37811.121
77340,37811.621
77350,37805.230
77360,37543.746
77370,37881.352
77380,38035.895
77390,38080.504
77400,38370.336
77410,38311.910
77420,38316.414
77430,38286.805
77440,38298.383
77450,38286.406
77460,38296.836
77470,38279.273
77480,38291.840
77490,38267.637
77500,38302.137
77510,38291.492
77520,38316.211
77530,38288.059
77540,38292.844
77550,38291.473
77560,38308.977
77570,38301.016
77580,38324.047
77590,38297.488
77600,38315.945
77610,38289.941
77620,38300.516
77630,38286.652
77640,38292.465
77650,38302.004
77660,38340.996
77670,38327.559
77680,38354.387
77690,38271.176
77700,38208.984
77710,38146.637
77720,38157.363
77730,38131.066
77740,38151.797
77750,38096.129
77760,38018.977
77770,37969.621
77780,37976.781
77790,37953.676
77800,37975.910
77810,37948.461
77820,37967.215
77830,37951.234
77840,37964.816
77850,37958.801
77860,37462.754
77870,37770.031
77880,37924.598
77890,37961.594
77900,38005.430
77910,37983.031
77920,38008.117
77930,38001.836
77940,38023.422
77950,38009.363
77960,38029.270
77970,38007.906
77980,38030.543
77990,38004.887
78000,38022.238
78010,38001.250
78020,38031.297
78030,38016.664
78040,38025.969
78050,38013.750
78060,38034.957
78070,38015.109
78080,38033.109
78090,38011.898
78100,38033.703
78110,38009.480
78120,38027.254
78130,38008.336
78140,38018.434
78150,38010.883
78160,38032.387
78170,38032.777
78180,38048.371
78190,38031.426
78200,38040.957
78210,38019.766
78220,38039.922
78230,38018.227
78240,38023.504
78250,38020.828
78260,38046.105
78270,38026.395
78280,38026.859
78290,37987.531
78300,38021.148
78310,38008.461
78320,38034.625
78330,38022.609
78340,38046.219
78350,38043.996
78360,38062.223
78370,37730.559
78380,37962.797
78390,38042.738
78400,38336.902
78410,38277.309
78420,38264.242
78430,38262.219
78440,38284.477
78450,38263.547
78460,38280.902
78470,38268.418
78480,38286.168
78490,38267.867
78500,38303.191
78510,38286.645
78520,38319.516
78530,38308.313
78540,38303.582
78550,38291.938
78560,38320.723
78570,38305.688
78580,38328.023
78590,38314.758
78600,38336.363
78610,38321.824
78620,38325.188
78630,38311.242
78640,38324.645
78650,38327.781
78660,38347.098
78670,38358.699
78680,38398.750
78690,38368.848
78700,38309.711
78710,38206.219
78720,38196.910
78730,38168.105
78740,38170.363
78750,38168.508
78760,38189.668
78770,38168.969
78780,38175.285
78790,38162.973
78800,38190.316
78810,38154.277
78820,38161.762
78830,38145.656
78840,38154.496
78850,38153.605
78860,38034.527
78870,37451.063
78880,37781.188
78890,37703.059
78900,37735.832
78910,37928.039
78920,37675.523
78930,37956.813
78940,37563.207
78950,37923.738
78960,38070.695
78970,37821.629
78980,38048.172
78990,37838.859
79000,38451.691
79010,38312.637
79020,38622.629
79030,38712.352
79040,38453.840
79050,38660.367
79060,38507.695
79070,38568.715
79080,37985.734
79090,38367.660
79100,38504.832
79110,38396.906
79120,38528.883
79130,37738.063
79140,37924.992
79150,37576.266
79160,38149.617
79170,38358.246
79180,38315.395
79190,38452.422
79200,37878.340
79210,37945.523
79220,37600.652
79230,38124.852
79240,38377.480
79250,38162.012
79260,38423.242
79270,37638.934
79280,37868.156
79290,37867.383
79300,38041.539
79310,38330.406
79320,38087.887
79330,38382.250
79340,37845.148
79350,37844.859
79360,37926.223
79370,37850.512
79380,38242.730
79390,37871.527
79400,38535.723
79410,38352.043
79420,38259.461
79430,38474.316
79440,38558.539
79450,38546.070
79460,38527.816
79470,38315.500
79480,38451.891
79490,38462.516
79500,38509.461
79510,38495.512
79520,38002.742
79530,38364.543
79540,38511.496
79550,38561.266
79560,38597.082
79570,38522.480
79580,38402.570
79590,38580.660
79600,38676.395
79610,38682.395
79620,38666.559
79630,37846.742
79640,38015.609
79650,38077.445
79660,38122.820
79670,38121.027
79680,38095.289
79690,38040.168
79700,37972.531
79710,37893.242
79720,37888.000
79730,37797.473
79740,37789.805
79750,37756.648
79760,37768.449
79770,37747.047
79780,37741.332
79790,37689.449
79800,37686.730
79810,37657.527
79820,37676.180
79830,37301.285
79840,37490.949
79850,37645.645
79860,37710.641
79870,37685.031
79880,37676.676
79890,37644.098
79900,37676.637
79910,37657.359
79920,37672.613
79930,37644.742
79940,37663.270
79950,37645.246
79960,37654.578
79970,37646.895
79980,37654.477
79990,37642.180
80000,37671.078
80010,37654.125
80020,37657.262
80030,37638.660
80040,37322.520
80050,37559.477
80060,37669.391
80070,37692.324
80080,37723.605
80090,37702.238
80100,37738.402
80110,37721.453
80120,37735.598
80130,37711.848
80140,37722.742
80150,37714.539
80160,37743.918
80170,37747.051
80180,37750.434
80190,37741.578
80200,37769.867
80210,37742.391
80220,37748.105
80230,37739.602
80240,37258.664
80250,37586.695
80260,37732.836
80270,37774.191
80280,37811.738
80290,37809.055
80300,37845.297
80310,37813.453
80320,37829.246
80330,37803.379
80340,37827.934
80350,37810.883
80360,37832.887
80370,37799.234
80380,37727.418
80390,37675.230
80400,37921.215
80410,37861.430
80420,37844.941
80430,37811.441
80440,37757.531
80450,37526.738
80460,37776.219
80470,37830.559
80480,37876.973
80490,37861.508
80500,37906.520
80510,37886.691
80520,37912.457
80530,37894.047
80540,37909.359
80550,37898.574
80560,37923.141
80570,37909.578
80580,37934.402
80590,37916.734
80600,37941.355
80610,37924.828
80620,37934.090
80630,37910.797
80640,37890.879
80650,37683.039
80660,38187.598
80670,38052.527
80680,38408.199
80690,38492.980
80700,38233.191
80710,38384.516
80720,38096.676
80730,38398.012
80740,37907.387
80750,38325.156
80760,38447.789
80770,38350.531
80780,38496.590
80790,37721.176
80800,37916.277
80810,37920.172
80820,37937.410
80830,37871.484
80840,37849.637
80850,37745.703
80860,37692.754
80870,37658.230
80880,37661.258
80890,37636.738
80900,37654.422
80910,37650.375
80920,37662.754
80930,37642.059
80940,37673.063
80950,37676.438
80960,37679.266
80970,37657.898
80980,37665.012
80990,37290.824
81000,37482.145
81010,37625.781
81020,37694.305
81030,37706.605
81040,37722.102
81050,37617.266
81060,37584.273
81070,37573.887
81080,37578.207
81090,37566.840
81100,37587.543
81110,37582.484
81120,37595.445
81130,37588.359
81140,37586.977
81150,37578.098
81160,37594.148
81170,37571.848
81180,37589.723
81190,37564.574
81200,37303.039
81210,37564.500
81220,37680.930
81230,37704.215
81240,37722.660
81250,37688.074
81260,37660.727
81270,37636.492
81280,37650.883
81290,37632.301
81300,37662.441
81310,37652.840
81320,37669.211
81330,37634.965
81340,37651.039
81350,37660.996
81360,37696.637
81370,37666.668
81380,37667.555
81390,37650.938
81400,37389.504
81410,37692.664
81420,37818.379
81430,37852.445
81440,37884.617
81450,37884.883
81460,37887.762
81470,37882.828
81480,37896.410
81490,37878.859
81500,37914.398
81510,37908.137
81520,37920.406
81530,37897.391
81540,37900.664
81550,37904.574
81560,37932.520
81570,37902.734
81580,37902.609
81590,37896.691
81600,37846.883
81610,37569.453
81620,37765.496
81630,37828.313
81640,37877.270
81650,37882.633
81660,37893.195
81670,37903.059
81680,37916.270
81690,37896.188
81700,37849.000
81710,37761.020
81720,37753.523
81730,37716.105
81740,37717.895
81750,37712.844
81760,37730.949
81770,37722.969
81780,37723.449
81790,37699.469
81800,37650.313
81810,37414.605
81820,37959.180
81830,37826.453
81840,38180.188
81850,38287.148
81860,38099.992
81870,38316.684
81880,38064.836
81890,38371.313
81900,37892.723
81910,38309.430
81920,38434.168
81930,38343.418
81940,38472.016
81950,37558.102
81960,37829.586
81970,37861.719
81980,37890.559
81990,37836.676
82000,37820.961
82010,37706.160
82020,37671.277
82030,37635.012
82040,37632.168
82050,37619.270
82060,37637.469
82070,37622.785
82080,37631.563
82090,37613.473
82100,37641.637
82110,37635.230
82120,37651.164
82130,37612.914
82140,37627.809
82150,37627.535
82160,37644.238
82170,37622.660
82180,37650.656
82190,37636.207
82200,37648.965
82210,37631.305
82220,37636.016
82230,37620.297
82240,37637.234
82250,37639.125
82260,37662.039
82270,37647.805
82280,37662.953
82290,37638.684
82300,37657.238
82310,37635.313
82320,37635.133
82330,37624.078
82340,37637.363
82350,37632.441
82360,37648.008
82370,37629.262
82380,37629.543
82390,37626.480
82400,37876.832
82410,37776.406
82420,37703.766
82430,37660.895
82440,37658.668
82450,37445.543
82460,37503.563
82470,37711.770
82480,37805.754
82490,37821.121
82500,37869.156
82510,37856.332
82520,37873.547
82530,37860.258
82540,37869.184
82550,37856.207
82560,37878.711
82570,37850.551
82580,37866.969
82590,37846.836
82600,37871.301
82610,37846.328
82620,37868.445
82630,37812.648
82640,37789.242
82650,37703.652
82660,37583.695
82670,37502.164
82680,37488.063
82690,37419.949
82700,37372.070
82710,37335.746
82720,37343.309
82730,37307.301
82740,37331.453
82750,37317.129
82760,37330.121
82770,37327.957
82780,37347.336
82790,37323.570
82800,37332.914
82810,37313.277
82820,37318.105
82830,37308.516
82840,37314.078
82850,37301.285
82860,37319.695
82870,37312.777
82880,37320.793
82890,37306.176
82900,37327.098
82910,37311.531
82920,37329.902
82930,37312.316
82940,37333.969
82950,37321.977
82960,36969.672
82970,37220.441
82980,37333.230
82990,37365.496
83000,37398.035
83010,37380.445
83020,37400.199
83030,37391.359
83040,37402.902
83050,37390.617
83060,37427.840
83070,37419.168
83080,37435.438
83090,37421.660
83100,37442.020
83110,37418.871
83120,37441.465
83130,37418.992
83140,37428.492
83150,37404.574
83160,37421.805
83170,37417.438
83180,37430.242
83190,37418.043
83200,37453.645
83210,37426.133
83220,37442.563
83230,37433.004
83240,37448.320
83250,37437.770
83260,37468.027
83270,37456.547
83280,37468.742
83290,37444.133
83300,37442.594
83310,37411.215
83320,37426.918
83330,37407.824
83340,37426.582
83350,37420.230
83360,37447.473
83370,37429.930
83380,37444.059
83390,37433.895
83400,37683.738
83410,37627.648
83420,37626.020
83430,37610.430
83440,37619.039
83450,37595.402
83460,37105.512
83470,37418.090
83480,37578.910
83490,37611.832
83500,37672.656
83510,37679.621
83520,37687.074
83530,37670.512
83540,37680.547
83550,37666.879
83560,37694.152
83570,37662.430
83580,37693.301
83590,37666.770
83600,37699.000
83610,37674.020
83620,37701.027
83630,37688.621
83640,37689.633
83650,37676.797
83660,37703.570
83670,37699.117
83680,37705.875
83690,37629.547
83700,37583.738
83710,37537.551
83720,37540.430
83730,37516.543
83740,37534.914
83750,37521.313
83760,37531.785
83770,37526.078
83780,37553.711
83790,37532.547
83800,37551.453
83810,37526.734
83820,37540.863
83830,37523.156
83840,37544.156
83850,37521.371
83860,37544.453
83870,37531.109
83880,37538.551
83890,37510.668
83900,37552.391
83910,37540.445
83920,37554.125
83930,37537.496
83940,37565.422
83950,37552.781
83960,37416.422
83970,37077.820
83980,37311.391
83990,37381.809
84000,37432.410
84010,37422.063
84020,37431.496
84030,37419.969
84040,37449.520
84050,37436.930
84060,37449.688
84070,37436.641
84080,37449.508
84090,37437.953
84100,37462.633
84110,37439.043
84120,37453.469
84130,37439.746
84140,37452.520
84150,37434.211
84160,37441.984
84170,37434.988
84180,37442.348
84190,37434.023
84200,37466.035
84210,37444.250
84220,37460.180
84230,37441.227
84240,37453.055
84250,37441.465
84260,37455.586
84270,37457.277
84280,37476.309
84290,37473.172
84300,37482.230
84310,37454.066
84320,37452.359
84330,37409.316
84340,37421.438
84350,37409.762
84360,37422.000
84370,37402.379
84380,37416.074
84390,37400.516
84400,37643.145
84410,37596.008
84420,37592.953
84430,37569.219
84440,37589.590
84450,37577.484
84460,37596.965
84470,37129.816
84480,37453.973
84490,37359.242
84500,37417.355
84510,37608.121
84520,37333.848
84530,37597.758
84540,37238.613
84550,37609.609
84560,37753.863
84570,37504.266
84580,37740.250
84590,37525.523
84600,38124.465
84610,37988.875
84620,38283.090
84630,38369.203
84640,38247.375
84650,38392.871
84660,38065.840
84670,38371.027
84680,37871.250
84690,38210.266
84700,38273.453
84710,38144.203
84720,38262.977
84730,37614.977
84740,37713.191
84750,37483.508
84760,38019.887
84770,38094.031
84780,38014.555
84790,38195.844
84800,37480.723
84810,37644.746
84820,37325.148
84830,37873.371
84840,38136.625
84850,37917.656
84860,38180.551
84870,37408.457
84880,37659.668
84890,37649.465
84900,37804.156
84910,38109.160
84920,37853.238
84930,38146.656
84940,37610.387
84950,37609.715
84960,37657.504
84970,37610.316
84980,38003.570
84990,37639.816
85000,38054.094
85010,37919.297
85020,37847.637
85030,38070.398
85040,38159.590
85050,38157.031
85060,38124.203
85070,37914.641
85080,38046.660
85090,38072.887
85100,38110.922
85110,38104.645
85120,37610.801
85130,37946.629
85140,38084.156
85150,38130.371
85160,38167.746
85170,38174.555
85180,38186.668
85190,38180.484
85200,38205.602
85210,38193.891
85220,38156.938
85230,38091.832
85240,38097.805
85250,38091.707
85260,38095.809
85270,38080.965
85280,38040.590
85290,37993.930
85300,38015.301
85310,38011.926
85320,37949.980
85330,37923.828
85340,38048.602
85350,38080.152
85360,38105.816
85370,38104.387
85380,38129.031
85390,38112.648
85400,38365.578
85410,38302.055
85420,38289.980
85430,38270.816
85440,38282.426
85450,38270.738
85460,38297.414
85470,38242.461
85480,38223.504
85490,38183.254
85500,38209.617
85510,38196.320
85520,38206.977
85530,37553.313
85540,37624.680
85550,37649.461
85560,37682.230
85570,37674.680
85580,37696.102
85590,37675.656
85600,37697.477
85610,37684.949
85620,37683.051
85630,37661.738
85640,37669.695
85650,37680.219
85660,37713.180
85670,37801.250
85680,37869.613
85690,37820.996
85700,37771.207
85710,37718.348
85720,37612.336
85730,37498.441
85740,37458.367
85750,37455.379
85760,37466.266
85770,37455.898
85780,37461.262
85790,37461.449
85800,37481.113
85810,37463.531
85820,37471.746
85830,37468.449
85840,37480.281
85850,37475.480
85860,37477.172
85870,37467.559
85880,37469.980
85890,37454.293
85900,37467.855
85910,37471.563
85920,37477.777
85930,37409.668
85940,37403.852
85950,37392.438
85960,37395.945
85970,37398.426
85980,37394.012
85990,37400.516
86000,37409.613
86010,37390.879
86020,37394.066
86030,36883.645
86040,37227.484
86050,37360.918
86060,37398.992
86070,37426.660
86080,37427.578
86090,37426.707
86100,37424.105
86110,37429.918
86120,37444.730
86130,37402.352
86140,37359.207
86150,37351.852
86160,37348.496
86170,37350.922
86180,37365.926
86190,37375.348
86200,37377.852
86210,37357.320
86220,37356.676
86230,37360.879
86240,37371.336
86250,37364.699
86260,37357.836
86270,37366.906
86280,37362.965
86290,37349.836
86300,37354.969
86310,37359.672
86320,37357.516
86330,37357.879
86340,37374.996
86350,37374.500
86360,37385.730
86370,37374.449
86380,37372.246
86390,37371.223
86400,37594.117
86410,37555.801
86420,37543.242
86430,37543.227
86440,37534.922
86450,37519.762
86460,37520.609
86470,37486.313
86480,37457.004
86490,37441.785
86500,37472.754
86510,37461.840
86520,37452.305
86530,37422.809
86540,37234.141
86550,37468.688
86560,37560.754
86570,37616.668
86580,37708.855
86590,37732.531
86600,37750.137
86610,37741.004
86620,37739.852
86630,37738.539
86640,37749.793
86650,37752.859
86660,37766.590
86670,37783.281
86680,37774.633
86690,37728.484
86700,37651.441
86710,37611.816
86720,37593.809
86730,37599.066
86740,37598.441
86750,37593.703
86760,37592.805
86770,37602.734
86780,37601.879
86790,37595.699
86800,37601.445
86810,37602.906
86820,37618.273
86830,37624.121
86840,37621.402
86850,37614.586
86860,37622.492
86870,37622.879
86880,37615.422
86890,37606.059
86900,37594.418
86910,37592.816
86920,37599.063
86930,37605.961
86940,37619.172
86950,37613.430
86960,37602.988
86970,37609.922
86980,37621.988
86990,37624.559
87000,37633.957
87010,37627.691
87020,37624.227
87030,37613.176
87040,37190.379
87050,37475.727
87060,37581.039
87070,37627.348
87080,37633.992
87090,37643.191
87100,37652.723
87110,37654.656
87120,37656.387
87130,37662.770
87140,37670.703
87150,37668.012
87160,37683.809
87170,37681.969
87180,37676.063
87190,37691.121
87200,37694.258
87210,37680.883
87220,37660.000
87230,37654.531
87240,37653.770
87250,37660.656
87260,37658.195
87270,37657.957
87280,37665.715
87290,37669.484
87300,37679.059
87310,37677.828
87320,37675.855
87330,37681.555
87340,37669.898
87350,37676.996
87360,37680.105
87370,37700.266
87380,37694.426
87390,37673.047
87400,37909.273
87410,37863.633
87420,37847.719
87430,37842.785
87440,37841.773
87450,37837.500
87460,37849.328
87470,37853.785
87480,37849.012
87490,37847.398
87500,37853.621
87510,37857.938
87520,37849.531
87530,37846.883
87540,37465.020
87550,37639.566
87560,37802.117
87570,37879.621
87580,37910.047
87590,37918.809
87600,37917.699
87610,37909.242
87620,37914.762
87630,37930.215
87640,37928.539
87650,37931.516
87660,37942.469
87670,37795.656
87680,37699.316
87690,37598.895
87700,37524.176
87710,37482.848
87720,37465.793
87730,37456.637
87740,37456.977
87750,37457.023
87760,37449.930
87770,37454.051
87780,37452.730
87790,37454.199
87800,37453.227
87810,37451.492
87820,37454.527
87830,37451.160
87840,37453.262
87850,37446.555
87860,37462.371
87870,37473.504
87880,37464.500
87890,37455.117
87900,37471.770
87910,37471.293
87920,37458.223
87930,37455.355
87940,37450.211
87950,37441.203
87960,37446.656
87970,37453.035
87980,37454.148
87990,37459.094
88000,37464.410
88010,37473.742
88020,37478.223
88030,37473.328
88040,37416.215
88050,37338.598
88060,37755.359
88070,37899.004
88080,37949.641
88090,37986.961
88100,37754.793
88110,37981.227
88120,38074.035
88130,38104.621
88140,38110.984
88150,37682.984
88160,37927.754
88170,38100.551
88180,38160.902
88190,38181.008
88200,38198.395
88210,37912.836
88220,38157.699
88230,38250.672
88240,38285.313
88250,38282.039
88260,37984.629
88270,38188.859
88280,38250.219
88290,38280.836
88300,38314.227
88310,37948.582
88320,38175.742
88330,38265.992
88340,38289.426
88350,38295.773
88360,38248.793
88370,37523.262
88380,37637.359
88390,37693.527
88400,37941.512
88410,37888.055
88420,37811.305
88430,37796.629
88440,37800.141
88450,37796.383
88460,37801.238
88470,37756.141
88480,37723.719
88490,37709.918
88500,37723.938
88510,37716.000
88520,37677.543
88530,37664.945
88540,37644.355
88550,37628.586
88560,37630.988
88570,37631.383
88580,37640.797
88590,37629.320
88600,37640.012
88610,37638.648
88620,37630.043
88630,37631.184
88640,37629.176
88650,37635.461
88660,37640.074
88670,37656.379
88680,37655.434
88690,37590.703
88700,37511.410
88710,37470.727
88720,37463.594
88730,37467.664
88740,37599.676
88750,37650.582
88760,37661.816
88770,37683.617
88780,37669.023
88790,37680.633
88800,37688.266
88810,37687.895
88820,37689.449
88830,37677.605
88840,37682.965
88850,37673.910
88860,37665.246
88870,37214.219
88880,37522.074
88890,37653.879
88900,37691.203
88910,37711.625
88920,37718.262
88930,37727.078
88940,37734.855
88950,37740.688
88960,37736.230
88970,37751.148
88980,37741.719
88990,37752.684
89000,37785.965
89010,37790.020
89020,37786.215
89030,37807.777
89040,37756.734
89050,37661.289
89060,37623.301
89070,37613.473
89080,37605.652
89090,37604.516
89100,37609.184
89110,37619.535
89120,37632.141
89130,37630.398
89140,37616.223
89150,37609.332
89160,37609.703
89170,37631.348
89180,37629.051
89190,37628.238
89200,37617.539
89210,37624.766
89220,37620.648
89230,37617.555
89240,37606.445
89250,37614.340
89260,37626.887
89270,37643.938
89280,37635.605
89290,37625.438
89300,37620.672
89310,37621.574
89320,37623.949
89330,37648.660
89340,37644.078
89350,37647.426
89360,37638.762
89370,37447.590
89380,37392.254
89390,37575.840
89400,37875.918
89410,37868.797
89420,37859.168
89430,37869.457
89440,37853.738
89450,37863.930
89460,37858.980
89470,37872.574
89480,37864.570
89490,37870.563
89500,37879.797
89510,37876.008
89520,37867.945
89530,37880.469
89540,37864.840
89550,37821.387
89560,37788.512
89570,37796.285
89580,37791.105
89590,37781.105
89600,37785.648
89610,37793.781
89620,37779.395
89630,37787.219
89640,37771.055
89650,37786.973
89660,37791.355
89670,37800.813
89680,37792.820
89690,37747.379
89700,37666.480
89710,37620.246
89720,37593.996
89730,37595.773
89740,37587.582
89750,37607.613
89760,37592.320
89770,37615.445
89780,37620.980
89790,37627.621
89800,37624.953
89810,37633.723
89820,37625.477
89830,37628.102
89840,37627.352
89850,37641.418
89860,37626.023
89870,37626.555
89880,37254.047
89890,37530.273
89900,37636.355
89910,37666.559
89920,37686.480
89930,37708.758
89940,37692.996
89950,37698.844
89960,37704.992
89970,37702.090
89980,37694.418
89990,37691.953
90000,37699.418
90010,37698.984
90020,37692.883
90030,37701.672
90040,37718.363
90050,37704.965
90060,37689.047
90070,37689.273
90080,37680.648
90090,37680.621
90100,37680.719
90110,37689.895
90120,37696.094
90130,37702.305
90140,37689.094
90150,37694.160
90160,37690.918
90170,37711.027
90180,37713.379
90190,37728.086
90200,37738.273
90210,37736.801
90220,37709.633
90230,37704.027
90240,37694.066
90250,37710.258
90260,37705.863
90270,37699.957
90280,37701.473
90290,37716.980
90300,37702.559
90310,37717.816
90320,37710.656
90330,37723.848
90340,37703.051
90350,37705.160
90360,37714.031
90370,37730.809
90380,37209.953
90390,37540.199
90400,37912.777
90410,37652.258
90420,37870.754
90430,37512.004
90440,37854.629
90450,37812.500
90460,37841.410
90470,38024.785
90480,37966.484
90490,38444.258
90500,38309.430
90510,38622.359
90520,38443.984
90530,38577.848
90540,38624.742
90550,38501.918
90560,38623.668
90570,38229.047
90580,38528.574
90590,38283.215
90600,38558.227
90610,38610.035
90620,37996.484
90630,38053.141
90640,37865.637
90650,38390.594
90660,38205.539
90670,38546.543
90680,38582.348
90690,37860.453
90700,37884.230
90710,37630.051
90720,38179.465
90730,38054.219
90740,38331.930
90750,38432.352
90760,37835.605
90770,37906.836
90780,37827.129
90790,38265.305
90800,38054.320
90810,38362.566
90820,38415.855
90830,37739.078
90840,37849.961
90850,37621.469
90860,38175.207
90870,38037.949
90880,38275.129
90890,38360.641
90900,37642.254
90910,37767.258
90920,37772.195
90930,37798.332
90940,37728.398
90950,37707.723
90960,37658.367
90970,37661.887
90980,37700.465
90990,37715.355
91000,37709.695
91010,37734.043
91020,37725.391
91030,37739.742
91040,37721.914
91050,37753.703
91060,37736.945
91070,37746.063
91080,37716.805
91090,37733.309
91100,37715.977
91110,37733.156
91120,37725.785
91130,37749.898
91140,37738.063
91150,37749.711
91160,37729.621
91170,37756.188
91180,37734.555
91190,37739.617
91200,37724.395
91210,37747.723
91220,37739.941
91230,37739.027
91240,37714.711
91250,37735.531
91260,37725.824
91270,37739.551
91280,37720.668
91290,37756.125
91300,37749.203
91310,37752.402
91320,37734.707
91330,37757.773
91340,37744.004
91350,37753.773
91360,37741.004
91370,37773.875
91380,37765.336
91390,37774.531
91400,37654.266
91410,38282.816
91420,38500.238
91430,38604.773
91440,38606.836
91450,38574.172
91460,38543.965
91470,38699.449
91480,38711.211
91490,38741.027
91500,38756.793
91510,38438.441
91520,38677.734
91530,38790.266
91540,38801.211
91550,38840.969
91560,38600.316
91570,38855.539
91580,38906.656
91590,38938.113
91600,38948.527
91610,38458.738
91620,38660.680
91630,38850.133
91640,38883.125
91650,38922.617
91660,38883.648
91670,38747.523
91680,38861.070
91690,38881.531
91700,38821.152
91710,38784.070
91720,37758.352
91730,38055.613
91740,38124.156
91750,38175.480
91760,38181.648
91770,38164.613
91780,38117.695
91790,38109.227
91800,38105.742
91810,38108.191
91820,38046.664
91830,38025.367
91840,37989.121
91850,38006.188
91860,37993.625
91870,38011.938
91880,37935.117
91890,37881.684
91900,37843.406
91910,37842.508
91920,37816.758
91930,37844.543
91940,37825.203
91950,37842.355
91960,37825.156
91970,37868.621
91980,37826.945
91990,37839.324
92000,37827.484
92010,37857.270
92020,37831.441
92030,37853.836
92040,37845.637
92050,37860.684
92060,37834.859
92070,37851.035
92080,37821.371
92090,37836.188
92100,37816.234
92110,37828.156
92120,37810.668
92130,37831.902
92140,37804.887
92150,37823.656
92160,37807.457
92170,37842.477
92180,37819.445
92190,37847.051
92200,37843.359
92210,37855.727
92220,37814.563
92230,37585.664
92240,37756.605
92250,37849.051
92260,37854.008
92270,37892.980
92280,37872.883
92290,37898.652
92300,37878.859
92310,37907.258
92320,37883.172
92330,37914.711
92340,37884.031
92350,37906.254
92360,37890.914
92370,37929.590
92380,37904.816
92390,37929.543
92400,38134.215
92410,38103.711
92420,38076.492
92430,38097.484
92440,38069.574
92450,38092.566
92460,38088.723
92470,38123.508
92480,38080.523
92490,38078.188
92500,38088.129
92510,38107.711
92520,38090.148
92530,38113.109
92540,38093.699
92550,38106.176
92560,38079.473
92570,38123.352
92580,38070.063
92590,38079.191
92600,38068.676
92610,38097.703
92620,38076.992
92630,38104.984
92640,38066.270
92650,38088.566
92660,38067.371
92670,38104.641
92680,38079.082
92690,38058.742
92700,37966.359
92710,37962.813
92720,37924.113
92730,37542.004
92740,37803.309
92750,37929.582
92760,37953.031
92770,38013.590
92780,37979.359
92790,38002.051
92800,37996.801
92810,38029.047
92820,38004.309
92830,38020.832
92840,37994.961
92850,38028.199
92860,38000.492
92870,38031.168
92880,37971.906
92890,37969.484
92900,37915.969
92910,37869.328
92920,37819.676
92930,37837.727
92940,37809.473
92950,37833.184
92960,37822.898
92970,37874.027
92980,37834.371
92990,37850.797
93000,37836.969
93010,37848.652
93020,37821.641
93030,37852.824
93040,37841.965
93050,37871.102
93060,37844.035
93070,37860.887
93080,37828.832
93090,37847.441
93100,37819.141
93110,37832.691
93120,37817.684
93130,37856.152
93140,37828.270
93150,37851.281
93160,37824.180
93170,37856.020
93180,37830.836
93190,37850.508
93200,37843.078
93210,37864.230
93220,37844.117
93230,37494.082
93240,37641.551
93250,37818.496
93260,37844.031
93270,37895.621
93280,37879.316
93290,37905.867
93300,37881.531
93310,37921.176
93320,37901.641
93330,37923.930
93340,37902.926
93350,37935.629
93360,37910.125
93370,37950.398
93380,37918.316
93390,37945.305
93400,38151.074
93410,38129.555
93420,38088.816
93430,38109.695
93440,38078.973
93450,38098.199
93460,38072.137
93470,38116.145
93480,38078.156
93490,38096.094
93500,38067.449
93510,38040.313
93520,38013.602
93530,38045.063
93540,38003.227
93550,38029.984
93560,37998.352
93570,38033.715
93580,37992.117
93590,38000.379
93600,37984.086
93610,38004.832
93620,37987.492
93630,38017.293
93640,37976.023
93650,38007.262
93660,37993.047
93670,38015.246
93680,37990.961
93690,37967.777
93700,37884.645
93710,37862.660
93720,37838.297
93730,37820.504
93740,37454.688
93750,37734.723
93760,37801.418
93770,37875.824
93780,37874.563
93790,37894.508
93800,37877.180
93810,37906.602
93820,37895.164
93830,37900.516
93840,37877.070
93850,37906.945
93860,37875.551
93870,37898.805
93880,37871.602
93890,37907.539
93900,37893.703
93910,37900.598
93920,37875.344
93930,37913.605
93940,37901.496
93950,37924.070
93960,37911.746
93970,37953.789
93980,37929.535
93990,37928.305
94000,37909.172
94010,37924.563
94020,37907.383
94030,37916.766
94040,37898.797
94050,37938.598
94060,37930.449
94070,37941.320
94080,37907.852
94090,37931.633
94100,37907.270
94110,37927.254
94120,37904.543
94130,37932.695
94140,37918.109
94150,37939.848
94160,37916.043
94170,37947.180
94180,37927.938
94190,37946.980
94200,37922.293
94210,37945.750
94220,37930.156
94230,37920.172
94240,37482.301
94250,38108.742
94260,38310.680
94270,38418.516
94280,38428.781
94290,38391.094
94300,38378.484
94310,38517.395
94320,38543.816
94330,38592.797
94340,38565.027
94350,38256.055
94360,38485.105
94370,38600.023
94380,38615.730
94390,38649.742
94400,38873.152
94410,38858.434
94420,38820.293
94430,38834.199
94440,38800.109
94450,38765.613
94460,38716.313
94470,38740.160
94480,38716.754
94490,38734.957
94500,38693.859
94510,38663.188
94520,38630.070
94530,38645.508
94540,38612.426
94550,38386.516
94560,38582.109
94570,38707.789
94580,38715.441
94590,38742.434
94600,38728.988
94610,38741.484
94620,38718.586
94630,38755.520
94640,38728.543
94650,38776.254
94660,38751.078
94670,38765.609
94680,38736.883
94690,38710.473
94700,38609.984
94710,38599.832
94720,38574.219
94730,38606.371
94740,38587.305
94750,38160.828
94760,37895.043
94770,38033.605
94780,38047.016
94790,38073.109
94800,38066.191
94810,38092.008
94820,38075.055
94830,38103.324
94840,38103.855
94850,38128.332
94860,38108.000
94870,38141.730
94880,38119.477
94890,38145.625
94900,38117.125
94910,38145.180
94920,38117.711
94930,38139.652
94940,38111.465
94950,38133.332
94960,38103.070
94970,38135.840
94980,37982.676
94990,37959.648
95000,37927.734
95010,37946.816
95020,37932.488
95030,37948.617
95040,37920.535
95050,37952.469
95060,37939.734
95070,37977.898
95080,37951.039
95090,37969.652
95100,37943.141
95110,37946.539
95120,37919.238
95130,37955.965
95140,37940.480
95150,37944.047
95160,37873.367
95170,37876.793
95180,37838.461
95190,37851.691
95200,37837.270
95210,37860.082
95220,37837.691
95230,37868.605
95240,37854.367
95250,37868.723
95260,37476.691
95270,37757.160
95280,37828.379
95290,37900.199
95300,37899.734
95310,37924.051
95320,37906.766
95330,37942.813
95340,37922.176
95350,37924.066
95360,37858.602
95370,37858.285
95380,37831.676
95390,37858.508
95400,38076.059
95410,38053.246
95420,38019.605
95430,38027.469
95440,37981.996
95450,37995.492
95460,37981.617
95470,38008.207
95480,37989.566
95490,38006.445
95500,37997.289
95510,38010.871
95520,37989.398
95530,38019.336
95540,37982.469
95550,38009.715
95560,38001.500
95570,38033.438
95580,38024.031
95590,38046.430
95600,38018.629
95610,38027.125
95620,38000.680
95630,38024.367
95640,37990.520
95650,38032.340
95660,38015.266
95670,38045.453
95680,38012.875
95690,37980.590
95700,37878.539
95710,37861.891
95720,37828.980
95730,37865.688
95740,37790.484
95750,37727.988
95760,37166.758
95770,37530.516
95780,37635.160
95790,37635.156
95800,37626.715
95810,37656.594
95820,37636.980
95830,37655.715
95840,37632.465
95850,37656.902
95860,37632.359
95870,37646.281
95880,37638.180
95890,37656.656
95900,37634.504
95910,37655.754
95920,37630.457
95930,37659.168
95940,37640.152
95950,37659.820
95960,37631.332
95970,37672.641
95980,37642.035
95990,37660.488
96000,37656.633
96010,37669.566
96020,37647.676
96030,37672.680
96040,37647.504
96050,37680.602
96060,37655.793
96070,37675.965
96080,37660.895
96090,37677.387
96100,37655.246
96110,37660.102
96120,37642.539
96130,37667.906
96140,37651.855
96150,37657.086
96160,37651.738
96170,37694.590
96180,37660.273
96190,37669.270
96200,37655.340
96210,37673.496
96220,37654.270
96230,37682.371
96240,37627.152
96250,37625.273
96260,37599.156
96270,37372.328
96280,37584.887
96290,37262.180
96300,37617.965
96310,37577.051
96320,37573.148
96330,37814.500
96340,37506.527
96350,37791.063
96360,37420.559
96370,38153.270
96380,38345.250
96390,38338.066
96400,38708.488
96410,38088.695
96420,38121.586
96430,37692.883
96440,38335.305
96450,38549.699
96460,38368.008
96470,38611.738
96480,37838.906
96490,38054.105
96500,37893.801
96510,38276.543
96520,38514.438
96530,38293.938
96540,38544.547
96550,37831.086
96560,38011.879
96570,38073.277
96580,37977.805
96590,38284.461
96600,37958.180
96610,38309.535
96620,37918.945
96630,37752.730
96640,37812.668
96650,37767.184
96660,38207.105
96670,37867.211
96680,38282.316
96690,38346.344
96700,37596.102
96710,37680.230
96720,37666.980
96730,37700.613
96740,37627.742
96750,37625.805
96760,37522.586
96770,37483.449
96780,37447.668
96790,37434.152
96800,37417.281
96810,37443.715
96820,37430.945
96830,37439.473
96840,37434.652
96850,37465.969
96860,37445.336
96870,37448.484
96880,37408.051
96890,37427.762
96900,37425.961
96910,37432.629
96920,37408.453
96930,37444.461
96940,37432.730
96950,37444.086
96960,37430.559
96970,37442.191
96980,37426.465
96990,37439.352
97000,37433.824
97010,37458.320
97020,37433.852
97030,37444.820
97040,37422.133
97050,37442.809
97060,37418.605
97070,37429.535
97080,37416.574
97090,37435.258
97100,37432.230
97110,37449.262
97120,37426.059
97130,37449.832
97140,37430.582
97150,37444.449
97160,37432.539
97170,37451.344
97180,37448.707
97190,37468.008
97200,37184.355
97210,37764.309
97220,37944.422
97230,38050.070
97240,38057.289
97250,37769.465
97260,37995.910
97270,38133.734
97280,38154.191
97290,38181.285
97300,38170.375
97310,37912.305
97320,38117.203
97330,38225.789
97340,38231.914
97350,38266.762
97360,37841.938
97370,38200.824
97380,38303.816
97390,38370.031
97400,38613.863
97410,38184.625
97420,38382.695
97430,38475.105
97440,38504.109
97450,38536.875
97460,38486.395
97470,38373.105
97480,38464.824
97490,38523.355
97500,38533.242
97510,38533.551
97520,37682.539
97530,37862.910
97540,37891.066
97550,37951.699
97560,37951.359
97570,37908.648
97580,37868.902
97590,37871.570
97600,37856.027
97610,37867.602
97620,37783.121
97630,37789.906
97640,37768.605
97650,37781.465
97660,37766.570
97670,37762.055
97680,37710.098
97690,37650.691
97700,37551.230
97710,37535.195
97720,37502.766
97730,37525.398
97740,37506.441
97750,37530.637
97760,37506.680
97770,37527.168
97780,37498.020
97790,37510.457
97800,37508.168
97810,37536.066
97820,37519.227
97830,37542.996
97840,37530.805
97850,37546.887
97860,37509.016
97870,37524.027
97880,37516.184
97890,37528.629
97900,37498.082
97910,37519.703
97920,37497.781
97930,37509.293
97940,37486.930
97950,37505.531
97960,37487.563
97970,37507.941
97980,37506.004
97990,37528.258
98000,37510.875
98010,37527.520
98020,37125.320
98030,37309.590
98040,37452.121
98050,37548.371
98060,37553.828
98070,37577.137
98080,37568.773
98090,37586.602
98100,37578.277
98110,37605.160
98120,37588.691
98130,37603.563
98140,37590.801
98150,37603.969
98160,37581.313
98170,37542.867
98180,37531.059
98190,37539.984
98200,37524.652
98210,37521.258
98220,37507.203
98230,37523.918
98240,37512.539
98250,37536.145
98260,37526.527
98270,37530.785
98280,37522.477
98290,37525.633
98300,37520.586
98310,37533.699
98320,37524.949
98330,37545.008
98340,37549.555
98350,37569.270
98360,37553.449
98370,37551.891
98380,37533.281
98390,37535.715
98400,37756.039
98410,37733.691
98420,37716.055
98430,37722.934
98440,37695.156
98450,37712.316
98460,37688.047
98470,37694.680
98480,37697.207
98490,37716.371
98500,37720.551
98510,37743.473
98520,37737.023
98530,37454.434
98540,37697.363
98550,37821.750
98560,37847.773
98570,37884.754
98580,37871.492
98590,37881.113
98600,37873.242
98610,37886.785
98620,37864.805
98630,37882.609
98640,37847.020
98650,37891.359
98660,37878.973
98670,37911.805
98680,37895.277
98690,37870.473
98700,37771.863
98710,37740.430
98720,37714.387
98730,37740.746
98740,37711.750
98750,37728.207
98760,37712.875
98770,37734.922
98780,37711.285
98790,37725.820
98800,37714.789
98810,37744.020
98820,37723.172
98830,37750.730
98840,37737.523
98850,37757.527
98860,37721.875
98870,37736.230
98880,37710.758
98890,37745.992
98900,37737.559
98910,37749.492
98920,37726.027
98930,37757.699
98940,37736.195
98950,37748.551
98960,37724.805
98970,37739.816
98980,37721.922
98990,37742.656
99000,37733.289
99010,37763.102
99020,37738.301
99030,37247.789
99040,37572.691
99050,37720.344
99060,37753.742
99070,37794.809
99080,37782.254
99090,37812.328
99100,37804.945
99110,37818.824
99120,37805.902
99130,37824.398
99140,37805.723
99150,37824.617
99160,37804.953
99170,37823.848
99180,37803.523
99190,37837.141
99200,37811.289
99210,37815.656
99220,37797.031
99230,37815.594
99240,37786.746
99250,37810.574
99260,37796.266
99270,37811.117
99280,37803.047
99290,37831.453
99300,37822.652
99310,37834.102
99320,37807.145
99330,37838.965
99340,37822.488
99350,37859.938
99360,37841.324
99370,37842.699
99380,37884.754
99390,37917.824
99400,38163.230
99410,38146.461
99420,38109.867
99430,38131.988
99440,38102.457
99450,38116.633
99460,38097.160
99470,38134.758
99480,38110.488
99490,38111.824
99500,38110.297
99510,38136.391
99520,38119.391
99530,38118.000
99540,38185.234
99550,38553.414
99560,38674.516
99570,38747.594
99580,38749.566
99590,38413.875
99600,38689.727
99610,38817.813
99620,38821.348
99630,38868.742
99640,38270.203
99650,38703.461
99660,38836.781
99670,38922.629
99680,38918.656
99690,38893.848
99700,38562.375
99710,38775.520
99720,38825.652
99730,38891.668
99740,38844.910
99750,38602.902
99760,38757.035
99770,38842.137
99780,38831.281
99790,38856.992
99800,38513.945
99810,38764.898
99820,38820.816
99830,38884.352
99840,38864.801
99850,38629.637
99860,37996.016
99870,38187.109
99880,38241.484
99890,38295.121
99900,38260.438
99910,38235.645
99920,38191.355
99930,38223.648
99940,38196.539
99950,38177.730
99960,38108.898
99970,38110.855
99980,38086.664
99990,38108.793
100000,38100.641
100010,38065.336
100020,38004.703
100030,37938.375
100040,37831.766
100050,37835.660
100060,37811.000
100070,37840.152
100080,37813.785
100090,37858.418
100100,37842.207
100110,37847.770
100120,37823.781
100130,37836.332
100140,37812.953
100150,37838.414
100160,37829.688
100170,37854.207
100180,37834.277
100190,37834.426
100200,37825.438
100210,37839.043
100220,37812.645
100230,37842.762
100240,37824.051
100250,37857.109
100260,37833.328
100270,37843.266
100280,37816.090
100290,37845.152
100300,37841.523
100310,37850.859
100320,37826.711
100330,37859.441
100340,37844.723
100350,37841.805
100360,37358.637
100370,37694.949
100380,37801.375
100390,37863.008
100400,38087.387
100410,38019.453
100420,37970.391
100430,37989.695
100440,37976.555
100450,38000.813
100460,37968.387
100470,37926.375
100480,37834.469
100490,37799.109
100500,37788.539
100510,37794.445
100520,37785.484
100530,37790.121
100540,37717.004
100550,37697.172
100560,37683.391
100570,37709.957
100580,37689.152
100590,37712.172
100600,37700.363
100610,37714.699
100620,37677.953
100630,37719.063
100640,37701.473
100650,37720.988
100660,37719.281
100670,37749.203
100680,37741.422
100690,37698.793
100700,37602.836
100710,37585.355
100720,37542.344
100730,37556.262
100740,37532.922
100750,37537.734
100760,37519.891
100770,37546.031
100780,37525.199
100790,37541.422
100800,37543.898
100810,37559.652
100820,37541.898
100830,37571.609
100840,37546.320
100850,37551.898
100860,37347.391
100870,37380.168
100880,37550.340
100890,37636.289
100900,37664.102
100910,37684.750
100920,37662.613
100930,37685.820
100940,37684.371
100950,37705.926
100960,37680.289
100970,37703.035
100980,37689.383
100990,37708.301
101000,37706.082
101010,37722.219
101020,37705.410
101030,37722.387
101040,37663.582
101050,37660.121
101060,37625.199
101070,37637.512
101080,37623.945
101090,37639.863
101100,37633.738
101110,37651.352
101120,37625.082
101130,37648.160
101140,37641.445
101150,37667.375
101160,37653.594
101170,37673.668
101180,37659.453
101190,37667.551
101200,37655.313
101210,37659.543
101220,37630.734
101230,37647.137
101240,37630.742
101250,37650.953
101260,37645.109
101270,37656.590
101280,37631.535
101290,37619.102
101300,37623.844
101310,37644.484
101320,37614.406
101330,37629.461
101340,37612.832
101350,37645.133
101360,37634.039
101370,37282.074
101380,37535.813
101390,37651.316
101400,37905.742
101410,37888.328
101420,37858.539
101430,37890.105
101440,37871.992
101450,37886.891
101460,37868.758
101470,37889.508
101480,37863.777
101490,37860.320
101500,37870.875
101510,37888.789
101520,37876.598
101530,37897.031
101540,37872.320
101550,37891.902
101560,37862.672
101570,37888.418
101580,37893.520
101590,37896.824
101600,37895.430
101610,37896.078
101620,37867.355
101630,37879.344
101640,37864.574
101650,37883.012
101660,37881.184
101670,37906.039
101680,37906.918
101690,37868.730
101700,37760.777
101710,37746.914
101720,37712.516
101730,37719.383
101740,37503.254
101750,37454.492
101760,37416.590
101770,37425.547
101780,37413.027
101790,37423.035
101800,37411.836
101810,37422.805
101820,37408.320
101830,37437.426
101840,37425.121
101850,37444.883
101860,37422.512
101870,36916.250
101880,37246.895
101890,37395.512
101900,37162.398
101910,37426.602
101920,37065.930
101930,37438.488
101940,37374.152
101950,37429.047
101960,37569.160
101970,37549.977
101980,38011.871
101990,37657.504
102000,38073.840
102010,38188.984
102020,37956.813
102030,38164.273
102040,38016.793
102050,38240.344
102060,37573.121
102070,37691.965
102080,37647.746
102090,37882.645
102100,38101.859
102110,37865.063
102120,38111.160
102130,37375.133
102140,37558.895
102150,37638.887
102160,37688.297
102170,38052.008
102180,37738.441
102190,38098.473
102200,37729.613
102210,37548.641
102220,37605.633
102230,37566.766
102240,38000.363
102250,37630.332
102260,38048.223
102270,38179.563
102280,37509.824
102290,37626.145
102300,37398.086
102310,37980.125
102320,37797.449
102330,38018.484
102340,38159.871
102350,37485.980
102360,37616.895
102370,37663.395
102380,37656.039
102390,37603.648
102400,37809.492
102410,37732.605
102420,37670.059
102430,37675.625
102440,37637.473
102450,37641.012
102460,37625.805
102470,37644.449
102480,37626.945
102490,37635.176
102500,37648.453
102510,37669.273
102520,37641.711
102530,37646.223
102540,37614.680
102550,37649.461
102560,37637.098
102570,37652.770
102580,37647.820
102590,37665.914
102600,37659.301
102610,37652.934
102620,37628.801
102630,37663.539
102640,37646.160
102650,37674.641
102660,37662.406
102670,37695.617
102680,37670.629
102690,37604.832
102700,37524.934
102710,37501.801
102720,37479.082
102730,37496.770
102740,37466.523
102750,37500.480
102760,37487.328
102770,37509.266
102780,37493.848
102790,37514.445
102800,37499.941
102810,37508.113
102820,37490.867
102830,37494.305
102840,37480.355
102850,37051.613
102860,37715.820
102870,37925.832
102880,37980.488
102890,38015.500
102900,38006.980
102910,37932.168
102920,38061.352
102930,38132.203
102940,38134.574
102950,38151.922
102960,37790.438
102970,38186.836
102980,38314.523
102990,38385.828
103000,38394.066
103010,38411.563
103020,38390.250
103030,38410.883
103040,38394.629
103050,38418.656
103060,38338.965
103070,38336.406
103080,38308.285
103090,38317.391
103100,38304.242
103110,38290.031
103120,38241.602
103130,38237.273
103140,38222.941
103150,38246.008
103160,37961.578
103170,38207.691
103180,38279.137
103190,38331.410
103200,38336.379
103210,38358.406
103220,38358.289
103230,38379.344
103240,38354.191
103250,38366.066
103260,38348.172
103270,38371.551
103280,38345.789
103290,38348.949
103300,38334.301
103310,38359.957
103320,38348.844
103330,38365.453
103340,38338.609
103350,38350.516
103360,38127.297
103370,38103.852
103380,38231.637
103390,38315.969
103400,38564.770
103410,38541.469
103420,38501.652
103430,38521.801
103440,38505.629
103450,38522.102
103460,38502.824
103470,38536.855
103480,38492.254
103490,38506.711
103500,38496.652
103510,38516.383
103520,38505.383
103530,38521.254
103540,38500.723
103550,38513.273
103560,38516.035
103570,38381.102
103580,38519.105
103590,38595.992
103600,38608.223
103610,38616.023
103620,38587.164
103630,38618.570
103640,38603.590
103650,38631.879
103660,38628.727
103670,38651.383
103680,38639.008
103690,38605.656
103700,38514.563
103710,38502.535
103720,38482.309
103730,38484.059
103740,38458.258
103750,38471.895
103760,38441.758
103770,37566.965
103780,37735.887
103790,37821.953
103800,37844.516
103810,37874.844
103820,37857.574
103830,37879.953
103840,37856.227
103850,37898.000
103860,37875.723
103870,37895.301
103880,37866.418
103890,37886.160
103900,37874.688
103910,37886.090
103920,37878.977
103930,37895.164
103940,37865.270
103950,37879.309
103960,37884.508
103970,37841.785
103980,37794.613
103990,37800.070
104000,37796.789
104010,37799.527
104020,37778.371
104030,37820.633
104040,37805.211
104050,37815.855
104060,37797.285
104070,37767.953
104080,37721.766
104090,37739.680
104100,37743.676
104110,37768.559
104120,37749.012
104130,37762.285
104140,37748.832
104150,37770.242
104160,37757.254
104170,37739.004
104180,37672.754
104190,37676.313
104200,37660.133
104210,37672.336
104220,37646.141
104230,37666.613
104240,37643.691
104250,37671.520
104260,37647.641
104270,37640.188
104280,37377.613
104290,37583.406
104300,37647.344
104310,37694.250
104320,37690.781
104330,37721.055
104340,37690.957
104350,37719.465
104360,37714.613
104370,37704.074
104380,37630.793
104390,37635.484
104400,37848.797
104410,37817.422
104420,37774.535
104430,37815.855
104440,37798.703
104450,37795.586
104460,37779.699
104470,37804.730
104480,37710.762
104490,37693.727
104500,37694.867
104510,37704.195
104520,37702.691
104530,37726.516
104540,37693.180
104550,37743.496
104560,37731.473
104570,37761.277
104580,37732.320
104590,37764.582
104600,37762.496
104610,37756.074
104620,37709.961
104630,37751.055
104640,37719.156
104650,37749.691
104660,37745.941
104670,37775.965
104680,37753.656
104690,37710.508
104700,37622.742
104710,37606.176
104720,37570.262
104730,37578.266
104740,37558.691
104750,37592.953
104760,37578.852
104770,37597.488
104780,37184.289
104790,37537.719
104800,37643.004
104810,37716.363
104820,37714.551
104830,37736.434
104840,37734.988
104850,37749.031
104860,37726.426
104870,37748.453
104880,37730.070
104890,37757.035
104900,37736.836
104910,37748.496
104920,37745.168
104930,37771.160
104940,37746.086
104950,37752.258
104960,37736.297
104970,37757.125
104980,37734.031
104990,37764.031
105000,37746.379
105010,37774.637
105020,37750.762
105030,37776.461
105040,37754.984
105050,37775.102
105060,37751.883
105070,37774.898
105080,37769.000
105090,37786.418
105100,37773.473
105110,37791.578
105120,37766.836
105130,37790.301
105140,37767.570
105150,37791.523
105160,37749.613
105170,37778.496
105180,37761.164
105190,37778.996
105200,37760.063
105210,37768.484
105220,37751.234
105230,37787.766
105240,37763.215
105250,37791.680
105260,37760.234
105270,37775.879
105280,37380.563
105290,37569.328
105300,37726.250
105310,37815.250
105320,37810.844
105330,37843.297
105340,37820.043
105350,37846.879
105360,37839.629
105370,37852.563
105380,37829.063
105390,37847.688
105400,38079.273
105410,38061.125
105420,38010.211
105430,38032.531
105440,38009.297
105450,38024.727
105460,37996.457
105470,38024.785
105480,38001.816
105490,38004.629
105500,38009.891
105510,38028.566
105520,38006.707
105530,38019.762
105540,37998.164
105550,38032.590
105560,38010.066
105570,38031.777
105580,38013.836
105590,38031.445
105600,38024.203
105610,38042.719
105620,38004.117
105630,38036.285
105640,38000.563
105650,38034.789
105660,38017.184
105670,38053.563
105680,38026.742
105690,37986.730
105700,37887.379
105710,37882.125
105720,37841.262
105730,37862.277
105740,37839.395
105750,37871.977
105760,37855.859
105770,37885.965
105780,37865.543
105790,37838.691
105800,38241.605
105810,38412.422
105820,38439.559
105830,38489.000
105840,38005.750
105850,38400.211
105860,38504.863
105870,38582.676
105880,38584.133
105890,38393.340
105900,38373.316
105910,38581.906
105920,38631.258
105930,38688.355
105940,38686.824
105950,38414.934
105960,38578.195
105970,38672.711
105980,38675.652
105990,38687.609
106000,38179.074
106010,38533.930
106020,38629.414
106030,38682.250
106040,38687.887
106050,38430.223
106060,37925.043
106070,38050.469
106080,38073.645
106090,38104.418
106100,38102.973
106110,38109.816
106120,38090.648
106130,38110.684
106140,38114.277
106150,38089.367
106160,38035.953
106170,38048.859
106180,38031.594
106190,38024.293
106200,38010.617
106210,37969.051
106220,37924.613
106230,37920.695
106240,37911.961
106250,37941.230
106260,37929.715
106270,37945.238
106280,37832.078
106290,37728.203
106300,37672.180
106310,37673.578
106320,37644.578
106330,37648.246
106340,37642.547
106350,37657.867
106360,37606.941
106370,37606.625
106380,37598.629
106390,37606.387
106400,37819.188
106410,37769.770
106420,37733.449
106430,37743.594
106440,37738.516
106450,37750.305
106460,37754.438
106470,37764.676
106480,37753.992
106490,37740.375
106500,37745.500
106510,37762.578
106520,37747.105
106530,37757.723
106540,37758.258
106550,37771.613
106560,37379.223
106570,37709.805
106580,37827.629
106590,37867.363
106600,37888.395
106610,37886.477
106620,37876.258
106630,37906.324
106640,37904.172
106650,37916.523
106660,37909.977
106670,37924.742
106680,37909.277
106690,37865.664
106700,37780.965
106710,37762.688
106720,37756.254
106730,37760.418
106740,37741.242
106750,37751.816
106760,37753.789
106770,37758.836
106780,37750.691
106790,37760.609
106800,37750.320
106810,37748.898
106820,37735.277
106830,37754.262
106840,37748.238
106850,37761.594
106860,37759.492
106870,37780.375
106880,37783.559
106890,37787.441
106900,37765.883
106910,37778.949
106920,37772.898
106930,37785.941
106940,37771.531
106950,37780.625
106960,37781.434
106970,37780.098
106980,37754.922
106990,37773.621
107000,37776.438
107010,37774.410
107020,37775.969
107030,37786.523
107040,37778.063
107050,37779.020
107060,37389.813
107070,37571.738
107080,37720.918
107090,37797.863
107100,37825.297
107110,37844.594
107120,37845.113
107130,37853.023
107140,37859.551
107150,37885.813
107160,37868.645
107170,37875.332
107180,37869.113
107190,37861.934
107200,37849.133
107210,37854.996
107220,37857.266
107230,37865.215
107240,37853.992
107250,37863.078
107260,37854.258
107270,37851.852
107280,37856.359
107290,37834.129
107300,37794.164
107310,37774.242
107320,37752.660
107330,37757.563
107340,37742.242
107350,37764.004
107360,37768.887
107370,37791.117
107380,37794.016
107390,37795.691
107400,38006.742
107410,37968.164
107420,37937.176
107430,37933.582
107440,37911.918
107450,37921.402
107460,37926.531
107470,37938.340
107480,37916.195
107490,37923.980
107500,37935.648
107510,37942.285
107520,37938.012
107530,37940.223
107540,37937.207
107550,37952.477
107560,37947.797
107570,37611.141
107580,37838.031
107590,37443.992
107600,37827.320
107610,37955.563
107620,37769.445
107630,38014.656
107640,37691.770
107650,38033.883
107660,37759.297
107670,37995.926
107680,38110.242
107690,38098.633
107700,38445.223
107710,38300.445
107720,38552.246
107730,38155.172
107740,38422.590
107750,38563.656
107760,38327.520
107770,38566.934
107780,37765.680
107790,38002.816
107800,38007.160
107810,37808.961
107820,37953.133
107830,37625.012
107840,37901.746
107850,37635.098
107860,37824.180
107870,37981.027
107880,37584.676
107890,37907.500
107900,37982.031
107910,38027.578
107920,37981.418
107930,37968.977
107940,37915.586
107950,37884.027
107960,37890.027
107970,37883.945
107980,37877.297
107990,37871.953
108000,37864.867
108010,37865.793
108020,37867.684
108030,37859.594
108040,37857.336
108050,37865.965
108060,37800.793
108070,37736.711
108080,37708.707
108090,37709.168
108100,37709.766
108110,37728.410
108120,37701.523
108130,37717.180
108140,37685.852
108150,37691.875
108160,37688.906
108170,37698.395
108180,37699.113
108190,37724.473
108200,37726.164
108210,37723.086
108220,37702.980
108230,37698.961
108240,37698.008
108250,37717.574
108260,37715.336
108270,37714.922
108280,37704.750
108290,37723.324
108300,37711.938
108310,37707.965
108320,37693.836
108330,37704.785
108340,37686.316
108350,37700.996
108360,37702.438
108370,37719.445
108380,37516.668
108390,38153.586
108400,38613.500
108410,38648.844
108420,38652.285
108430,38601.730
108440,38580.348
108450,38715.953
108460,38766.078
108470,38792.980
108480,38793.828
108490,38467.340
108500,38746.570
108510,38840.504
108520,38876.250
108530,38899.246
108540,38429.215
108550,38796.949
108560,38940.898
108570,39001.316
108580,39020.313
108590,38739.051
108600,38824.602
108610,38934.281
108620,38958.281
108630,38993.270
108640,38944.953
108650,38791.383
108660,38942.637
108670,39007.109
108680,38998.535
108690,38939.578
108700,37866.492
108710,38102.227
108720,38188.453
108730,38231.527
108740,38241.844
108750,38193.215
108760,38163.223
108770,38163.520
108780,38155.715
108790,38152.531
108800,38107.719
108810,38079.293
108820,38050.094
108830,38054.895
108840,38048.891
108850,38026.887
108860,37988.410
108870,37978.117
108880,37953.445
108890,37940.211
108900,37963.219
108910,37968.242
108920,37957.434
108930,37962.063
108940,37948.480
108950,37949.957
108960,37962.563
108970,37951.430
108980,37963.547
108990,37968.203
109000,37969.887
109010,37987.121
109020,37996.586
109030,37991.844
109040,37976.152
109050,37975.047
109060,37965.191
109070,37958.352
109080,37959.516
109090,37966.547
109100,37965.184
109110,37964.164
109120,37962.914
109130,37961.176
109140,37955.086
109150,37963.355
109160,37961.637
109170,37974.613
109180,37969.273
109190,37958.629
109200,37934.750
109210,37700.934
109220,37885.684
109230,37977.176
109240,38012.023
109250,38024.266
109260,38042.328
109270,38044.289
109280,38045.969
109290,38064.168
109300,38053.570
109310,38057.922
109320,38059.105
109330,38063.348
109340,38060.566
109350,38071.770
109360,38075.828
109370,38078.117
109380,38074.605
109390,38058.531
109400,38296.480
109410,38258.563
109420,38231.344
109430,38223.000
109440,38210.582
109450,38202.492
109460,38211.125
109470,38221.387
109480,38216.840
109490,38221.621
109500,38235.727
109510,38241.496
109520,38251.973
109530,38244.004
109540,38228.285
109550,38225.117
109560,38242.773
109570,38244.563
109580,38233.707
109590,38247.781
109600,38230.383
109610,38239.270
109620,38220.629
109630,38225.680
109640,38229.934
109650,38241.797
109660,38241.789
109670,38265.328
109680,38261.039
109690,38089.586
109700,37946.270
109710,37477.871
109720,37741.633
109730,37855.914
109740,37901.801
109750,37927.023
109760,37926.605
109770,37931.883
109780,37917.219
109790,37937.953
109800,37925.004
109810,37920.953
109820,37907.922
109830,37917.680
109840,37917.707
109850,37916.695
109860,37910.586
109870,37914.320
109880,37901.293
109890,37750.371
109900,37693.145
109910,37681.457
109920,37669.625
109930,37668.215
109940,37669.238
109950,37668.254
109960,37676.695
109970,37669.500
109980,37670.559
109990,37663.777
110000,37666.488
110010,37687.113
110020,37678.422
110030,37685.117
110040,37689.070
110050,37672.617
110060,37671.859
110070,37681.250
110080,37674.125
110090,37676.043
110100,37677.859
110110,37695.789
110120,37687.895
110130,37690.352
110140,37683.996
110150,37682.828
110160,37692.371
110170,37706.664
110180,37699.770
110190,37694.609
110200,37708.141
110210,37320.242
110220,37475.762
110230,37645.977
110240,37711.039
110250,37755.414
110260,37747.141
110270,37712.777
110280,37684.441
110290,37663.449
110300,37669.602
110310,37678.137
110320,37673.621
110330,37677.121
110340,37667.660
110350,37676.273
110360,37675.031
110370,37685.824
110380,37689.563
110390,37687.402
110400,37935.504
110410,37901.980
110420,37877.242
110430,37874.184
110440,37867.371
110450,37868.980
110460,37867.492
110470,37867.523
110480,37848.352
110490,37848.570
110500,37870.406
110510,37862.727
110520,37865.586
110530,37874.102
110540,37872.754
110550,37872.344
110560,37860.973
110570,37862.133
110580,37869.910
110590,37867.699
110600,37866.887
110610,37862.465
110620,37839.680
110630,37852.371
110640,37841.262
110650,37848.020
110660,37861.887
110670,37872.254
110680,37874.723
110690,37828.109
110700,37752.023
110710,37674.723
110720,37333.844
110730,37593.242
110740,37681.664
110750,37731.297
110760,37747.094
110770,37751.691
110780,37762.219
110790,37760.520
110800,37774.352
110810,37766.855
110820,37752.566
110830,37752.316
110840,37744.234
110850,37764.285
110860,37764.035
110870,37773.422
110880,37790.000
110890,37773.867
110900,37757.660
110910,37757.516
110920,37755.348
110930,37754.574
110940,37741.516
110950,37764.840
110960,37765.465
110970,37762.938
110980,37761.191
110990,37763.324
111000,37767.871
111010,37776.848
111020,37768.809
111030,37788.320
111040,37773.625
111050,37775.926
111060,37762.965
111070,37756.328
111080,37758.355
111090,37760.770
111100,37773.543
111110,37771.492
111120,37781.285
111130,37781.090
111140,37772.793
111150,37783.281
111160,37773.590
111170,37772.340
111180,37778.441
111190,37778.195
111200,37787.715
111210,37748.313
111220,37344.234
111230,37946.691
111240,38167.957
111250,38254.266
111260,38276.914
111270,38216.313
111280,38224.266
111290,38354.406
111300,38412.266
111310,38423.926
111320,38448.902
111330,38128.293
111340,38374.652
111350,38462.559
111360,38502.980
111370,38511.262
111380,38516.348
111390,38516.680
111400,38765.719
111410,38712.008
111420,38688.977
111430,38649.359
111440,38618.254
111450,38594.453
111460,38597.141
111470,38601.359
111480,38562.457
111490,38525.762
111500,38521.227
111510,38520.695
111520,38515.504
111530,38246.813
111540,38455.375
111550,38548.168
111560,38594.559
111570,38599.188
111580,38614.633
111590,38612.055
111600,38616.457
111610,38606.809
111620,38592.883
111630,38594.809
111640,38598.582
111650,38612.809
111660,38630.836
111670,38647.531
111680,38628.242
111690,38578.262
111700,38498.883
111710,38475.516
111720,38405.363
111730,37913.469
111740,38158.422
111750,38321.203
111760,38385.563
111770,38404.406
111780,38420.387
111790,38432.254
111800,38433.895
111810,38430.895
111820,38428.914
111830,38429.531
111840,38430.727
111850,38437.098
111860,38434.250
111870,38430.199
111880,38434.387
111890,38435.602
111900,38437.137
111910,38441.164
111920,38438.941
111930,38442.000
111940,38166.105
111950,38403.773
111960,38504.633
111970,38537.785
111980,38558.680
111990,38563.965
112000,38573.992
112010,38565.313
112020,38561.551
112030,38570.824
112040,38571.570
112050,38557.824
112060,38560.590
112070,38553.852
112080,38557.273
112090,38556.469
112100,38560.840
112110,38552.305
112120,38549.289
112130,38542.836
112140,37653.199
112150,37824.813
112160,37898.754
112170,37929.660
112180,37944.941
112190,37945.602
112200,37963.559
112210,37967.602
112220,37885.547
112230,37836.723
112240,37801.008
112250,37784.059
112260,37791.691
112270,37783.266
112280,37792.242
112290,37785.723
112300,37800.750
112310,37797.152
112320,37780.488
112330,37783.414
112340,37784.227
112350,37782.871
112360,37783.523
112370,37782.727
112380,37782.609
112390,37796.961
112400,38039.270
112410,37998.973
112420,37963.957
112430,37968.930
112440,37970.199
112450,37964.012
112460,37976.934
112470,37983.176
112480,37974.941
112490,37962.199
112500,37962.938
112510,37963.988
112520,37954.707
112530,37948.504
112540,37945.102
112550,37948.285
112560,37960.434
112570,37964.777
112580,37975.262
112590,37982.270
112600,37980.063
112610,37974.730
112620,37964.531
112630,37976.398
112640,37956.082
112650,37708.656
112660,37910.941
112670,38001.512
112680,38025.008
112690,37968.887
112700,37907.129
112710,37887.590
112720,37878.594
112730,37884.777
112740,37797.938
112750,37731.582
112760,37708.523
112770,37700.906
112780,37698.238
112790,37703.605
112800,37718.457
112810,37718.164
112820,37697.691
112830,37700.289
112840,37692.352
112850,37700.043
112860,37689.988
112870,37698.746
112880,37708.918
112890,37699.266
112900,37705.844
112910,37701.547
112920,37696.684
112930,37696.715
112940,37659.352
112950,37635.152
112960,37626.922
112970,37620.746
112980,37607.734
112990,37601.957
113000,37606.645
113010,37607.754
113020,37605.820
113030,37605.293
113040,37599.070
113050,37600.711
113060,37595.395
113070,37597.895
113080,37600.922
113090,37593.609
113100,37604.078
113110,37613.668
113120,37618.664
113130,37619.391
113140,37622.395
113150,37245.313
113160,37558.590
113170,37305.273
113180,37526.883
113190,37717.449
113200,37492.430
113210,37754.680
113220,37360.824
113230,37758.969
113240,37837.496
113250,37646.258
113260,37824.852
113270,37716.887
113280,38246.074
113290,37872.063
113300,38320.258
113310,38459.102
113320,38202.523
113330,38409.973
113340,38266.324
113350,38476.504
113360,37872.742
113370,37953.457
113380,37963.766
113390,37676.855
113400,38082.160
113410,37666.359
113420,37968.891
113430,37831.441
113440,37855.480
113450,37996.629
113460,37567.625
113470,37925.754
113480,38023.301
113490,38058.211
113500,38039.230
113510,38020.723
113520,37978.922
113530,37924.656
113540,37922.535
113550,37916.727
113560,37922.320
113570,37929.223
113580,37933.137
113590,37919.926
113600,37919.523
113610,37917.418
113620,37924.813
113630,37921.586
113640,37919.656
113650,37905.855
113660,37916.605
113670,37934.836
113680,37931.195
113690,37880.285
113700,37814.793
113710,37782.988
113720,37747.578
113730,37705.074
113740,37704.262
113750,37693.617
113760,37700.242
113770,37705.449
113780,37696.910
113790,37688.371
113800,37675.715
113810,37662.289
113820,37653.242
113830,37646.938
113840,37652.941
113850,37661.121
113860,37666.145
113870,37665.520
113880,37666.777
113890,37662.477
113900,37671.219
113910,37674.305
113920,37677.469
113930,37685.996
113940,37687.555
113950,37678.598
113960,37305.883
113970,37475.816
113980,37639.016
113990,37688.770
114000,37714.480
114010,37718.992
114020,37729.145
114030,37735.227
114040,37742.719
114050,37744.273
114060,37748.762
114070,37744.168
114080,37743.125
114090,37749.715
114100,37752.918
114110,37751.641
114120,37746.090
114130,37750.828
114140,37745.629
114150,37691.789
114160,37680.879
114170,37667.398
114180,37667.340
114190,37673.215
114200,37664.555
114210,37657.813
114220,37655.676
114230,37651.586
114240,37658.633
114250,37656.711
114260,37652.078
114270,37665.539
114280,37683.141
114290,37681.930
114300,37680.887
114310,37677.441
114320,37666.074
114330,37671.406
114340,37663.559
114350,37665.109
114360,37676.363
114370,37673.520
114380,37681.980
114390,37672.301
114400,37902.781
114410,37872.938
114420,37853.000
114430,37843.477
114440,37851.414
114450,37835.406
114460,37840.160
114470,37800.848
114480,38212.598
114490,38357.621
114500,38454.379
114510,38485.176
114520,38250.664
114530,38459.000
114540,38541.922
114550,38571.000
114560,38601.336
114570,38138.434
114580,38404.828
114590,38580.051
114600,38661.426
114610,38677.820
114620,38692.691
114630,38587.262
114640,38740.516
114650,38794.996
114660,38825.770
114670,38812.129
114680,38346.000
114690,38555.121
114700,38602.086
114710,38598.867
114720,38602.539
114730,38243.328
114740,38482.680
114750,38579.441
114760,38615.277
114770,38614.574
114780,38580.672
114790,37950.742
114800,38010.945
114810,38024.449
114820,38046.066
114830,38010.637
114840,37968.297
114850,37954.711
114860,37969.637
114870,37956.715
114880,37951.172
114890,37891.621
114900,37881.930
114910,37871.039
114920,37870.992
114930,37861.121
114940,37823.691
114950,37796.914
114960,37796.082
114970,37790.734
114980,37788.129
114990,37785.836
115000,37793.320
115010,37789.945
115020,37802.168
115030,37802.313
115040,37809.555
115050,37790.289
115060,37808.539
115070,37797.738
115080,37820.441
115090,37808.207
115100,37833.191
115110,37816.609
115120,37816.070
115130,37799.711
115140,37792.117
115150,37761.055
115160,37720.918
115170,37687.680
115180,37703.375
115190,37703.797
115200,37702.328
115210,37705.273
115220,37724.867
115230,37708.965
115240,37722.852
115250,37721.547
115260,37736.473
115270,37738.094
115280,37747.219
115290,37328.633
115300,37630.930
115310,37732.383
115320,37761.336
115330,37778.277
115340,37773.910
115350,37767.148
115360,37784.531
115370,37772.453
115380,37658.047
115390,37590.188
115400,37801.496
115410,37769.461
115420,37719.398
115430,37719.789
115440,37721.012
115450,37730.023
115460,37726.398
115470,37666.070
115480,37643.371
115490,37637.633
115500,37652.211
115510,37646.746
115520,37640.910
115530,37631.645
115540,37620.406
115550,37624.121
115560,37638.742
115570,37639.609
115580,37636.840
115590,37643.863
115600,37641.145
115610,37658.266
115620,37657.133
115630,37651.098
115640,37654.484
115650,37653.352
115660,37648.457
115670,37663.598
115680,37665.148
115690,37659.289
115700,37584.984
115710,37519.055
115720,37490.684
115730,37485.090
115740,37478.852
115750,37476.023
115760,37489.840
115770,37493.500
115780,37494.277
115790,37112.574
115800,37285.008
115810,37431.652
115820,37489.617
115830,37520.801
115840,37543.980
115850,37530.992
115860,37490.816
115870,37470.891
115880,37460.457
115890,37461.773
115900,37465.434
115910,37456.590
115920,37464.648
115930,37458.137
115940,37455.563
115950,37468.961
115960,37472.402
115970,37478.500
115980,37485.512
115990,37490.375
116000,37490.637
116010,37474.422
116020,37472.352
116030,37467.586
116040,37480.777
116050,37461.438
116060,37466.293
116070,37465.535
116080,37467.789
116090,37480.090
116100,37490.746
116110,37495.355
116120,37482.574
116130,37476.648
116140,37462.887
116150,37463.488
116160,37468.711
116170,37466.359
116180,37468.863
116190,37472.145
116200,37484.785
116210,37479.234
116220,37482.293
116230,37487.133
116240,37478.344
116250,37485.293
116260,37498.961
116270,37500.473
116280,37489.719
116290,37492.961
116300,37168.078
116310,37414.102
116320,37498.352
116330,37519.852
116340,37542.551
116350,37538.063
116360,37549.477
116370,37544.809
116380,37564.004
116390,37551.133
116400,37782.781
116410,37747.340
116420,37733.074
116430,37713.645
116440,37722.961
116450,37735.016
116460,37746.082
116470,37727.586
116480,37713.430
116490,37716.688
116500,37742.910
116510,37730.480
116520,37733.895
116530,37722.086
116540,37720.574
116550,37719.211
116560,37748.219
116570,37731.082
116580,37731.242
116590,37725.113
116600,37739.598
116610,37742.906
116620,37735.875
116630,37725.387
116640,37719.898
116650,37703.207
116660,37717.531
116670,37727.145
116680,37741.672
116690,37725.137
116700,37665.023
116710,37584.805
116720,37575.215
116730,37567.039
116740,37577.043
116750,37573.090
116760,37594.652
116770,37581.621
116780,37571.461
116790,37535.430
116800,37155.289
116810,37747.387
116820,37977.480
116830,38059.520
116840,38108.523
116850,38033.602
116860,38050.324
116870,38159.645
116880,38210.488
116890,38220.156
116900,38238.641
116910,37898.625
116920,38168.559
116930,38258.887
116940,38298.984
116950,38298.789
116960,38091.352
116970,38264.949
116980,38326.207
116990,38341.125
117000,38364.285
117010,37844.270
117020,38071.426
117030,38219.590
117040,38281.156
117050,38308.250
117060,38292.461
117070,38126.617
117080,38256.941
117090,38295.563
117100,38335.883
117110,38316.078
117120,37315.176
117130,37578.961
117140,37677.520
117150,37705.508
117160,37738.039
117170,37677.680
117180,37676.773
117190,37662.645
117200,37687.988
117210,37670.383
117220,37633.063
117230,37586.988
117240,37575.941
117250,37569.512
117260,37562.031
117270,37552.316
117280,37522.949
117290,37486.230
117300,37446.930
117310,37406.500
117320,37398.496
117330,37388.434
117340,37391.063
117350,37389.879
117360,37406.461
117370,37393.082
117380,37396.707
117390,37394.879
117400,37636.832
117410,37579.645
117420,37571.066
117430,37572.332
117440,37602.508
117450,37579.156
117460,37585.266
117470,37581.121
117480,37576.246
117490,37560.070
117500,37577.570
117510,37568.836
117520,37576.191
117530,37560.035
117540,37564.848
117550,37550.355
117560,37577.059
117570,37566.152
117580,37564.715
117590,37567.934
117600,37580.082
117610,37575.504
117620,37543.133
117630,37344.555
117640,37580.398
117650,37662.133
117660,37702.035
117670,37726.492
117680,37748.426
117690,37726.770
117700,37666.457
117710,37593.523
117720,37574.219
117730,37548.824
117740,37561.977
117750,37557.387
117760,37563.336
117770,37544.121
117780,37551.375
117790,37550.625
117800,37564.637
117810,37547.281
117820,37561.254
117830,37554.023
117840,37571.789
117850,37559.535
117860,37582.113
117870,37567.750
117880,37560.965
117890,37548.410
117900,37572.156
117910,37571.598
117920,37581.191
117930,37570.254
117940,37583.055
117950,37574.762
117960,37574.922
117970,37553.953
117980,37564.023
117990,37553.602
118000,37566.734
118010,37549.852
118020,37555.688
118030,37537.840
118040,37563.273
118050,37553.492
118060,37566.781
118070,37558.719
118080,37567.871
118090,37563.707
118100,37583.988
118110,37580.453
118120,37592.125
118130,37163.551
118140,37447.129
118150,37548.641
118160,37606.996
118170,37609.520
118180,37620.855
118190,37619.176
118200,37635.477
118210,37623.809
118220,37618.984
118230,37603.352
118240,37624.805
118250,37622.797
118260,37626.938
118270,37625.641
118280,37650.961
118290,37635.633
118300,37645.145
118310,37573.152
118320,37562.441
118330,37543.914
118340,37559.176
118350,37557.598
118360,37577.523
118370,37557.660
118380,37567.086
118390,37552.945
118400,37794.969
118410,37754.621
118420,37732.406
118430,37716.289
118440,37739.898
118450,37723.758
118460,37742.707
118470,37716.668
118480,37718.777
118490,37691.023
118500,37722.418
118510,37709.777
118520,37725.801
118530,37707.719
118540,37718.078
118550,37698.813
118560,37732.215
118570,37712.207
118580,37743.488
118590,37732.188
118600,37755.371
118610,37740.508
118620,37728.453
118630,37333.676
118640,37531.277
118650,37678.129
118660,37436.688
118670,37702.625
118680,37323.242
118690,37695.930
118700,37769.965
118710,37530.285
118720,37709.445
118730,37347.820
118740,37668.730
118750,37350.168
118760,37967.211
118770,38214.988
118780,38200.855
118790,38343.250
118800,37935.516
118810,38211.832
118820,37974.895
118830,38251.934
118840,38314.359
118850,38052.863
118860,38246.527
118870,38101.770
118880,38318.797
118890,37501.891
118900,37708.391
118910,37728.824
118920,37784.109
118930,38115.762
118940,38029.414
118950,38226.410
118960,37650.609
118970,37717.453
118980,37757.223
118990,37791.664
119000,38158.332
119010,37852.445
119020,38209.824
119030,37809.184
119040,37629.918
119050,37683.660
119060,37621.559
119070,38066.582
119080,37720.684
119090,38137.117
119100,38260.570
119110,37577.957
119120,37714.438
119130,37488.813
119140,38072.785
119150,37896.000
119160,38124.395
119170,38269.164
119180,37591.293
119190,37728.477
119200,37770.129
119210,37758.598
119220,37710.695
119230,37672.195
119240,37635.746
119250,37591.531
119260,37604.777
119270,37585.703
119280,37598.863
119290,37571.672
119300,37586.371
119310,37574.734
119320,37585.914
119330,37589.574
119340,37606.113
119350,37588.563
119360,37603.156
119370,37593.156
119380,37606.980
119390,37581.461
119400,37833.266
119410,37786.098
119420,37775.887
119430,37742.316
119440,37754.191
119450,37744.141
119460,37769.922
119470,37758.820
119480,37758.746
119490,37750.301
119500,37789.461
119510,37756.715
119520,37748.898
119530,37729.730
119540,37743.422
119550,37731.492
119560,37768.234
119570,37750.984
119580,37758.191
119590,37750.441
119600,37759.215
119610,37742.984
119620,37737.961
119630,37729.809
119640,37754.285
119650,37735.176
119660,37765.082
119670,37766.746
119680,37280.129
119690,37653.578
119700,37741.766
119710,37730.426
119720,37755.508
119730,37728.348
119740,37741.766
119750,37723.387
119760,37757.625
119770,37742.125
119780,37765.895
119790,37743.883
119800,37764.336
119810,37750.148
119820,37770.426
119830,37747.848
119840,37776.895
119850,37759.289
119860,37777.371
119870,37765.582
119880,37778.840
119890,37750.266
119900,37778.305
119910,37758.512
119920,37789.313
119930,37763.016
119940,37773.082
119950,37749.086
119960,37771.336
119970,37745.531
119980,37761.867
119990,37746.574
120000,37771.387
120010,37737.141
120020,37749.762
120030,37718.855
120040,37740.727
120050,37732.398
120060,37747.504
120070,37727.133
120080,37754.945
120090,37750.141
120100,37766.059
120110,37732.453
120120,37757.617
120130,37738.906
120140,37756.301
120150,37736.840
120160,37774.133
120170,37757.516
120180,37781.293
120190,37783.527
120200,38190.074
120210,38299.195
120220,38361.813
120230,38364.691
120240,38192.875
120250,38392.086
120260,38481.590
120270,38484.477
120280,38525.129
120290,37933.434
120300,38343.613
120310,38469.852
120320,38552.914
120330,38561.422
120340,38601.633
120350,38583.289
120360,38607.445
120370,38582.316
120380,38604.410
120390,38550.480
120400,38776.734
120410,38698.730
120420,38681.801
120430,38655.539
120440,38681.508
120450,38602.074
120460,38596.516
120470,38553.313
120480,38566.414
120490,38541.914
120500,38472.398
120510,38587.746
120520,38662.156
120530,38652.078
120540,38676.063
120550,38670.602
120560,38703.527
120570,38680.270
120580,38704.129
120590,38684.727
120600,38700.969
120610,38669.332
120620,38682.355
120630,38662.297
120640,38681.379
120650,38662.730
120660,38693.074
120670,38689.457
120680,38721.379
120690,38687.363
120700,38262.031
120710,38447.605
120720,38531.402
120730,38539.188
120740,38574.727
120750,38570.063
120760,38587.414
120770,38555.141
120780,38598.332
120790,38569.637
120800,38592.652
120810,38562.730
120820,38574.434
120830,38558.887
120840,38580.242
120850,38555.305
120860,38586.348
120870,38563.098
120880,38585.371
120890,38562.996
120900,38087.395
120910,38448.957
120920,38618.203
120930,38665.863
120940,38695.180
120950,38680.461
120960,38705.797
120970,38687.660
120980,38729.891
120990,38706.777
121000,38744.898
121010,38699.254
121020,38714.645
121030,38697.992
121040,38732.516
121050,38708.887
121060,38729.941
121070,38717.914
121080,38750.176
121090,38722.805
121100,38693.734
121110,37919.305
121120,38045.207
121130,37965.633
121140,37924.449
121150,37885.531
121160,37916.559
121170,37891.832
121180,37909.457
121190,37895.582
121200,37927.371
121210,37894.648
121220,37909.285
121230,37899.270
121240,37913.156
121250,37896.074
121260,37909.090
121270,37882.863
121280,37891.215
121290,37870.949
121300,37865.410
121310,37811.563
121320,37815.254
121330,37764.082
121340,37686.742
121350,37641.234
121360,37652.160
121370,37621.328
121380,37642.488
121390,37616.074
121400,37869.980
121410,37816.273
121420,37824.566
121430,37812.750
121440,37822.809
121450,37781.508
121460,37798.840
121470,37778.398
121480,37794.488
121490,37780.602
121500,37831.941
121510,37817.086
121520,37835.832
121530,37794.887
121540,37812.711
121550,37784.461
121560,37811.059
121570,37800.176
121580,37809.152
121590,37789.457
121600,37816.012
121610,37340.598
121620,37660.375
121630,37777.672
121640,37854.969
121650,37853.379
121660,37876.047
121670,37876.672
121680,37903.930
121690,37797.348
121700,37686.598
121710,37470.840
121720,37405.832
121730,37361.559
121740,37367.668
121750,37362.273
121760,37383.844
121770,37372.324
121780,37389.816
121790,37359.996
121800,37389.293
121810,37363.328
121820,37380.820
121830,37357.004
121840,37385.703
121850,37370.953
121860,37391.027
121870,37366.266
121880,37388.672
121890,37364.949
121900,37385.586
121910,37352.734
121920,37370.969
121930,37365.680
121940,37384.621
121950,37359.473
121960,37387.465
121970,37357.078
121980,37366.199
121990,37343.809
122000,37374.023
122010,37346.000
122020,37364.133
122030,37340.184
122040,37368.910
122050,37351.184
122060,37376.164
122070,37350.563
122080,37359.496
122090,37295.691
122100,37307.695
122110,37076.969
122120,37163.152
122130,37360.008
122140,37467.398
122150,37479.469
122160,37515.258
122170,37490.582
122180,37502.082
122190,37487.641
122200,37528.602
122210,37501.254
122220,37530.172
122230,37506.891
122240,37531.527
122250,37517.211
122260,37527.883
122270,37507.449
122280,37544.926
122290,37511.871
122300,37549.016
122310,37528.055
122320,37554.484
122330,37520.781
122340,37544.945
122350,37521.406
122360,37551.348
122370,37536.746
122380,37549.395
122390,37539.109
122400,37791.918
122410,37739.723
122420,37736.180
122430,37714.133
122440,37734.367
122450,37702.434
122460,37716.395
122470,37700.473
122480,37722.688
122490,37688.020
122500,37723.477
122510,37706.914
122520,37727.961
122530,37695.199
122540,37718.832
122550,37688.734
122560,37722.434
122570,37709.449
122580,37735.488
122590,37713.871
122600,37746.055
122610,37718.438
122620,37349.996
122630,37588.496
122640,37719.781
122650,37749.645
122660,37787.945
122670,37784.961
122680,37809.383
122690,37779.508
122700,37727.520
122710,37649.840
122720,37637.352
122730,37611.527
122740,37633.949
122750,37611.199
122760,37628.277
122770,37619.609
122780,37658.008
122790,37629.883
122800,37640.570
122810,37610.336
122820,37626.305
122830,37603.121
122840,37620.266
122850,37605.801
122860,37632.809
122870,37608.207
122880,37628.191
122890,37605.660
122900,37647.602
122910,37627.434
122920,37646.707
122930,37635.406
122940,37661.813
122950,37637.563
122960,37662.773
122970,37627.711
122980,37633.320
122990,37609.348
123000,37646.012
123010,37621.785
123020,37644.328
123030,37626.242
123040,37640.605
123050,37618.598
123060,37641.637
123070,37612.523
123080,37637.094
123090,37623.980
123100,37653.727
123110,37618.641
123120,37056.359
123130,37359.328
123140,37517.488
123150,37559.672
123160,37601.355
123170,37579.418
123180,37624.750
123190,37613.520
123200,37635.828
123210,37616.203
123220,37627.844
123230,37602.801
123240,37620.824
123250,37596.398
123260,37623.184
123270,37597.348
123280,37632.199
123290,37605.004
123300,37624.781
123310,37591.020
123320,37619.215
123330,37604.848
123340,37613.340
123350,37598.281
123360,37634.461
123370,37617.828
123380,37631.246
123390,37617.875
123400,37875.727
123410,37817.613
123420,37819.637
123430,37786.676
123440,37819.793
123450,37798.125
123460,37817.523
123470,37787.961
123480,37800.410
123490,37760.418
123500,37795.816
123510,37779.500
123520,37800.969
123530,37775.559
123540,37803.871
123550,37805.871
123560,37840.934
123570,37803.934
123580,37816.891
123590,37804.188
123600,37836.461
123610,37820.930
123620,37659.004
123630,37641.215
123640,38038.121
123650,38167.051
123660,38235.102
123670,38248.699
123680,38082.441
123690,38264.203
123700,38278.938
123710,38228.633
123720,38248.730
123730,37650.723
123740,38057.180
123750,38200.773
123760,38286.145
123770,38276.055
123780,38313.711
123790,38060.594
123800,38311.160
123810,38359.461
123820,38417.633
123830,38369.930
123840,38111.449
123850,38268.199
123860,38355.520
123870,38359.926
123880,38389.309
123890,38032.398
123900,38282.703
123910,38344.047
123920,38392.887
123930,38380.277
123940,38114.531
123950,37612.406
123960,37753.242
123970,37768.551
123980,37811.039
123990,37786.715
124000,37780.855
124010,37741.277
124020,37754.273
124030,37721.531
124040,37722.906
124050,37642.078
124060,37658.125
124070,37630.914
124080,37649.145
124090,37637.094
124100,37613.953
124110,37573.516
124120,37549.379
124130,37483.953
124140,37472.809
124150,37453.641
124160,37462.352
124170,37442.023
124180,37455.012
124190,37436.457
124200,37459.191
124210,37433.281
124220,37454.023
124230,37448.074
124240,37467.758
124250,37450.473
124260,37474.102
124270,37456.746
124280,37464.699
124290,37447.301
124300,37458.508
124310,37434.742
124320,37465.113
124330,37445.094
124340,37467.531
124350,37452.672
124360,37485.410
124370,37453.914
124380,37467.797
124390,37454.898
124400,37709.020
124410,37652.023
124420,37653.895
124430,37628.195
124440,37646.410
124450,37228.352
124460,37547.301
124470,37253.762
124480,37488.004
124490,37630.180
124500,37436.691
124510,37689.469
124520,37319.125
124530,37694.734
124540,37784.348
124550,37574.422
124560,37784.109
124570,37645.945
124580,38185.855
124590,38027.438
124600,38375.918
124610,38411.559
124620,38305.926
124630,38336.125
124640,38056.113
124650,38302.441
124660,37842.559
124670,38216.160
124680,38253.391
124690,38250.898
124700,38293.379
124710,37603.238
124720,37682.734
124730,37520.082
124740,38016.305
124750,37794.121
124760,38023.258
124770,38151.063
124780,37456.449
124790,37589.805
124800,37213.520
124810,37880.992
124820,38094.055
124830,37921.309
124840,38140.609
124850,37362.828
124860,37601.824
124870,37408.871
124880,37793.879
124890,38043.230
124900,37847.516
124910,38085.430
124920,37350.625
124930,37543.855
124940,37604.027
124950,37653.945
124960,38026.578
124970,37720.449
124980,38095.391
124990,37695.902
125000,37552.441
125010,37594.215
125020,37628.016
125030,37597.723
125040,37573.930
125050,37540.191
125060,37493.633
125070,37460.637
125080,37482.344
125090,37461.930
125100,37479.316
125110,37443.359
125120,37468.246
125130,37369.289
125140,37320.098
125150,37290.746
125160,37302.766
125170,37286.469
125180,37298.453
125190,37274.977
125200,37297.723
125210,37262.457
125220,37269.074
125230,37267.281
125240,37290.477
125250,37272.242
125260,37297.844
125270,37276.891
125280,37293.656
125290,37277.883
125300,37318.234
125310,37305.961
125320,37319.680
125330,37299.453
125340,37307.406
125350,37298.613
125360,37309.215
125370,37302.621
125380,37316.469
125390,37290.797
125400,37552.113
125410,37479.832
125420,37468.188
125430,37444.789
125440,37468.020
125450,37451.227
125460,37476.473
125470,37457.887
125480,37476.473
125490,37438.797
125500,37178.973
125510,37487.582
125520,37628.195
125530,37641.547
125540,37681.660
125550,37676.973
125560,37721.578
125570,37697.043
125580,37722.766
125590,37705.488
125600,37732.063
125610,37697.070
125620,37722.965
125630,37702.555
125640,37727.398
125650,37720.523
125660,37747.570
125670,37737.508
125680,37750.027
125690,37718.426
125700,37667.074
125710,37579.480
125720,37574.449
125730,37544.535
125740,37556.270
125750,37534.676
125760,37551.695
125770,37537.844
125780,37553.688
125790,37535.539
125800,37567.215
125810,37557.309
125820,37573.938
125830,37549.586
125840,37561.500
125850,37535.020
125860,37547.965
125870,37528.133
125880,37552.195
125890,37529.363
125900,37552.406
125910,37538.035
125920,37575.020
125930,37562.273
125940,37567.180
125950,37503.574
125960,37499.234
125970,37470.113
125980,37495.332
125990,37463.531
126000,36973.949
126010,37278.633
126020,37435.168
126030,37479.063
126040,37520.809
126050,37510.547
126060,37531.734
126070,37510.609
126080,37536.617
126090,37507.602
126100,37531.637
126110,37504.625
126120,37531.277
126130,37510.871
126140,37514.324
126150,37489.605
126160,37521.809
126170,37519.773
126180,37543.688
126190,37523.398
126200,37547.145
126210,37518.598
126220,37529.766
126230,37505.906
126240,37535.301
126250,37524.262
126260,37539.004
126270,37524.219
126280,37555.527
126290,37534.469
126300,37560.254
126310,37542.969
126320,37572.145
126330,37548.105
126340,37559.992
126350,37526.945
126360,37559.824
126370,37541.324
126380,37561.508
126390,37540.727
126400,37800.559
126410,37745.984
126420,37728.477
126430,37711.047
126440,37738.070
126450,37712.203
126460,37731.660
126470,37733.449
126480,37758.309
126490,37720.387
126500,37751.957
126510,37435.641
126520,37665.605
126530,37711.660
126540,37784.977
126550,37769.168
126560,37803.980
126570,37775.887
126580,37807.129
126590,37804.863
126600,37813.477
126610,37795.816
126620,37786.699
126630,37771.082
126640,37803.570
126650,37787.375
126660,37814.434
126670,37814.051
126680,37826.027
126690,37797.309
126700,37747.336
126710,37673.590
126720,37664.930
126730,37628.500
126740,37654.707
126750,37631.203
126760,37660.848
126770,37629.820
126780,37652.203
126790,37619.195
126800,37651.582
126810,37625.133
126820,37641.625
126830,37628.422
126840,37638.496
126850,37613.875
126860,37626.219
126870,37600.219
126880,37629.797
126890,37614.430
126900,37634.809
126910,37616.969
126920,37643.082
126930,37616.395
126940,37631.910
126950,37616.473
126960,37641.488
126970,37622.895
126980,37660.813
126990,37649.063
127000,37609.742
127010,37259.641
127020,37795.930
127030,37959.629
127040,38058.750
127050,38069.461
127060,37783.066
127070,38025.281
127080,38165.141
127090,38190.773
127100,38241.160
127110,38220.879
127120,37942.102
127130,38152.102
127140,38242.352
127150,38251.672
127160,38283.293
127170,38065.852
127180,38287.297
127190,38337.461
127200,38399.625
127210,38384.734
127220,37843.926
127230,38236.930
127240,38424.336
127250,38478.234
127260,38516.094
127270,38462.203
127280,38363.934
127290,38461.668
127300,38545.055
127310,38559.934
127320,38563.586
127330,37558.246
127340,37813.207
127350,37892.668
127360,37939.566
127370,37924.383
127380,37898.340
127390,37869.180
127400,38108.316
127410,38054.137
127420,38043.961
127430,37954.363
127440,37951.031
127450,37922.523
127460,37937.711
127470,37916.648
127480,37906.457
127490,37854.156
127500,37866.223
127510,37836.453
127520,37843.055
127530,37815.879
127540,37829.230
127550,37818.531
127560,37849.078
127570,37828.680
127580,37856.078
127590,37839.867
127600,37856.117
127610,37849.910
127620,37868.723
127630,37841.012
127640,37876.352
127650,37870.148
127660,37881.766
127670,37860.266
127680,37876.109
127690,37854.406
127700,37760.078
127710,37643.906
127720,37635.484
127730,37611.953
127740,37631.543
127750,37611.672
127760,37638.590
127770,37609.016
127780,37623.645
127790,37599.043
127800,37632.941
127810,37609.633
127820,37620.398
127830,37393.699
127840,37440.902
127850,37620.852
127860,37706.336
127870,37704.191
127880,37741.555
127890,37715.801
127900,37745.375
127910,37736.641
127920,37760.930
127930,37739.766
127940,37765.742
127950,37747.051
127960,37771.598
127970,37743.941
127980,37752.328
127990,37745.145
128000,37778.785
128010,37742.277
128020,37770.199
128030,37750.664
128040,37787.609
128050,37750.922
128060,37767.598
128070,37753.988
128080,37786.563
128090,37761.746
128100,37769.824
128110,37749.824
128120,37773.836
128130,37748.340
128140,37772.992
128150,37758.766
128160,37786.441
128170,37763.402
128180,37780.141
128190,37754.406
128200,37771.934
128210,37743.402
128220,37764.020
128230,37735.453
128240,37759.434
128250,37740.730
128260,37766.125
128270,37749.617
128280,37781.230
128290,37758.816
128300,37776.070
128310,37758.633
128320,37789.520
128330,37749.918
128340,37391.941
128350,37642.770
128360,37772.004
128370,37789.215
128380,37828.012
128390,37806.535
128400,38074.484
128410,38016.969
128420,38015.559
128430,37977.031
128440,38010.953
128450,37975.934
128460,38014.902
128470,37995.973
128480,38007.324
128490,37989.895
128500,38027.973
128510,37947.125
128520,37882.438
128530,37827.016
128540,37837.523
128550,37818.496
128560,37863.371
128570,37825.754
128580,37851.379
128590,37827.598
128600,37849.047
128610,37821.266
128620,37847.324
128630,37847.137
128640,37852.426
128650,37839.648
128660,37880.828
128670,37864.875
128680,37864.801
128690,37771.719
128700,37717.824
128710,37669.805
128720,37674.563
128730,37653.215
128740,37674.043
128750,37664.977
128760,37673.430
128770,37651.109
128780,37687.000
128790,37661.551
128800,37679.852
128810,37660.070
128820,37679.926
128830,37664.531
128840,37157.777
128850,37485.445
128860,37656.227
128870,37685.867
128880,37725.793
128890,37716.336
128900,37752.785
128910,37741.957
128920,37764.945
128930,37740.508
128940,37760.652
128950,37728.055
128960,37763.223
128970,37738.910
128980,37756.230
128990,37739.781
129000,37768.988
129010,37728.355
129020,37747.133
129030,37736.340
129040,37761.785
129050,37740.492
129060,37763.723
129070,37745.508
129080,37772.547
129090,37739.695
129100,37758.961
129110,37734.039
129120,37763.785
129130,37752.324
129140,37753.133
129150,37739.109
129160,37777.418
129170,37757.215
129180,37763.500
129190,37729.715
129200,37764.215
129210,37722.984
129220,37742.762
129230,37718.309
129240,37753.621
129250,37746.027
129260,37764.367
129270,37745.895
129280,37760.566
129290,37739.586
129300,37768.430
129310,37745.676
129320,37763.109
129330,37729.535
129340,37692.938
129350,37682.262
129360,38071.746
129370,38188.508
129380,38254.359
129390,38264.848
129400,38532.164
129410,38462.172
129420,38457.828
129430,38441.801
129440,38460.320
129450,38451.734
129460,38461.453
129470,38452.941
129480,38462.117
129490,38442.609
129500,38476.996
129510,38461.938
129520,38473.215
129530,38451.586
129540,38478.465
129550,38261.289
129560,38493.727
129570,38543.164
129580,38583.754
129590,38569.785
129600,38604.609
129610,38574.145
129620,38586.234
129630,38588.938
129640,38602.797
129650,38574.289
129660,38621.688
129670,38608.063
129680,38614.727
129690,38533.059
129700,38490.164
129710,38444.387
129720,38449.191
129730,38415.586
129740,38424.801
129750,37839.160
129760,38250.539
129770,38368.973
129780,38452.230
129790,38450.004
129800,38486.254
129810,38472.406
129820,38488.063
129830,38454.449
129840,38397.500
129850,38315.289
129860,38322.648
129870,38283.750
129880,38316.340
129890,38289.488
129900,38310.676
129910,38289.668
129920,38316.348
129930,38288.902
129940,38309.820
129950,38303.984
129960,38234.684
129970,38341.906
129980,38406.801
129990,38405.184
130000,38437.723
130010,38411.605
130020,38425.617
130030,38414.309
130040,38444.223
130050,38418.602
130060,38450.043
130070,38431.609
130080,38447.465
130090,38426.484
130100,38454.738
130110,38429.957
130120,38462.172
130130,38435.270
130140,38457.176
130150,38422.656
130160,37747.188
130170,37786.773
130180,37312.953
130190,37666.289
130200,37853.109
130210,37598.449
130220,37871.875
130230,37494.840
130240,37880.762
130250,37734.332
130260,37782.676
130270,37925.961
130280,37899.988
130290,38344.184
130300,38249.172
130310,38534.789
130320,38374.855
130330,38375.238
130340,38554.281
130350,38354.793
130360,38469.918
130370,37961.855
130380,38314.152
130390,38043.898
130400,38601.758
130410,38615.914
130420,37890.109
130430,37986.941
130440,37686.926
130450,38276.891
130460,38395.453
130470,38455.211
130480,38568.578
130490,37948.059
130500,38052.391
130510,37689.516
130520,38321.195
130530,38365.285
130540,38342.324
130550,38512.199
130560,37757.496
130570,37874.609
130580,37552.457
130590,38113.879
130600,38365.066
130610,38158.695
130620,38400.305
130630,37640.512
130640,37869.609
130650,37865.543
130660,38030.176
130670,38330.703
130680,38087.375
130690,38326.996
130700,37703.953
130710,38075.621
130720,38248.563
130730,38289.523
130740,38299.898
130750,38250.453
130760,38214.941
130770,38102.090
130780,38076.227
130790,38049.730
130800,38055.098
130810,38047.250
130820,38043.883
130830,38026.824
130840,38059.805
130850,37993.051
130860,37976.137
130870,37954.906
130880,37965.004
130890,37962.516
130900,37983.082
130910,37840.352
130920,38181.828
130930,38283.762
130940,38334.047
130950,38340.352
130960,38372.961
130970,38357.852
130980,38372.652
130990,38365.234
131000,38384.395
131010,38373.930
131020,38381.961
131030,38374.727
131040,38382.031
131050,38372.707
131060,38378.652
131070,38359.492
131080,38391.086
131090,38385.266
131100,38390.461
131110,37542.246
131120,37747.902
131130,37815.988
131140,37848.129
131150,37845.918
131160,37849.301
131170,37845.238
131180,37862.914
131190,37848.863
131200,37862.070
131210,37863.305
131220,37866.930
131230,37857.719
131240,37869.059
131250,37854.941
131260,37868.992
131270,37861.445
131280,37879.563
131290,37864.809
131300,37873.109
131310,37870.707
131320,37874.984
131330,37856.816
131340,37874.906
131350,37880.852
131360,37895.363
131370,37877.441
131380,37895.336
131390,37891.918
131400,38141.691
131410,38098.301
131420,38095.309
131430,38072.816
131440,38062.426
131450,38045.777
131460,38043.723
131470,38037.590
131480,38035.785
131490,38014.672
131500,38043.461
131510,37883.574
131520,37753.145
131530,37677.809
131540,37671.531
131550,37654.902
131560,37677.156
131570,37674.523
131580,37694.930
131590,37695.984
131600,37702.336
131610,37660.555
131620,37506.129
131630,37733.387
131640,37838.125
131650,37872.012
131660,37904.777
131670,37904.656
131680,37915.078
131690,37849.063
131700,37795.523
131710,37721.430
131720,37662.273
131730,37619.336
131740,37630.754
131750,37622.754
131760,37654.281
131770,37639.914
131780,37641.434
131790,37624.207
131800,37648.672
131810,37618.594
131820,37641.523
131830,37628.488
131840,37639.895
131850,37635.605
131860,37651.457
131870,37642.488
131880,37658.398
131890,37650.695
131900,37660.234
131910,37659.406
131920,37661.371
131930,37649.668
131940,37655.629
131950,37644.379
131960,37650.559
131970,23916.449
131980,11343.142
131990,6716.619
132000,5015.788
132010,4386.113
132020,4157.426
132030,4069.975
132040,4043.010
132050,4030.026
132060,4025.397
132070,4021.987
132080,4019.465
132090,4024.908
132100,4026.178
132110,4018.116
132120,4021.808
132130,4019.971
132140,4020.049
132150,4019.856
132160,4022.294
132170,4021.246
132180,4021.167
132190,4021.477
132200,4021.967
132210,4023.428
132220,4059.263
132230,3991.341
132240,3973.064
132250,3962.618
132260,3964.153
132270,3959.006
132280,3962.072
132290,3964.317
132300,3965.943
132310,4405.970
132320,4559.074
132330,4620.014
132340,4637.413
132350,4326.521
132360,4124.782
132370,4050.270
132380,4055.979
132390,4079.962
132400,4119.019
132410,4294.454
132420,4153.579
132430,4069.617
132440,4029.063
132450,4006.598
132460,3997.116
132470,3991.325
132480,3990.484
132490,3992.552
132500,4378.094
132510,4551.833
132520,4612.598
132530,4636.822
132540,4418.958
132550,4136.568
132560,4031.398
132570,3996.899
132580,3982.739
132590,3976.424
132600,3973.281
132610,3969.436
132620,3975.572
132630,4411.271
132640,4560.248
132650,4621.512
132660,4640.740
132670,4472.757
132680,4393.828
132690,4276.178
132700,4966.365
132710,37823.352
132720,71263.758
132730,83680.773
132740,88222.820
132750,89871.258
132760,52085.258
132770,23452.529
132780,14636.866
132790,11396.083
132800,10190.369
132810,9754.136
132820,9584.926
132830,9534.057
132840,9512.443
132850,9500.029
132860,9492.670
132870,9497.130
132880,9499.039
132890,9496.216
132900,9490.785
132910,9487.345
132920,9485.042
132930,9492.805
132940,9492.230
132950,9493.604
132960,9491.374
132970,9490.904
132980,9496.584
132990,9500.705
133000,9497.479
133010,9495.143
133020,9497.031
133030,9498.351
133040,9500.456
133050,9492.583
133060,9490.402
133070,9492.450
133080,9488.333
133090,9495.315
133100,9490.789
133110,9487.314
133120,9496.234
133130,9494.700
133140,9485.479
133150,9496.872
133160,9495.661
133170,9489.427
133180,9494.271
133190,9494.512
133200,9500.953
133210,9494.706
133220,9499.852
133230,9494.580
133240,9489.600
133250,9495.977
133260,9487.587
133270,9491.317
133280,9499.299
133290,9492.269
133300,9492.483
133310,9490.050
133320,9485.082
133330,9484.745
133340,9493.771
133350,9492.551
133360,9483.057
133370,9488.959
133380,9490.352
133390,9483.666
133400,9486.631
133410,9490.616
133420,9486.910
133430,9487.531
133440,9488.739
133450,9492.081
133460,9492.795
133470,9495.506
133480,9496.167
133490,9494.511
133500,9495.723
133510,9497.849
133520,9490.567
133530,9484.420
133540,9486.911
133550,9497.596
133560,9494.281
133570,9497.363
133580,9496.121
133590,9492.530
133600,9497.792
133610,9494.260
133620,9496.775
133630,9501.271
133640,9507.321
133650,9509.024
133660,9498.690
133670,9497.375
133680,9499.260
133690,9494.212
133700,9505.834
133710,9497.176
133720,9494.246
133730,9486.378
133740,9492.778
133750,9489.807
133760,9486.832
133770,9493.854
133780,9486.920
133790,9491.372
133800,9485.204
133810,9481.142
133820,9476.460
133830,9482.833
133840,9489.187
133850,9485.612
133860,9485.240
133870,9483.725
133880,9490.774
133890,9485.521
133900,9483.583
133910,9484.695
133920,9487.583
133930,9491.211
133940,9484.620
133950,9484.957
133960,9486.742
133970,9494.472
133980,9490.562
133990,9494.274
134000,9493.883
134010,9495.254
134020,9491.656
134030,9491.974
134040,9493.292
134050,9484.481
134060,9490.294
134070,9485.512
134080,9485.757
134090,9484.055
134100,9491.123
134110,9498.865
134120,9498.024
134130,9486.065
134140,9486.033
134150,9488.474
134160,9493.949
134170,9491.789
134180,9494.136
134190,9492.377
134200,9488.918
134210,9493.446
134220,9500.866
134230,9498.619
134240,9489.884
134250,9483.547
134260,9481.045
134270,9480.249
134280,9488.120
134290,9492.361
134300,9496.090
134310,9495.612
134320,9494.097
134330,9501.178
134340,9487.895
134350,9493.372
134360,9497.118
134370,9496.183
134380,9490.486
134390,9489.211
134400,9495.337
134410,9501.648
134420,9489.444
134430,9490.374
134440,9488.723
134450,9480.788
134460,9487.927
134470,9491.041
134480,9494.788
134490,9496.948
134500,9494.942
134510,9491.910
134520,9488.947
134530,9495.376
134540,9492.690
134550,9491.838
134560,9495.438
134570,9502.221
134580,9494.113
134590,9492.563
134600,9494.878
134610,9496.687
134620,9492.076
134630,9497.082
134640,9493.529
134650,9497.037
134660,9494.685
134670,9492.439
134680,9491.837
134690,9499.797
134700,9493.346
134710,9489.304
134720,9494.603
134730,9496.606
134740,9495.229
134750,9491.038
134760,9491.110
134770,9471.835
134780,9468.146
134790,9470.474
134800,9474.604
134810,9477.965
134820,9476.136
134830,9476.288
134840,9470.146
134850,9479.312
134860,9467.290
134870,9467.503
134880,9486.792
134890,9478.203
134900,9475.707
134910,9474.051
134920,9484.719
134930,9481.113
134940,9478.228
134950,9476.258
134960,9467.988
134970,9475.373
134980,9478.226
134990,9471.199
135000,9476.878
135010,9478.334
135020,9479.069
135030,9479.975
135040,9484.041
135050,9482.462
135060,9471.213
135070,9478.881
135080,9479.710
135090,9466.678
135100,9467.796
135110,9480.546
135120,9479.883
135130,9477.039
135140,9473.726
135150,9477.216
135160,9480.054
135170,9487.743
135180,9492.350
135190,9488.890
135200,9485.021
135210,9482.454
135220,9477.676
135230,9485.461
135240,9483.344
135250,9485.950
135260,9489.155
135270,9489.517
135280,9481.115
135290,9477.986
135300,9479.826
135310,9488.085
135320,9484.330
135330,9478.312
135340,9475.071
135350,9477.787
135360,9476.124
135370,9476.027
135380,9471.860
135390,9477.874
135400,9480.155
135410,9476.867
135420,9475.038
135430,9477.335
135440,9473.224
135450,9477.287
135460,9471.857
135470,9473.815
135480,9471.819
135490,9477.396
135500,9473.324
135510,9475.818
135520,9473.652
135530,9470.527
135540,9466.603
135550,9474.273
135560,9471.026
135570,9468.798
135580,9470.354
135590,9473.103
135600,9468.118
135610,9470.470
135620,9475.357
135630,9477.770
135640,9471.601
135650,9475.216
135660,9473.746
135670,9478.215
135680,9479.209
135690,9475.326
135700,9473.312
135710,9472.234
135720,9476.134
135730,9484.021
135740,9481.907
135750,9489.805
135760,9484.310
135770,9484.872
135780,9488.089
135790,9485.236
135800,9486.695
135810,9491.850
135820,9489.373
135830,9480.105
135840,9478.823
135850,9470.865
135860,9477.372
135870,9476.775
135880,9476.213
135890,9473.388
135900,9481.444
135910,9475.713
135920,9476.147
135930,9469.970
135940,9471.240
135950,9474.160
135960,9477.938
135970,9485.427
135980,9482.259
135990,9488.606
136000,9489.870
136010,9481.720
136020,9481.304
136030,9482.537
136040,9478.302
136050,9473.275
136060,9475.354
136070,9478.374
136080,9473.421
136090,9482.496
136100,9480.838
136110,9476.573
136120,9470.891
136130,9473.490
136140,9473.621
136150,9479.679
136160,9477.747
136170,9479.070
136180,9484.006
136190,9481.443
136200,9489.348
136210,9485.285
136220,9488.512
136230,9495.507
136240,9478.739
136250,9486.931
136260,9486.574
136270,9478.187
136280,9482.516
136290,9487.914
136300,9483.652
136310,9482.219
136320,9477.032
136330,9475.811
136340,9482.675
136350,9484.842
136360,9484.804
136370,9482.579
136380,9484.961
136390,9484.351
136400,9479.635
136410,9482.700
136420,9486.308
136430,9479.761
136440,9471.444
136450,9474.088
136460,9475.327
136470,9475.992
136480,9479.225
136490,9472.215
136500,9478.442
136510,9478.562
136520,9474.242
136530,9470.796
136540,9471.843
136550,9472.729
136560,9476.176
136570,9476.238
136580,9473.386
136590,9475.618
136600,9476.212
136610,9485.437
136620,9478.660
136630,9473.921
136640,9468.665
136650,9472.271
136660,9467.861
136670,9472.722
136680,9465.175
136690,9471.479
136700,9473.724
136710,9467.294
136720,9475.184
136730,9476.576
136740,9481.058
136750,9478.802
136760,9488.786
136770,9479.578
136780,9480.732
136790,9484.338
136800,9488.173
136810,9485.881
136820,9480.063
136830,9477.509
136840,9479.500
136850,9479.638
136860,9476.951
136870,9470.800
136880,9479.966
136890,9477.563
136900,9474.125
136910,9472.757
136920,9470.591
136930,9476.191
136940,9472.958
136950,9469.851
136960,9483.202
136970,9475.016
136980,9480.234
136990,9478.451
137000,9469.819
137010,9480.609
137020,9481.189
137030,9478.260
137040,9486.028
137050,9489.695
137060,9490.820
137070,9490.867
137080,9489.973
137090,9485.435
137100,9482.612
137110,9475.747
137120,9482.282
137130,9486.946
137140,9482.103
137150,9472.426
137160,9474.949
137170,9471.207
137180,9477.557
137190,9485.191
137200,9482.168
137210,9486.479
137220,9479.700
137230,9480.591
137240,9493.361
137250,9490.092
137260,9484.903
137270,9486.168
137280,9484.697
137290,9486.646
137300,9491.206
137310,9489.236
137320,9488.030
137330,9480.088
137340,9485.762
137350,9485.016
137360,9480.502
137370,9484.612
137380,9483.109
137390,9482.738
137400,9477.036
137410,9482.665
137420,9483.576
137430,9483.769
137440,9481.283
137450,9484.584
137460,9484.682
137470,9485.192
137480,9482.600
137490,9484.813
137500,9486.411
137510,9493.746
137520,9489.471
137530,9487.779
137540,9489.513
137550,9483.375
137560,9490.282
137570,9491.741
137580,9486.766
137590,9489.705
137600,9485.897
137610,9493.536
137620,9493.312
137630,9496.987
137640,9490.342
137650,9492.672
137660,9492.939
137670,9503.004
137680,9489.042
137690,9493.421
137700,9490.676
137710,9487.780
137720,9483.138
137730,9489.359
137740,9490.065
137750,9496.866
137760,9494.353
137770,9495.021
137780,9503.078
137790,9499.736
137800,9501.055
137810,9498.973
137820,9513.207
137830,9505.997
137840,9499.928
137850,9506.006
137860,9493.946
137870,9493.500
137880,9489.729
137890,9489.365
137900,9481.970
137910,9479.865
137920,9482.162
137930,9487.937
137940,9482.998
137950,9488.394
137960,9493.850
137970,9490.808
137980,9489.436
137990,9491.524
138000,9490.375
138010,9501.268
138020,9487.726
138030,9483.226
138040,9488.978
138050,9483.223
138060,9486.861
138070,9489.572
138080,9494.329
138090,9494.931
138100,9489.014
138110,9495.382
138120,9494.367
138130,9489.104
138140,9494.289
138150,9488.607
138160,9484.646
138170,9482.083
138180,9485.672
138190,9489.450
138200,9485.934
138210,9485.846
138220,9482.471
138230,9489.282
138240,9487.121
138250,9491.803
138260,9491.717
138270,9488.978
138280,9490.847
138290,9494.771
138300,9492.608
138310,9491.415
138320,9489.280
138330,9495.114
138340,9491.887
138350,9488.462
138360,9487.270
138370,9487.675
138380,9486.279
138390,9492.538
138400,9488.512
138410,9487.058
138420,9486.556
138430,9489.024
138440,9490.590
138450,9485.707
138460,9485.232
138470,9493.919
138480,9483.045
138490,9480.875
138500,9493.699
138510,9487.263
138520,9486.657
138530,9491.597
138540,9481.824
138550,9483.414
138560,9483.171
138570,9476.245
138580,9479.639
138590,9476.974
138600,9479.730
138610,9481.381
138620,9483.373
138630,9486.053
138640,9480.884
138650,9482.420
138660,9481.956
138670,9476.854
138680,9485.055
138690,9484.006
138700,9488.978
138710,9486.960
138720,9483.777
138730,9488.498
138740,9476.806
138750,9478.591
138760,9478.708
138770,9487.698
138780,9488.568
138790,9485.591
138800,9485.241
138810,9478.442
138820,9487.580
138830,9483.084
138840,9486.831
138850,9485.016
138860,9482.005
138870,9473.980
138880,9481.192
138890,9486.520
138900,9483.576
138910,9487.349
138920,9480.645
138930,9471.978
138940,9471.916
138950,9463.401
138960,9471.343
138970,9471.301
138980,9477.128
138990,9468.463
139000,9469.551
139010,9467.933
139020,9471.729
139030,9471.053
139040,9468.763
139050,9465.789
139060,9471.779
139070,9469.550
139080,9467.940
139090,9473.203
139100,9469.996
139110,9475.445
139120,9475.811
139130,9471.605
139140,9472.291
139150,9468.744
139160,9471.677
139170,9473.631
139180,9479.220
139190,9476.119
139200,9467.862
139210,9469.129
139220,9468.176
139230,9463.280
139240,9467.664
139250,9471.964
139260,9471.832
139270,9466.167
139280,9470.888
139290,9475.741
139300,9477.402
139310,9473.727
139320,9471.920
139330,9471.906
139340,9470.422
139350,9477.557
139360,9476.762
139370,9480.197
139380,9475.708
139390,9474.521
139400,9474.705
139410,9470.581
139420,9475.950
139430,9480.916
139440,9478.581
139450,9476.566
139460,9477.008
139470,9479.728
139480,9472.555
139490,9476.530
139500,9471.863
139510,9473.002
139520,9470.169
139530,9473.631
139540,9467.435
139550,9476.820
139560,9474.488
139570,9476.086
139580,9474.232
139590,9477.093
139600,9476.845
139610,9472.336
139620,9469.729
139630,9473.685
139640,9471.850
139650,9480.382
139660,9485.848
139670,9483.041
139680,9483.351
139690,9479.439
139700,9477.037
139710,9473.043
139720,9478.659
139730,9485.846
139740,9490.338
139750,9488.185
139760,9481.381
139770,9475.999
139780,9483.295
139790,9486.590
139800,9488.293
139810,9485.840
139820,9486.146
139830,9478.815
139840,9486.280
139850,9481.669
139860,9484.300
139870,9489.991
139880,9490.709
139890,9482.156
139900,9476.257
139910,9481.331
139920,9474.522
139930,9476.000
139940,9475.932
139950,9469.593
139960,9468.702
139970,9464.120
139980,9459.713
139990,9463.354
140000,9469.940
140010,9473.331
140020,9474.722
140030,9470.734
140040,9472.188
140050,9476.928
140060,9481.250
140070,9481.931
140080,9474.537
140090,9479.809
140100,9484.025
140110,9478.773
140120,9475.847
140130,9484.446
140140,9474.294
140150,9472.363
140160,9476.994
140170,9478.181
140180,9468.537
140190,9473.137
140200,9472.810
140210,9472.321
140220,9479.750
140230,9477.663
140240,9472.146
140250,9470.656
140260,9473.472
140270,9471.193
140280,9470.935
140290,9476.232
140300,9477.874
140310,9480.993
140320,9490.015
140330,9479.747
140340,9480.851
140350,9483.413
140360,9479.745
140370,9479.450
140380,9473.877
140390,9483.379
140400,9483.313
140410,9480.901
140420,9484.350
140430,9479.784
140440,9482.971
140450,9483.475
140460,9482.376
140470,9474.854
140480,9473.707
140490,9475.256
140500,9477.024
140510,9479.051
140520,9474.040
140530,9472.311
140540,9475.146
140550,9474.827
140560,9469.784
140570,9469.080
140580,9475.110
140590,9473.520
140600,9465.834
140610,9468.020
140620,9467.872
140630,9467.493
140640,9475.252
140650,9480.170
140660,9477.533
140670,9475.276
140680,9475.716
140690,9476.327
140700,9475.379
140710,9483.558
140720,9482.035
140730,9478.168
140740,9477.286
140750,9478.184
140760,7457.899
140770,5248.826
140780,4440.741
140790,4138.415
140800,4034.887
140810,3988.107
140820,3983.365
140830,3977.335
140840,3974.689
140850,4374.463
140860,4548.801
140870,4618.959
140880,4644.099
140890,4407.815
140900,4135.947
140910,4033.485
140920,3996.095
140930,3980.919
140940,3975.536
140950,3975.070
140960,3975.043
140970,3972.477
140980,4414.991
140990,4562.551
141000,4622.686
141010,4639.728
141020,4338.459
141030,4104.678
141040,4026.289
141050,3996.303
141060,3979.466
141070,3977.511
141080,3975.988
141090,3973.104
141100,4012.854
141110,4453.391
141120,4578.144
141130,4628.062
141140,4644.930
141150,2556.704
141160,943.268
141170,349.508
141180,130.967
141190,50.521
141200,20.883
141210,10.003
141220,5.964
141230,4.547
141240,4.096
141250,4.322
141260,14.789
141270,26.619
141280,51.797
141290,34.949
141300,36.293
141310,37.889
141320,50.345
141330,51.460
141340,29.844
141350,36.671
141360,34.419
141370,36.356
141380,61.020
141390,38.093
141400,36.949
141410,61.597
141420,34.825
141430,46.464
141440,33.845
141450,44.023
141460,32.333
141470,48.894
141480,35.901
141490,34.670
141500,46.538
141510,34.911
141520,36.147
141530,40.026
141540,35.947
141550,59.156
141560,37.459
141570,35.796
141580,49.971
141590,36.656
141600,35.891
141610,37.099
141620,35.531
141630,44.230
141640,34.779
141650,44.965
141660,33.572
141670,36.563
141680,34.867
141690,37.666
141700,38.592
141710,39.643
141720,36.058
141730,42.339
141740,35.245
141750,46.538
141760,36.623
141770,35.336
141780,41.526
141790,35.210
141800,55.031
141810,35.297
141820,36.677
141830,38.831
141840,56.531
141850,38.292
141860,36.882
141870,55.823
141880,38.631
141890,37.135
141900,46.549
141910,34.342
141920,55.492
141930,34.641
141940,34.955
141950,41.510
141960,35.325
141970,36.096
141980,54.452
141990,34.038
142000,35.055
142010,37.699
142020,52.317
142030,34.926
142040,33.622
142050,47.310
142060,34.473
142070,55.967
142080,35.700
142090,35.180
142100,47.235
142110,36.278
142120,35.017
142130,38.361
142140,33.967
142150,61.955
142160,36.951
142170,54.110
142180,34.354
142190,36.469
142200,56.878
142210,36.679
142220,35.428
142230,58.575
142240,35.220
142250,37.321
142260,37.246
142270,51.275
142280,39.687
142290,52.388
142300,33.489
142310,34.176
142320,44.702
142330,35.205
142340,42.653
142350,35.836
142360,36.331
142370,40.374
142380,33.917
142390,59.965
142400,34.352
142410,33.618
142420,52.320
142430,36.629
142440,36.856
142450,44.371
142460,57.018
142470,34.419
142480,35.802
142490,38.058
142500,46.206
142510,34.563
142520,37.101
142530,49.019
142540,35.475
142550,37.473
142560,46.674
142570,34.763
142580,36.327
142590,36.989
142600,34.844
142610,47.348
142620,36.082
142630,36.526
142640,41.942
142650,35.297
142660,62.037
142670,35.587
142680,35.753
142690,32.484
142700,54.548
142710,35.442
142720,36.521
142730,40.804
142740,35.333
142750,43.487
142760,34.082
142770,45.938
142780,35.217
142790,46.621
142800,36.791
142810,34.933
142820,56.223
142830,34.766
142840,54.558
142850,37.259
142860,34.916
142870,37.709
142880,46.823
142890,35.808
142900,39.492
142910,55.658
142920,34.577
142930,34.085
142940,40.119
142950,35.280
142960,35.894
142970,38.188
142980,35.413
142990,54.520
143000,36.891
143010,37.521
143020,37.768
143030,38.219
143040,43.331
143050,35.106
143060,42.471
143070,53.520
143080,33.100
143090,34.820
143100,38.947
143110,34.301
143120,36.245
143130,51.686
143140,38.429
143150,58.031
143160,34.664
143170,35.452
143180,33.963
143190,34.472
143200,34.334
143210,35.767
143220,46.905
143230,36.016
143240,37.234
143250,43.798
143260,35.828
143270,61.062
143280,36.070
143290,36.831
143300,40.998
143310,34.871
143320,54.409
143330,35.880
143340,36.223
143350,60.402
143360,35.053
143370,46.703
143380,35.455
143390,37.487
143400,38.330
143410,51.081
143420,36.352
143430,36.831
143440,39.079
143450,40.109
143460,39.927
143470,46.122
143480,34.773
143490,34.556
143500,37.353
143510,61.524
143520,37.512
143530,36.004
143540,37.682
143550,46.727
143560,36.739
143570,53.492
143580,35.755
143590,36.648
143600,37.985
143610,39.801
143620,40.214
143630,35.749
143640,58.817
143650,37.707
143660,45.109
143670,33.037
143680,35.220
143690,33.415
143700,45.361
143710,34.509
143720,51.653
143730,35.288
143740,37.019
143750,33.290
143760,59.446
143770,35.075
143780,49.295
143790,35.102
143800,35.475
143810,59.475
143820,36.544
143830,48.393
143840,36.805
143850,35.421
143860,36.556
143870,37.581
143880,34.445
143890,37.868
143900,39.287
143910,51.305
143920,34.316
143930,35.638
143940,39.523
143950,36.772
143960,36.654
143970,46.977
143980,35.866
143990,36.036
144000,51.107
144010,31.425
144020,33.285
144030,39.137
144040,56.300
144050,35.584
144060,35.426
144070,42.020
144080,35.547
144090,36.306
144100,59.616
144110,37.348
144120,35.877
144130,39.475
144140,65.012
144150,35.987
144160,57.410
144170,34.018
144180,45.700
144190,33.035
144200,36.598
144210,38.514
144220,44.848
144230,36.299
144240,58.790
144250,35.886
144260,37.399
144270,33.322
144280,45.918
144290,34.150
144300,45.316
144310,32.456
144320,34.634
144330,35.858
144340,34.242
144350,42.863
144360,56.542
144370,31.711
144380,34.767
144390,37.326
144400,39.643
144410,35.474
144420,57.274
144430,35.627
144440,41.507
144450,33.510
144460,52.379
144470,35.630
144480,35.257
144490,44.578
144500,33.921
144510,46.302
144520,34.590
144530,43.850
144540,35.876
144550,36.064
144560,43.686
144570,35.336
144580,35.774
144590,59.242
144600,38.139
144610,48.302
144620,35.432
144630,34.950
144640,58.795
144650,37.387
144660,35.447
144670,43.008
144680,35.787
144690,48.920
144700,35.652
144710,37.412
144720,41.222
144730,34.702
144740,36.310
144750,43.998
144760,34.826
144770,48.985
144780,34.379
144790,37.140
144800,46.432
144810,34.599
144820,61.233
144830,35.179
144840,40.588
144850,34.153
144860,47.508
144870,32.942
144880,34.999
144890,33.299
144900,53.362
144910,36.689
144920,35.098
144930,51.228
144940,35.407
144950,41.451
144960,33.616
144970,55.279
144980,36.462
144990,36.166
145000,37.334
145010,37.896
145020,62.328
145030,56.866
145040,33.122
145050,33.812
145060,35.698
145070,37.865
145080,36.200
145090,37.567
145100,54.822
145110,35.600
145120,35.279
145130,55.894
145140,35.615
145150,42.723
145160,34.409
145170,35.649
145180,61.083
145190,36.657
145200,55.040
145210,34.889
145220,50.469
145230,33.984
145240,42.777
145250,34.974
145260,56.984
145270,36.138
145280,35.325
145290,37.292
145300,38.277
145310,36.014
145320,36.712
145330,59.720
145340,34.702
145350,35.275
145360,42.378
145370,34.505
145380,35.861
145390,36.427
145400,38.504
145410,35.991
145420,61.073
145430,35.528
145440,34.739
145450,44.576
145460,33.448
145470,51.165
145480,34.396
145490,35.243
145500,37.462
145510,34.200
145520,44.064
145530,33.052
145540,36.825
145550,44.072
145560,34.366
145570,61.648
145580,35.646
145590,36.282
145600,39.269
145610,34.136
145620,38.716
145630,37.439
145640,36.090
145650,38.297
145660,43.420
145670,34.793
145680,59.555
145690,35.068
145700,35.185
145710,36.703
145720,38.906
145730,54.158
145740,34.558
145750,44.126
145760,34.270
145770,44.057
145780,34.316
145790,36.237
145800,56.996
145810,36.489
145820,60.852
145830,35.142
145840,33.394
145850,43.804
145860,32.133
145870,35.190
145880,54.189
145890,31.691
145900,33.521
145910,50.901
145920,35.279
145930,39.998
145940,35.904
145950,36.243
145960,45.521
145970,35.571
145980,39.703
145990,33.060
146000,62.264
146010,36.776
146020,34.805
146030,55.557
146040,36.418
146050,35.710
146060,42.915
146070,35.710
146080,35.397
146090,37.167
146100,35.806
146110,42.999
146120,33.543
146130,35.110
146140,46.443
146150,34.803
146160,36.690
146170,41.244
146180,34.957
146190,46.776
146200,34.160
146210,36.165
146220,37.783
146230,46.782
146240,36.492
146250,40.548
146260,34.851
146270,35.745
146280,60.655
146290,35.130
146300,41.791
146310,35.451
146320,36.479
146330,39.044
146340,41.443
146350,34.713
146360,36.106
146370,39.228
146380,35.747
146390,37.128
146400,40.075
146410,36.073
146420,49.984
146430,35.685
146440,36.121
146450,43.041
146460,35.830
146470,54.702
146480,34.280
146490,38.923
146500,33.149
146510,45.799
146520,32.914
146530,35.797
146540,41.757
146550,36.944
146560,36.845
146570,38.765
146580,59.058
146590,37.709
146600,49.610
146610,35.373
146620,34.513
146630,37.838
146640,35.591
146650,41.413
146660,32.969
146670,34.690
146680,36.886
146690,56.653
146700,33.579
146710,35.331
146720,37.909
146730,49.828
146740,34.164
146750,41.776
146760,35.527
146770,36.082
146780,37.480
146790,34.063
146800,35.237
146810,55.406
146820,37.681
146830,34.860
146840,37.048
146850,40.769
146860,35.240
146870,43.910
146880,35.496
146890,35.576
146900,39.387
146910,39.930
146920,52.132
146930,36.406
146940,40.574
146950,34.387
146960,35.717
146970,43.237
146980,34.210
146990,52.656
147000,35.103
147010,44.007
147020,30.362
147030,35.033
147040,40.893
147050,34.970
147060,59.434
147070,35.070
147080,36.499
147090,38.033
147100,38.155
147110,34.031
147120,46.898
147130,36.940
147140,51.532
147150,35.478
147160,37.264
147170,34.627
147180,37.555
147190,34.849
147200,41.701
147210,35.790
147220,35.761
147230,52.768
147240,36.765
147250,37.315
147260,41.436
147270,34.889
147280,38.071
147290,55.704
147300,32.786
147310,34.827
147320,43.459
147330,33.829
147340,50.555
147350,35.721
147360,39.718
147370,31.892
147380,53.044
147390,34.890
147400,35.521
147410,48.945
147420,33.050
147430,43.600
147440,33.410
147450,41.389
147460,51.064
147470,32.555
147480,34.480
147490,35.916
147500,40.375
147510,51.169
147520,31.298
147530,39.227
147540,32.459
147550,36.462
147560,38.901
147570,34.609
147580,37.435
147590,42.908
147600,35.332
147610,37.742
147620,44.300
147630,35.552
147640,54.308
147650,37.192
147660,36.917
147670,36.507
147680,38.278
147690,36.938
147700,37.832
147710,41.076
147720,35.881
147730,39.470
147740,34.564
147750,35.748
147760,48.484
147770,35.727
147780,35.188
147790,46.683
147800,34.017
147810,36.773
147820,37.966
147830,34.709
147840,35.464
147850,41.135
147860,32.415
147870,35.486
147880,38.815
147890,41.318
147900,36.319
147910,42.556
147920,34.571
147930,34.849
147940,38.314
147950,39.774
147960,44.985
147970,35.122
147980,55.866
147990,36.828
148000,42.346
148010,34.187
148020,35.989
148030,49.920
148040,36.862
148050,50.910
148060,32.463
148070,35.730
148080,40.701
148090,34.975
148100,48.631
148110,34.267
148120,57.167
148130,34.451
148140,34.527
148150,42.183
148160,35.995
148170,60.355
148180,34.008
148190,34.502
148200,36.813
148210,44.518
148220,34.072
148230,39.105
148240,53.345
148250,34.951
148260,34.982
148270,40.696
148280,34.244
148290,39.037
148300,37.647
148310,36.983
148320,37.338
148330,54.201
148340,36.390
148350,36.198
148360,42.708
148370,35.397
148380,46.406
148390,34.265
148400,37.231
148410,52.377
148420,35.886
148430,35.789
148440,37.224
148450,37.954
148460,36.290
148470,37.876
148480,33.876
148490,36.751
148500,52.790
148510,35.318
148520,37.057
148530,37.849
148540,60.276
148550,38.706
148560,53.552
148570,34.058
148580,59.252
148590,34.391
148600,35.986
148610,38.961
148620,34.239
148630,36.909
148640,39.738
148650,41.920
148660,33.437
148670,36.033
148680,59.363
148690,35.611
148700,36.293
148710,55.235
148720,36.263
148730,35.622
148740,37.481
148750,64.385
148760,38.175
148770,36.880
148780,61.738
148790,37.397
148800,35.798
148810,41.037
148820,34.294
148830,36.608
148840,36.176
148850,42.353
148860,34.309
148870,60.813
148880,35.409
148890,42.811
148900,35.167
148910,35.445
148920,55.111
148930,35.958
148940,35.521
148950,62.218
148960,36.058
148970,36.269
148980,40.986
148990,33.946
149000,50.890
149010,34.262
149020,35.525
149030,56.353
149040,35.258
149050,35.535
149060,46.529
149070,34.352
149080,34.988
149090,33.639
149100,56.292
149110,37.122
149120,46.527
149130,32.567
149140,34.130
149150,36.241
149160,33.235
149170,35.672
149180,38.505
149190,34.593
149200,36.810
149210,35.321
149220,37.095
149230,47.393
149240,35.822
149250,36.364
149260,35.731
149270,43.934
149280,57.089
149290,32.716
149300,34.412
149310,44.778
149320,33.094
149330,56.457
149340,35.444
149350,35.348
149360,46.096
149370,35.879
149380,44.048
149390,34.804
149400,36.466
149410,38.911
149420,39.744
149430,33.756
149440,38.428
149450,35.092
149460,35.801
149470,40.274
149480,34.856
149490,37.553
149500,52.554
149510,35.824
149520,46.681
149530,33.843
149540,51.234
149550,34.917
149560,41.026
149570,36.166
149580,56.695
149590,34.373
149600,34.646
149610,39.696
149620,34.050
149630,37.330
149640,39.095
149650,40.368
149660,36.718
149670,44.257
149680,36.352
149690,35.983
149700,38.838
149710,35.163
149720,35.716
149730,34.422
149740,35.046
149750,43.793
149760,36.694
149770,56.814
149780,36.640
149790,34.762
149800,36.332
149810,35.349
149820,36.345
149830,37.847
149840,36.166
149850,40.739
149860,51.123
149870,33.173
149880,33.931
149890,36.775
149900,32.850
149910,46.749
149920,35.224
149930,36.840
149940,37.083
149950,39.046
149960,37.275
149970,37.663
149980,38.858
149990,49.262
150000,36.035
150010,36.696
150020,37.012
150030,36.427
150040,43.891
150050,36.229
150060,37.416
150070,34.052
150080,35.915
150090,60.159
150100,36.456
150110,38.782
150120,33.603
150130,37.228
150140,44.722
150150,37.737
150160,36.546
150170,60.770
150180,37.028
150190,34.907
150200,43.134
150210,34.900
150220,53.690
150230,35.039
150240,36.165
150250,37.861
150260,53.764
150270,34.950
150280,32.738
150290,36.250
150300,44.314
150310,36.021
150320,47.046
150330,35.817
150340,35.664
150350,41.253
150360,36.575
150370,37.189
150380,38.191
150390,38.362
150400,34.868
150410,54.081
150420,34.236
150430,43.171
150440,33.761
150450,41.453
150460,34.093
150470,40.569
150480,34.731
150490,36.503
150500,43.786
150510,34.553
150520,48.149
150530,34.823
150540,35.932
150550,57.763
150560,37.838
150570,36.550
150580,37.887
150590,57.345
150600,36.449
150610,36.251
150620,51.783
150630,38.057
150640,34.974
150650,39.351
150660,34.471
150670,62.393
150680,36.613
150690,35.539
150700,37.882
150710,54.255
150720,35.387
150730,36.288
150740,36.410
150750,41.227
150760,36.528
150770,47.098
150780,34.864
150790,46.703
150800,36.023
150810,35.233
150820,37.378
150830,39.059
150840,35.583
150850,39.989
150860,34.144
150870,36.551
150880,44.710
150890,34.420
150900,57.059
150910,35.370
150920,53.424
150930,34.081
150940,36.436
150950,40.048
150960,33.352
150970,39.948
150980,34.474
150990,49.732
151000,37.867
151010,36.106
151020,37.659
151030,39.821
151040,34.651
151050,50.579
151060,35.250
151070,57.835
151080,37.102
151090,35.462
151100,53.764
151110,35.947
151120,52.619
151130,33.244
151140,32.938
151150,36.835
151160,35.823
151170,47.696
151180,34.177
151190,51.501
151200,35.572
151210,35.666
151220,48.752
151230,34.110
151240,35.107
151250,54.312
151260,36.888
151270,36.446
151280,60.502
151290,37.702
151300,35.072
151310,54.605
151320,35.208
151330,34.031
151340,38.874
151350,38.367
151360,35.436
151370,33.036
151380,36.386
151390,33.891
151400,46.334
151410,35.896
151420,35.282
151430,51.031
151440,34.709
151450,49.217
151460,34.338
151470,36.727
151480,36.959
151490,59.858
151500,35.541
151510,48.445
151520,34.608
151530,40.419
151540,34.439
151550,38.370
151560,35.536
151570,36.451
151580,38.784
151590,41.051
151600,35.382
151610,37.865
151620,38.886
151630,41.893
151640,42.736
151650,33.140
151660,55.975
151670,35.392
151680,41.316
151690,33.155
151700,36.932
151710,32.491
151720,34.548
151730,36.317
151740,39.427
151750,52.623
151760,34.549
151770,35.713
151780,37.400
151790,55.409
151800,38.201
151810,36.206
151820,55.817
151830,36.123
151840,35.650
151850,42.345
151860,53.346
151870,32.876
151880,35.089
151890,51.477
151900,36.321
151910,34.907
151920,33.775
151930,42.574
151940,34.198
151950,40.101
151960,35.002
151970,54.699
151980,36.168
151990,35.103
152000,42.748
152010,35.833
152020,36.867
152030,33.955
152040,51.303
152050,36.282
152060,52.715
152070,34.830
152080,35.063
152090,37.908
152100,33.017
152110,36.157
152120,41.749
152130,36.930
152140,58.790
152150,34.684
152160,58.463
152170,34.788
152180,40.063
152190,34.702
152200,36.521
152210,53.853
152220,36.371
152230,48.904
152240,35.671
152250,35.350
152260,36.910
152270,51.421
152280,38.177
152290,35.588
152300,36.295
152310,38.820
152320,46.690
152330,36.632
152340,37.847
152350,42.715
152360,36.141
152370,45.065
152380,34.857
152390,36.823
152400,48.955
152410,38.109
152420,53.105
152430,35.457
152440,54.221
152450,34.440
152460,52.116
152470,32.806
152480,45.854
152490,33.733
152500,36.033
152510,41.065
152520,47.410
152530,34.825
152540,56.104
152550,35.172
152560,34.486
152570,40.703
152580,36.151
152590,49.085
152600,35.906
152610,35.638
152620,36.910
152630,58.345
152640,36.283
152650,36.969
152660,34.317
152670,36.803
152680,39.660
152690,34.067
152700,37.862
152710,45.252
152720,34.740
152730,62.617
152740,33.704
152750,34.758
152760,52.303
152770,31.991
152780,34.358
152790,37.015
152800,60.245
152810,38.487
152820,34.766
152830,48.206
152840,34.350
152850,37.915
152860,34.076
152870,37.218
152880,37.351
152890,39.450
152900,34.335
152910,54.868
152920,34.436
152930,36.393
152940,33.782
152950,36.939
152960,35.076
152970,36.929
152980,38.741
152990,35.230
153000,57.528
153010,37.193
153020,34.361
153030,40.112
153040,48.183
153050,32.716
153060,36.510
153070,37.483
153080,50.503
153090,34.396
153100,44.074
153110,36.020
153120,43.620
153130,34.192
153140,40.198
153150,34.073
153160,59.814
153170,34.832
153180,48.138
153190,33.603
153200,36.072
153210,37.997
153220,37.991
153230,36.488
153240,39.122
153250,57.589
153260,34.112
153270,36.011
153280,40.009
153290,36.023
153300,46.054
153310,34.258
153320,36.206
153330,42.414
153340,35.047
153350,58.799
153360,36.504
153370,45.318
153380,33.981
153390,53.738
153400,32.849
153410,46.940
153420,33.945
153430,36.644
153440,41.169
153450,38.681
153460,34.504
153470,37.368
153480,44.784
153490,36.010
153500,36.645
153510,39.393
153520,33.906
153530,36.497
153540,32.952
153550,36.775
153560,33.555
153570,37.145
153580,51.656
153590,36.058
153600,35.159
153610,37.680
153620,48.771
153630,36.089
153640,37.913
153650,33.923
153660,41.221
153670,34.191
153680,35.994
153690,62.602
153700,34.712
153710,35.997
153720,37.515
153730,47.804
153740,36.010
153750,37.914
153760,38.254
153770,59.944
153780,37.275
153790,37.192
153800,58.929
153810,37.446
153820,36.872
153830,51.203
153840,34.419
153850,49.943
153860,36.724
153870,60.274
153880,33.399
153890,34.986
153900,48.509
153910,33.560
153920,43.849
153930,36.596
153940,35.995
153950,39.027
153960,46.875
153970,31.797
153980,33.482
153990,43.511
154000,34.151
154010,40.022
154020,34.189
154030,35.626
154040,44.287
154050,34.313
154060,36.160
154070,36.349
154080,42.737
154090,39.084
154100,36.831
154110,46.014
154120,36.124
154130,56.546
154140,36.267
154150,36.854
154160,37.867
154170,42.620
154180,34.786
154190,46.517
154200,34.698
154210,46.090
154220,35.183
154230,45.299
154240,33.055
154250,35.349
154260,43.378
154270,34.308
154280,35.761
154290,44.272
154300,35.462
154310,37.732
154320,40.718
154330,34.874
154340,49.380
154350,36.211
154360,36.840
154370,61.120
154380,37.358
154390,36.160
154400,39.902
154410,33.903
154420,61.938
154430,34.645
154440,34.267
154450,49.672
154460,35.176
154470,35.509
154480,46.132
154490,33.092
154500,34.413
154510,43.609
154520,35.682
154530,39.934
154540,34.783
154550,36.294
154560,54.357
154570,34.041
154580,38.587
154590,33.901
154600,35.874
154610,51.089
154620,36.314
154630,36.091
154640,63.097
154650,35.768
154660,35.693
154670,33.429
154680,35.946
154690,41.298
154700,36.412
154710,60.444
154720,35.689
154730,54.384
154740,34.896
154750,33.110
154760,45.879
154770,31.212
154780,42.822
154790,34.967
154800,35.979
154810,39.123
154820,39.109
154830,44.825
154840,36.251
154850,36.997
154860,38.027
154870,33.607
154880,36.360
154890,47.639
154900,34.424
154910,34.073
154920,38.357
154930,34.795
154940,44.560
154950,37.840
154960,36.231
154970,39.419
154980,34.191
154990,43.115
155000,34.318
155010,35.784
155020,36.995
155030,36.632
155040,54.283
155050,36.057
155060,34.957
155070,46.151
155080,34.245
155090,36.008
155100,35.197
155110,48.005
155120,33.200
155130,37.053
155140,55.298
155150,34.146
155160,57.035
155170,32.676
155180,34.300
155190,38.226
155200,35.106
155210,36.233
155220,37.712
155230,43.173
155240,41.481
155250,35.104
155260,35.824
155270,36.547
155280,48.981
155290,36.954
155300,39.937
155310,33.911
155320,37.834
155330,34.306
155340,59.146
155350,34.598
155360,47.104
155370,33.228
155380,45.952
155390,36.242
155400,36.838
155410,59.304
155420,36.286
155430,34.702
155440,33.285
155450,41.634
155460,38.393
155470,35.897
155480,40.623
155490,45.731
155500,33.302
155510,54.934
155520,34.774
155530,34.363
155540,48.011
155550,35.337
155560,34.240
155570,56.422
155580,35.143
155590,50.828
155600,35.228
155610,36.447
155620,37.900
155630,35.705
155640,37.227
155650,38.184
155660,34.271
155670,39.127
155680,33.436
155690,36.866
155700,37.844
155710,35.402
155720,37.173
155730,42.812
155740,34.592
155750,35.330
155760,59.802
155770,37.637
155780,52.476
155790,34.646
155800,35.258
155810,52.983
155820,34.104
155830,36.840
155840,39.290
155850,36.888
155860,41.355
155870,34.051
155880,35.215
155890,64.496
155900,35.814
155910,35.045
155920,44.904
155930,35.029
155940,48.910
155950,38.803
155960,34.975
155970,37.592
155980,37.942
155990,63.261
156000,35.868
156010,35.310
156020,36.031
156030,55.122
156040,35.638
156050,34.713
156060,41.532
156070,33.889
156080,39.989
156090,34.014
156100,37.429
156110,49.473
156120,35.105
156130,36.178
156140,42.237
156150,35.136
156160,36.933
156170,41.628
156180,38.359
156190,33.154
156200,50.060
156210,33.249
156220,36.020
156230,37.220
156240,51.103
156250,36.846
156260,57.520
156270,35.019
156280,35.234
156290,37.586
156300,35.288
156310,38.240
156320,39.410
156330,35.412
156340,36.839
156350,49.803
156360,36.593
156370,36.630
156380,38.296
156390,39.917
156400,35.727
156410,40.852
156420,34.363
156430,35.884
156440,34.617
156450,37.365
156460,36.305
156470,36.009
156480,54.716
156490,34.374
156500,48.522
156510,34.628
156520,34.669
156530,38.305
156540,65.196
156550,34.870
156560,35.830
156570,38.488
156580,35.079
156590,37.386
156600,46.374
156610,35.034
156620,34.773
156630,37.028
156640,38.283
156650,50.991
156660,34.280
156670,37.449
156680,50.930
156690,33.986
156700,35.051
156710,37.651
156720,35.744
156730,36.691
156740,35.074
156750,37.810
156760,44.393
156770,34.583
156780,50.961
156790,35.089
156800,60.154
156810,33.981
156820,39.295
156830,33.957
156840,34.884
156850,51.611
156860,33.379
156870,33.462
156880,40.049
156890,34.132
156900,34.949
156910,59.581
156920,36.614
156930,55.041
156940,33.950
156950,35.084
156960,40.278
156970,34.756
156980,44.458
156990,34.604
157000,35.316
157010,46.580
157020,34.044
157030,56.996
157040,38.221
157050,44.148
157060,33.063
157070,34.851
157080,56.796
157090,34.827
157100,35.155
157110,40.172
157120,32.965
157130,50.517
157140,35.455
157150,35.066
157160,46.841
157170,35.620
157180,46.377
157190,33.488
157200,35.734
157210,41.543
157220,33.693
157230,38.934
157240,34.486
157250,36.877
157260,34.768
157270,37.071
157280,38.958
157290,35.789
157300,53.461
157310,32.905
157320,35.048
157330,35.748
157340,34.074
157350,37.185
157360,43.999
157370,35.126
157380,50.062
157390,33.769
157400,35.502
157410,43.414
157420,36.085
157430,51.327
157440,34.091
157450,37.381
157460,33.723
157470,39.137
157480,42.795
157490,30.344
157500,34.249
157510,36.464
157520,33.241
157530,62.641
157540,32.928
157550,50.705
157560,34.717
157570,35.366
157580,37.879
157590,39.199
157600,39.851
157610,34.932
157620,37.555
157630,33.318
157640,36.093
157650,39.227
157660,35.889
157670,51.793
157680,35.177
157690,39.807
157700,34.324
157710,44.877
157720,32.363
157730,33.384
157740,33.867
157750,34.688
157760,32.931
157770,44.053
157780,35.294
157790,35.777
157800,43.234
157810,36.097
157820,37.129
157830,41.251
157840,33.616
157850,40.448
157860,35.008
157870,36.826
157880,37.348
157890,39.364
157900,35.178
157910,41.115
157920,34.481
157930,37.176
157940,41.780
157950,36.476
157960,36.318
157970,38.331
157980,34.933
157990,48.236
158000,35.160
158010,36.130
158020,58.065
158030,37.489
158040,35.717
158050,54.238
158060,34.796
158070,58.465
158080,33.813
158090,47.729
158100,33.715
158110,35.888
158120,37.465
158130,38.778
158140,35.767
158150,38.746
158160,34.169
158170,63.096
158180,34.880
158190,45.217
158200,33.779
158210,52.763
158220,35.401
158230,35.160
158240,36.568
158250,35.037
158260,33.391
158270,48.513
158280,34.926
158290,58.623
158300,34.919
158310,54.825
158320,33.828
158330,47.084
158340,31.536
158350,35.350
158360,37.727
158370,59.789
158380,32.379
158390,33.104
158400,51.026
158410,36.208
158420,35.045
158430,51.973
158440,36.373
158450,37.139
158460,47.853
158470,34.959
158480,45.153
158490,33.693
158500,34.557
158510,40.948
158520,35.393
158530,45.377
158540,33.247
158550,44.612
158560,44.468
158570,30.409
158580,34.347
158590,41.775
158600,33.570
158610,36.894
158620,57.343
158630,32.876
158640,34.442
158650,64.203
158660,37.222
158670,35.930
158680,38.192
158690,33.688
158700,36.109
158710,36.605
158720,35.037
158730,62.743
158740,34.703
158750,35.223
158760,37.245
158770,36.049
158780,35.991
158790,60.491
158800,35.546
158810,43.103
158820,32.876
158830,33.995
158840,53.928
158850,34.849
158860,34.905
158870,38.603
158880,34.585
158890,37.300
158900,45.662
158910,31.485
158920,44.632
158930,36.954
158940,34.225
158950,36.734
158960,35.090
158970,59.895
158980,36.067
158990,33.640
159000,49.455
159010,35.271
159020,57.721
159030,34.468
159040,36.113
159050,36.844
159060,43.692
159070,33.276
159080,34.943
159090,45.636
159100,33.690
159110,34.870
159120,38.543
159130,30.264
159140,35.193
159150,34.363
159160,33.221
159170,36.413
159180,38.505
159190,36.326
159200,47.558
159210,35.685
159220,58.978
159230,34.378
159240,34.633
159250,32.728
159260,32.208
159270,36.723
159280,38.895
159290,35.690
159300,58.329
159310,35.928
159320,34.909
159330,48.221
159340,34.653
159350,36.142
159360,54.896
159370,34.893
159380,42.973
159390,35.443
159400,34.460
159410,37.007
159420,43.905
159430,35.888
159440,37.463
159450,38.453
159460,44.993
159470,36.169
159480,36.330
159490,34.356
159500,45.047
159510,35.745
159520,36.369
159530,60.875
159540,33.516
159550,33.716
159560,37.987
159570,33.982
159580,36.967
159590,52.164
159600,33.922
159610,34.566
159620,37.718
159630,39.020
159640,38.555
159650,35.376
159660,36.339
159670,34.202
159680,34.565
159690,39.122
159700,33.563
159710,36.578
159720,36.695
159730,34.989
159740,42.602
159750,35.217
159760,36.246
159770,38.846
159780,55.807
159790,36.611
159800,36.263
159810,35.813
159820,34.985
159830,37.255
159840,57.241
159850,39.817
159860,35.231
159870,37.070
159880,41.627
159890,36.556
159900,44.021
159910,34.688
159920,57.916
159930,34.212
159940,44.014
159950,35.234
159960,34.264
159970,37.139
159980,46.790
159990,35.081
160000,35.572
160010,40.273
160020,36.316
160030,37.119
160040,57.230
160050,37.142
160060,35.009
160070,37.112
160080,39.551
160090,43.491
160100,34.784
160110,44.948
160120,34.187
160130,35.785
160140,61.397
160150,36.474
160160,50.291
160170,34.952
160180,49.494
160190,34.461
160200,39.499
160210,33.968
160220,44.156
160230,33.920
160240,38.004
160250,33.362
160260,43.190
160270,34.579
160280,44.737
160290,33.490
160300,47.806
160310,33.510
160320,36.420
160330,32.850
160340,53.102
160350,38.004
160360,56.704
160370,35.525
160380,34.991
160390,35.519
160400,34.694
160410,54.182
160420,36.704
160430,36.415
160440,38.930
160450,35.016
160460,53.757
160470,36.707
160480,34.858
160490,37.331
160500,51.068
160510,36.643
160520,35.718
160530,37.842
160540,38.858
160550,38.466
160560,36.689
160570,49.035
160580,33.671
160590,55.924
160600,33.120
160610,56.616
160620,36.634
160630,34.471
160640,42.349
160650,36.257
160660,34.095
160670,48.073
160680,33.635
160690,38.882
160700,33.183
160710,35.313
160720,41.854
160730,35.811
160740,36.691
160750,33.550
160760,53.285
160770,35.318
160780,50.927
160790,34.112
160800,34.812
160810,37.840
160820,41.303
160830,36.237
160840,37.382
160850,38.063
160860,34.445
160870,39.080
160880,35.358
160890,37.083
160900,63.874
160910,35.491
160920,34.136
160930,59.956
160940,36.085
160950,37.186
160960,33.850
160970,45.368
160980,34.615
160990,36.039
161000,60.563
161010,37.944
161020,35.974
161030,37.599
161040,39.287
161050,33.882
161060,52.846
161070,35.218
161080,35.847
161090,39.738
161100,34.407
161110,37.336
161120,50.090
161130,36.074
161140,37.433
161150,34.696
161160,32.898
161170,48.071
161180,34.896
161190,34.321
161200,37.814
161210,34.374
161220,56.361
161230,35.223
161240,35.274
161250,37.626
161260,56.399
161270,34.421
161280,35.487
161290,56.939
161300,35.237
161310,35.523
161320,39.092
161330,35.692
161340,37.983
161350,37.515
161360,34.624
161370,57.686
161380,34.786
161390,33.900
161400,38.876
161410,34.082
161420,40.112
161430,55.598
161440,34.038
161450,34.395
161460,45.698
161470,33.496
161480,37.575
161490,33.505
161500,36.242
161510,37.876
161520,38.292
161530,42.142
161540,36.106
161550,36.592
161560,35.906
161570,34.243
161580,48.101
161590,35.766
161600,59.613
161610,34.804
161620,52.483
161630,35.332
161640,36.106
161650,42.222
161660,33.737
161670,36.691
161680,39.843
161690,42.709
161700,35.626
161710,43.235
161720,33.712
161730,40.290
161740,33.212
161750,35.348
161760,33.758
161770,55.618
161780,35.650
161790,36.255
161800,65.150
161810,33.904
161820,33.967
161830,41.065
161840,33.494
161850,38.515
161860,37.292
161870,33.729
161880,58.126
161890,33.880
161900,35.636
161910,38.531
161920,35.721
161930,41.767
161940,33.855
161950,36.512
161960,37.639
161970,36.584
161980,37.396
161990,45.154
162000,34.210
162010,59.438
162020,34.601
162030,38.180
162040,34.658
162050,36.219
162060,56.262
162070,37.323
162080,39.909
162090,32.696
162100,34.455
162110,36.668
162120,38.515
162130,34.000
162140,57.032
162150,36.183
162160,32.709
162170,36.820
162180,38.262
162190,65.624
162200,36.574
162210,55.684
162220,36.797
162230,36.022
162240,39.199
162250,38.712
162260,31.772
162270,33.762
162280,32.882
162290,51.193
162300,52.937
162310,31.677
162320,33.587
162330,36.770
162340,37.954
162350,49.435
162360,36.527
162370,54.801
162380,32.329
162390,55.569
162400,35.371
162410,35.860
162420,41.503
162430,40.256
162440,35.008
162450,34.806
162460,43.834
162470,33.186
162480,36.660
162490,35.338
162500,49.399
162510,33.958
162520,34.824
162530,37.213
162540,34.295
162550,35.997
162560,35.565
162570,36.305
162580,37.351
162590,36.388
162600,40.234
162610,34.619
162620,37.411
162630,43.824
162640,57.182
162650,33.683
162660,34.665
162670,37.995
162680,39.037
162690,58.331
162700,38.215
162710,35.420
162720,37.883
162730,44.588
162740,35.831
162750,62.004
162760,35.166
162770,53.436
162780,35.229
162790,32.842
162800,42.016
162810,34.863
162820,51.464
162830,34.561
162840,66.190
162850,33.695
162860,51.898
162870,34.573
162880,33.983
162890,36.668
162900,48.375
162910,35.704
162920,36.823
162930,42.461
162940,34.988
162950,42.927
162960,36.683
162970,34.552
162980,42.174
162990,34.029
163000,56.098
163010,34.253
163020,35.514
163030,37.128
163040,33.447
163050,36.790
163060,33.658
163070,44.460
163080,34.651
163090,36.196
163100,38.506
163110,60.798
163120,38.321
163130,35.396
163140,47.971
163150,37.394
163160,35.806
163170,43.593
163180,35.460
163190,37.109
163200,37.491
163210,49.915
163220,35.991
163230,54.015
163240,35.262
163250,36.455
163260,36.722
163270,35.619
163280,36.946
163290,47.805
163300,35.674
163310,57.550
163320,37.194
163330,34.621
163340,51.968
163350,33.817
163360,35.567
163370,36.632
163380,47.968
163390,35.134
163400,34.913
163410,36.529
163420,33.319
163430,36.625
163440,45.481
163450,40.836
163460,35.288
163470,41.773
163480,30.952
163490,52.620
163500,34.425
163510,35.537
163520,58.137
163530,36.733
163540,37.613
163550,37.664
163560,40.044
163570,39.162
163580,36.828
163590,37.436
163600,33.924
163610,35.851
163620,64.126
163630,36.767
163640,42.081
163650,33.892
163660,59.312
163670,33.789
163680,35.244
163690,37.211
163700,46.559
163710,35.422
163720,43.811
163730,33.026
163740,49.857
163750,37.278
163760,55.253
163770,32.943
163780,34.062
163790,36.709
163800,39.167
163810,34.438
163820,54.058
163830,35.976
163840,36.611
163850,41.581
163860,33.850
163870,44.447
163880,33.227
163890,35.904
163900,53.437
163910,34.797
163920,35.065
163930,42.208
163940,36.824
163950,34.932
163960,37.324
163970,39.276
163980,41.900
163990,34.420
164000,37.589
164010,58.949
164020,37.583
164030,35.117
164040,37.617
164050,35.547
164060,52.123
164070,34.574
164080,36.052
164090,36.213
164100,35.586
164110,37.718
164120,32.994
164130,35.487
164140,33.562
164150,47.566
164160,32.666
164170,43.972
164180,34.445
164190,35.242
164200,37.556
164210,35.679
164220,42.804
164230,39.352
164240,45.718
164250,35.710
164260,33.540
164270,34.886
164280,43.317
164290,37.286
164300,36.590
164310,39.750
164320,35.517
164330,53.206
164340,34.825
164350,35.190
164360,38.088
164370,63.663
164380,37.331
164390,56.862
164400,35.095
164410,41.479
164420,33.715
164430,34.902
164440,42.991
164450,35.932
164460,36.070
164470,47.791
164480,34.786
164490,52.268
164500,34.272
164510,46.473
164520,32.780
164530,52.866
164540,35.831
164550,40.069
164560,33.594
164570,42.897
164580,34.111
164590,36.819
164600,34.562
164610,49.697
164620,33.477
164630,35.351
164640,49.807
164650,35.739
164660,34.272
164670,66.381
164680,32.838
164690,34.439
164700,37.050
164710,38.493
164720,36.619
164730,52.044
164740,36.460
164750,35.125
164760,35.750
164770,36.407
164780,55.646
164790,34.014
164800,34.594
164810,47.261
164820,34.829
164830,36.481
164840,61.435
164850,36.749
164860,34.974
164870,49.921
164880,36.035
164890,63.850
164900,34.922
164910,33.553
164920,41.396
164930,45.318
164940,31.778
164950,37.613
164960,32.305
164970,54.688
164980,35.401
164990,55.086
165000,36.586
165010,35.102
165020,42.347
165030,35.097
165040,49.712
165050,35.780
165060,33.589
165070,37.209
165080,38.036
165090,40.709
165100,35.230
165110,42.353
165120,33.123
165130,54.728
165140,54.696
165150,33.716
165160,33.370
165170,40.251
165180,32.866
165190,34.075
165200,45.846
165210,35.573
165220,51.819
165230,33.784
165240,43.213
165250,33.401
165260,35.882
165270,38.676
165280,38.895
165290,35.686
165300,55.263
165310,36.931
165320,34.114
165330,45.262
165340,35.555
165350,36.683
165360,53.876
165370,37.041
165380,46.167
165390,36.677
165400,41.206
165410,31.435
165420,34.650
165430,40.821
165440,57.563
165450,34.670
165460,34.937
165470,36.973
165480,34.105
165490,41.148
165500,34.652
165510,36.354
165520,44.693
165530,48.947
165540,33.008
165550,33.187
165560,42.239
165570,32.607
165580,51.895
165590,37.039
165600,34.996
165610,45.542
165620,35.481
165630,38.278
165640,52.713
165650,33.958
165660,34.673
165670,36.435
165680,36.976
165690,49.718
165700,32.523
165710,36.073
165720,39.098
165730,33.950
165740,38.590
165750,34.840
165760,37.283
165770,46.303
165780,34.955
165790,50.509
165800,50.236
165810,31.754
165820,48.154
165830,31.982
165840,36.466
165850,40.541
165860,33.930
165870,40.188
165880,33.854
165890,36.619
165900,36.561
165910,34.304
165920,42.927
165930,33.009
165940,36.103
165950,54.808
165960,33.828
165970,57.422
165980,35.238
165990,33.803
166000,39.529
166010,35.060
166020,38.586
166030,34.203
166040,62.322
166050,35.471
166060,34.606
166070,39.533
166080,34.775
166090,41.669
166100,35.036
166110,36.556
166120,38.784
166130,59.792
166140,51.369
166150,35.046
166160,34.202
166170,36.967
166180,44.561
166190,35.307
166200,37.068
166210,37.632
166220,37.825
166230,33.017
166240,47.728
166250,37.027
166260,47.751
166270,34.050
166280,35.186
166290,43.434
166300,54.811
166310,35.022
166320,33.710
166330,52.873
166340,38.235
166350,36.303
166360,47.973
166370,34.495
166380,46.155
166390,32.555
166400,36.105
166410,56.513
166420,34.296
166430,34.052
166440,53.682
166450,36.455
166460,36.331
166470,46.572
166480,35.254
166490,58.704
166500,35.856
166510,33.328
166520,49.507
166530,36.156
166540,61.011
166550,37.112
166560,35.942
166570,36.129
166580,37.749
166590,55.985
166600,34.891
166610,53.850
166620,33.643
166630,57.754
166640,34.084
166650,52.440
166660,35.057
166670,34.177
166680,55.391
166690,36.501
166700,35.804
166710,57.357
166720,37.462
166730,35.597
166740,46.964
166750,35.835
166760,35.214
166770,38.143
166780,43.181
166790,35.263
166800,50.210
166810,34.710
166820,50.277
166830,32.339
166840,59.730
166850,36.074
166860,56.237
166870,32.176
166880,35.057
166890,49.082
166900,34.605
166910,56.389
166920,35.390
166930,36.064
166940,45.982
166950,38.059
166960,47.080
166970,32.913
166980,52.273
166990,34.761
167000,36.209
167010,32.157
167020,36.592
167030,40.825
167040,35.686
167050,38.006
167060,44.077
167070,36.697
167080,36.937
167090,38.959
167100,33.291
167110,59.774
167120,35.115
167130,36.649
167140,60.268
167150,36.408
167160,35.972
167170,41.933
167180,35.369
167190,37.142
167200,64.612
167210,36.432
167220,34.539
167230,36.615
167240,47.672
167250,34.934
167260,55.930
167270,34.406
167280,35.611
167290,57.601
167300,35.072
167310,36.667
167320,32.212
167330,36.340
167340,39.364
167350,43.513
167360,35.691
167370,36.946
167380,41.170
167390,34.209
167400,42.453
167410,35.049
167420,58.100
167430,34.685
167440,56.854
167450,34.665
167460,35.347
167470,39.271
167480,52.780
167490,32.313
167500,33.663
167510,40.335
167520,34.678
167530,35.853
167540,58.527
167550,33.485
167560,35.481
167570,39.311
167580,34.377
167590,36.655
167600,57.915
167610,35.501
167620,60.922
167630,34.262
167640,53.920
167650,35.249
167660,34.085
167670,37.608
167680,34.436
167690,37.109
167700,38.656
167710,37.808
167720,35.444
167730,46.159
167740,36.298
167750,36.298
167760,37.468
167770,39.284
167780,34.169
167790,58.699
167800,35.859
167810,35.645
167820,37.810
167830,33.622
167840,41.525
167850,33.880
167860,35.384
167870,38.911
167880,35.302
167890,37.283
167900,35.328
167910,55.753
167920,36.107
167930,34.390
167940,41.987
167950,33.348
167960,35.418
167970,37.491
167980,34.300
167990,37.446
168000,40.668
168010,35.843
168020,36.343
168030,56.446
168040,37.127
168050,37.155
168060,38.538
168070,62.656
168080,36.023
168090,48.501
168100,36.347
168110,35.353
168120,37.653
168130,41.647
168140,35.642
168150,37.935
168160,57.734
168170,37.356
168180,35.418
168190,61.220
168200,36.902
168210,55.622
168220,33.503
168230,42.080
168240,32.741
168250,36.174
168260,38.411
168270,53.096
168280,34.995
168290,37.147
168300,38.936
168310,38.215
168320,54.305
168330,38.042
168340,45.099
168350,33.833
168360,53.067
168370,36.515
168380,33.489
168390,36.241
168400,51.360
168410,36.876
168420,36.643
168430,36.758
168440,61.615
168450,38.515
168460,45.226
168470,32.798
168480,57.259
168490,34.274
168500,57.780
168510,35.259
168520,34.818
168530,39.805
168540,57.393
168550,34.999
168560,34.506
168570,38.574
168580,33.516
168590,35.975
168600,44.012
168610,34.716
168620,39.165
168630,34.338
168640,45.614
168650,35.248
168660,46.625
168670,33.716
168680,37.079
168690,40.400
168700,34.663
168710,36.645
168720,43.776
168730,33.623
168740,38.637
168750,35.854
168760,37.217
168770,37.818
168780,57.730
168790,35.673
168800,61.118
168810,34.075
168820,34.537
168830,34.184
168840,57.783
168850,36.139
168860,36.399
168870,37.061
168880,38.357
168890,44.513
168900,36.082
168910,40.534
168920,33.795
168930,52.985
168940,34.901
168950,51.122
168960,33.827
168970,34.696
168980,60.046
168990,36.204
169000,38.654
169010,31.173
169020,35.890
169030,43.916
169040,38.585
169050,37.055
169060,37.593
169070,62.471
169080,38.002
169090,35.265
169100,52.059
169110,35.232
169120,56.730
169130,35.202
169140,43.715
169150,33.985
169160,34.871
169170,62.125
169180,37.499
169190,36.619
169200,37.002
169210,40.040
169220,35.489
169230,58.211
169240,38.356
169250,35.975
169260,38.142
169270,39.418
169280,35.349
169290,36.705
169300,40.258
169310,35.647
169320,37.317
169330,41.217
169340,35.443
169350,60.622
169360,35.202
169370,34.733
169380,32.164
169390,39.496
169400,34.835
169410,35.781
169420,40.637
169430,35.493
169440,64.735
169450,35.577
169460,33.425
169470,42.630
169480,34.733
169490,39.007
169500,34.024
169510,36.663
169520,33.978
169530,38.507
169540,33.301
169550,60.226
169560,36.289
169570,36.541
169580,36.984
169590,37.544
169600,53.862
169610,33.906
169620,34.906
169630,41.255
169640,55.251
169650,33.256
169660,35.313
169670,38.228
169680,36.729
169690,54.117
169700,31.555
169710,34.990
169720,37.828
169730,40.942
169740,37.239
169750,36.991
169760,39.354
169770,36.528
169780,39.130
169790,34.135
169800,49.941
169810,34.912
169820,35.251
169830,42.790
169840,34.059
169850,58.625
169860,34.666
169870,35.551
169880,36.573
169890,40.412
169900,36.480
169910,37.466
169920,41.591
169930,35.661
169940,38.374
169950,33.208
169960,34.448
169970,34.796
169980,49.818
169990,34.738
170000,35.411
170010,38.360
170020,43.499
170030,33.546
170040,58.898
170050,33.611
170060,35.545
170070,37.445
170080,42.926
170090,53.890
170100,34.668
170110,35.207
170120,42.739
170130,35.120
170140,56.437
170150,34.300
170160,35.975
170170,58.483
170180,35.223
170190,35.953
170200,47.775
170210,35.186
170220,36.806
170230,39.644
170240,50.038
170250,34.979
170260,45.960
170270,35.064
170280,36.014
170290,38.363
170300,33.489
170310,38.097
170320,54.876
170330,38.287
170340,59.003
170350,36.603
170360,35.412
170370,35.524
170380,46.092
170390,35.114
170400,58.760
170410,34.719
170420,35.392
170430,58.875
170440,37.435
170450,36.773
170460,36.338
170470,34.419
170480,36.382
170490,37.484
170500,43.777
170510,36.763
170520,50.250
170530,35.673
170540,35.614
170550,39.258
170560,36.611
170570,56.555
170580,35.433
170590,36.447
170600,38.659
170610,53.157
170620,53.069
170630,32.410
170640,56.166
170650,35.047
170660,58.580
170670,33.800
170680,33.730
170690,36.072
170700,46.700
170710,35.538
170720,37.147
170730,62.163
170740,35.742
170750,42.490
170760,34.576
170770,46.538
170780,34.217
170790,42.983
170800,33.407
170810,35.522
170820,38.679
170830,35.338
170840,59.611
170850,35.947
170860,34.230
170870,35.622
170880,33.899
170890,36.589
170900,37.897
170910,43.507
170920,35.437
170930,40.788
170940,55.670
170950,32.369
170960,35.204
170970,36.376
170980,37.760
170990,35.453
171000,39.853
171010,35.544
171020,37.015
171030,37.984
171040,49.052
171050,35.080
171060,36.104
171070,38.192
171080,53.941
171090,33.433
171100,34.430
171110,36.733
171120,39.331
171130,61.438
171140,38.682
171150,60.560
171160,34.150
171170,55.568
171180,32.341
171190,35.137
171200,37.591
171210,40.226
171220,35.753
171230,38.271
171240,52.724
171250,36.764
171260,36.469
171270,38.425
171280,35.211
171290,36.243
171300,38.873
171310,35.754
171320,42.696
171330,35.085
171340,36.414
171350,45.059
171360,35.304
171370,39.112
171380,35.143
171390,44.314
171400,34.522
171410,35.681
171420,37.298
171430,40.047
171440,34.170
171450,36.279
171460,51.828
171470,35.305
171480,41.861
171490,33.659
171500,33.883
171510,39.108
171520,35.183
171530,52.965
171540,35.091
171550,47.964
171560,34.067
171570,58.067
171580,35.916
171590,34.294
171600,41.678
171610,33.308
171620,45.333
171630,33.838
171640,37.466
171650,39.576
171660,41.783
171670,34.854
171680,43.985
171690,34.251
171700,38.686
171710,32.861
171720,52.426
171730,38.409
171740,42.620
171750,32.116
171760,35.191
171770,36.570
171780,37.345
171790,35.056
171800,37.975
171810,34.105
171820,35.521
171830,40.498
171840,52.889
171850,34.499
171860,34.761
171870,48.330
171880,40.272
171890,33.659
171900,34.262
171910,41.168
171920,33.658
171930,36.815
171940,41.347
171950,34.040
171960,43.203
171970,34.175
171980,35.066
171990,37.263
172000,40.083
172010,35.526
172020,40.110
172030,33.898
172040,40.877
172050,33.986
172060,60.987
172070,34.828
172080,34.221
172090,40.453
172100,37.681
172110,35.202
172120,36.676
172130,60.455
172140,38.857
172150,36.514
172160,36.751
172170,44.423
172180,35.924
172190,57.793
172200,35.228
172210,33.870
172220,57.117
172230,35.512
172240,37.143
172250,39.179
172260,35.068
172270,47.022
172280,35.149
172290,35.620
172300,40.395
172310,35.940
172320,35.891
172330,48.863
172340,55.057
172350,32.533
172360,33.581
172370,56.944
172380,38.487
172390,34.173
172400,49.383
172410,35.396
172420,35.914
172430,48.928
172440,36.802
172450,37.165
172460,37.185
172470,38.786
172480,34.853
172490,52.382
172500,34.681
172510,36.426
172520,37.116
172530,34.371
172540,40.423
172550,34.940
172560,47.887
172570,34.607
172580,34.474
172590,35.128
172600,34.207
172610,52.628
172620,34.665
172630,36.256
172640,55.274
172650,35.997
172660,35.546
172670,36.451
172680,44.762
172690,34.862
172700,58.006
172710,36.130
172720,35.821
172730,49.474
172740,36.086
172750,35.571
172760,38.719
172770,56.561
172780,37.131
172790,36.797
172800,55.774
172810,36.168
172820,35.383
172830,36.484
172840,42.668
172850,56.022
172860,36.011
172870,55.740
172880,33.793
172890,59.037
172900,34.349
172910,36.022
172920,57.717
172930,37.807
172940,56.537
172950,34.757
172960,41.398
172970,34.106
172980,37.145
172990,44.024
173000,36.326
173010,36.163
173020,54.893
173030,35.919
173040,58.644
173050,34.764
173060,33.925
173070,43.616
173080,34.762
173090,60.784
173100,34.364
173110,34.971
173120,38.346
173130,49.799
173140,37.505
173150,39.242
173160,38.634
173170,44.807
173180,35.272
173190,49.429
173200,35.526
173210,35.322
173220,48.773
173230,35.180
173240,56.570
173250,36.864
173260,58.941
173270,35.360
173280,38.771
173290,31.862
173300,34.915
173310,33.662
173320,43.899
173330,49.609
173340,33.682
173350,33.242
173360,60.005
173370,34.501
173380,35.606
173390,53.246
173400,38.026
173410,35.662
173420,51.533
173430,36.716
173440,56.491
173450,34.056
173460,47.980
173470,33.207
173480,34.113
173490,61.893
173500,33.905
173510,33.844
173520,36.615
173530,34.460
173540,50.575
173550,34.858
173560,35.794
173570,57.141
173580,38.815
173590,56.891
173600,35.634
173610,34.352
173620,36.070
173630,33.750
173640,53.154
173650,34.390
173660,36.409
173670,38.112
173680,37.421
173690,35.646
173700,60.075
173710,35.257
173720,37.761
173730,56.149
173740,38.356
173750,36.498
173760,39.411
173770,33.423
173780,34.904
173790,37.145
173800,34.295
173810,36.899
173820,58.819
173830,37.517
173840,58.650
173850,32.784
173860,35.294
173870,40.200
173880,33.926
173890,36.879
173900,38.555
173910,51.233
173920,35.095
173930,48.084
173940,35.710
173950,36.099
173960,38.416
173970,51.572
173980,32.475
173990,39.773
174000,32.742
174010,36.221
174020,39.020
174030,44.340
174040,35.693
174050,38.673
174060,34.161
174070,40.921
174080,34.973
174090,35.824
174100,38.213
174110,64.095
174120,37.652
174130,35.523
174140,44.464
174150,34.743
174160,50.648
174170,33.829
174180,34.570
174190,56.916
174200,36.542
174210,51.340
174220,32.621
174230,45.613
174240,36.618
174250,50.831
174260,35.955
174270,32.770
174280,36.387
174290,35.319
174300,38.577
174310,34.572
174320,40.739
174330,35.088
174340,35.965
174350,40.548
174360,35.481
174370,54.323
174380,34.993
174390,41.332
174400,33.929
174410,37.957
174420,33.481
174430,36.416
174440,47.823
174450,33.144
174460,40.999
174470,33.615
174480,34.788
174490,40.672
174500,32.679
174510,53.750
174520,34.985
174530,53.169
174540,36.564
174550,44.406
174560,32.989
174570,35.349
174580,38.216
174590,33.674
174600,51.802
174610,34.958
174620,43.953
174630,33.811
174640,55.595
174650,35.766
174660,35.889
174670,36.557
174680,38.674
174690,55.175
174700,34.254
174710,57.682
174720,34.396
174730,34.970
174740,44.339
174750,35.712
174760,37.515
174770,37.998
174780,42.303
174790,35.294
174800,35.528
174810,37.796
174820,35.291
174830,57.145
174840,35.717
174850,36.325
174860,43.001
174870,34.397
174880,45.102
174890,34.132
174900,56.448
174910,35.373
174920,34.708
174930,58.744
174940,55.168
174950,32.203
174960,34.842
174970,36.924
174980,33.543
174990,35.116
175000,36.032
175010,58.902
175020,37.593
175030,34.490
175040,41.546
175050,35.008
175060,36.006
175070,47.226
175080,34.480
175090,35.183
175100,38.790
175110,45.750
175120,33.293
175130,35.438
175140,56.154
175150,34.852
175160,41.526
175170,33.276
175180,34.763
175190,38.078
175200,48.435
175210,35.540
175220,36.733
175230,37.261
175240,41.031
175250,33.075
175260,36.440
175270,38.224
175280,48.673
175290,32.545
175300,43.069
175310,33.525
175320,35.479
175330,38.953
175340,52.410
175350,34.151
175360,35.456
175370,44.258
175380,34.370
175390,43.487
175400,34.891
175410,36.397
175420,40.129
175430,51.027
175440,34.538
175450,57.673
175460,34.714
175470,35.592
175480,48.189
175490,34.701
175500,59.339
175510,34.488
175520,33.604
175530,36.998
175540,50.994
175550,30.841
175560,34.089
175570,44.010
175580,34.412
175590,36.827
175600,38.576
175610,39.621
175620,37.454
175630,37.709
175640,40.608
175650,52.914
175660,34.311
175670,33.999
175680,41.577
175690,33.945
175700,35.049
175710,33.767
175720,60.093
175730,34.788
175740,34.622
175750,36.116
175760,35.023
175770,37.301
175780,48.611
175790,35.585
175800,34.762
175810,37.629
175820,37.694
175830,36.726
175840,39.411
175850,34.837
175860,36.852
175870,33.287
175880,43.377
175890,34.761
175900,35.859
175910,39.128
175920,35.579
175930,36.967
175940,55.840
175950,35.804
175960,34.604
175970,32.388
175980,35.370
175990,33.360
176000,46.992
176010,34.275
176020,51.255
176030,33.757
176040,52.075
176050,33.776
176060,34.809
176070,39.249
176080,35.369
176090,36.259
176100,38.604
176110,40.112
176120,36.552
176130,40.182
176140,34.206
176150,37.153
176160,38.761
176170,35.693
176180,38.637
176190,33.630
176200,52.550
176210,32.859
176220,34.431
176230,44.476
176240,36.063
176250,36.979
176260,45.369
176270,35.160
176280,35.868
176290,55.871
176300,37.054
176310,54.302
176320,33.473
176330,35.239
176340,57.695
176350,34.316
176360,43.463
176370,35.281
176380,36.720
176390,33.306
176400,36.430
176410,42.934
176420,35.122
176430,54.710
176440,36.928
176450,55.861
176460,35.737
176470,34.504
176480,45.478
176490,34.914
176500,35.494
176510,42.745
176520,49.463
176530,31.795
176540,55.578
176550,35.114
176560,35.194
176570,38.053
176580,42.396
176590,34.716
176600,36.787
176610,32.888
176620,37.188
176630,51.035
176640,34.517
176650,51.728
176660,33.357
176670,45.562
176680,32.671
176690,35.109
176700,38.034
176710,34.045
176720,37.941
176730,39.293
176740,54.028
176750,36.018
176760,48.031
176770,35.843
176780,35.254
176790,36.789
176800,40.468
176810,32.181
176820,34.618
176830,33.610
176840,55.098
176850,34.939
176860,56.755
176870,36.403
176880,56.311
176890,34.257
176900,34.834
176910,37.080
176920,40.827
176930,35.428
176940,41.973
176950,34.137
176960,36.392
176970,41.214
176980,34.740
176990,37.112
177000,55.776
177010,36.053
177020,36.412
177030,37.331
177040,39.183
177050,35.672
177060,36.121
177070,37.518
177080,39.080
177090,39.025
177100,35.785
177110,46.777
177120,36.563
177130,34.947
177140,38.266
177150,58.846
177160,34.761
177170,33.887
177180,35.472
177190,33.972
177200,36.436
177210,43.779
177220,36.412
177230,44.847
177240,34.146
177250,50.824
177260,34.935
177270,35.007
177280,38.411
177290,33.877
177300,37.562
177310,39.228
177320,35.412
177330,37.447
177340,57.251
177350,36.652
177360,37.027
177370,37.290
177380,48.789
177390,36.883
177400,37.356
177410,53.497
177420,33.197
177430,33.040
177440,47.967
177450,35.219
177460,36.556
177470,37.005
177480,57.354
177490,34.872
177500,47.990
177510,34.100
177520,35.308
177530,35.604
177540,35.080
177550,39.048
177560,48.316
177570,34.992
177580,40.705
177590,31.806
177600,44.883
177610,33.657
177620,48.078
177630,34.566
177640,36.733
177650,44.129
177660,34.080
177670,40.683
177680,34.468
177690,38.319
177700,34.232
177710,36.487
177720,43.315
177730,34.428
177740,36.998
177750,60.637
177760,36.524
177770,35.368
177780,39.196
177790,34.559
177800,37.171
177810,45.905
177820,35.612
177830,42.666
177840,41.586
177850,33.372
177860,34.339
177870,37.067
177880,35.020
177890,37.120
177900,47.415
177910,36.101
177920,58.539
177930,35.073
177940,34.942
177950,35.450
177960,41.187
177970,33.421
177980,40.120
177990,32.875
178000,58.144
178010,36.327
178020,36.532
178030,40.533
178040,40.181
178050,35.558
178060,38.766
178070,33.779
178080,45.394
178090,33.240
178100,35.831
178110,43.853
178120,35.212
178130,38.880
178140,35.707
178150,36.799
178160,36.911
178170,35.166
178180,55.499
178190,37.900
178200,33.473
178210,39.850
178220,56.048
178230,33.442
178240,34.121
178250,38.108
178260,34.262
178270,53.238
178280,33.747
178290,34.374
178300,60.783
178310,36.019
178320,40.439
178330,32.999
178340,53.264
178350,35.310
178360,57.924
178370,35.695
178380,35.598
178390,37.749
178400,51.721
178410,34.531
178420,35.616
178430,37.205
178440,41.814
178450,34.558
178460,59.624
178470,34.652
178480,35.420
178490,36.648
178500,34.577
178510,55.897
178520,34.976
178530,36.759
178540,46.141
178550,35.793
178560,36.653
178570,38.100
178580,48.210
178590,35.367
178600,57.157
178610,36.956
178620,36.209
178630,43.212
178640,34.514
178650,36.025
178660,58.024
178670,36.699
178680,57.059
178690,36.109
178700,35.306
178710,36.876
178720,39.932
178730,57.448
178740,35.160
178750,35.764
178760,58.695
178770,36.438
178780,51.242
178790,33.446
178800,34.829
178810,44.118
178820,34.866
178830,36.534
178840,58.035
178850,35.624
178860,36.800
178870,59.543
178880,35.931
178890,44.544
178900,31.538
178910,34.730
178920,58.783
178930,34.925
178940,50.933
178950,33.567
178960,35.645
178970,64.475
178980,35.712
178990,35.574
179000,38.768
179010,36.817
179020,37.162
179030,39.686
179040,35.572
179050,36.402
179060,46.666
179070,35.253
179080,50.448
179090,34.929
179100,36.046
179110,37.225
179120,46.158
179130,35.346
179140,48.304
179150,34.090
179160,44.138
179170,33.008
179180,56.417
179190,34.689
179200,35.607
179210,46.010
179220,34.726
179230,36.204
179240,53.660
179250,34.088
179260,44.657
179270,33.423
179280,35.792
179290,34.694
179300,36.712
179310,40.828
179320,36.612
179330,37.891
179340,35.964
179350,57.293
179360,36.371
179370,35.443
179380,35.970
179390,39.397
179400,43.917
179410,34.266
179420,44.667
179430,33.901
179440,41.679
179450,33.794
179460,33.781
179470,37.849
179480,35.910
179490,35.796
179500,37.932
179510,35.415
179520,42.653
179530,34.877
179540,48.431
179550,34.295
179560,35.184
179570,37.553
179580,38.833
179590,35.662
179600,38.056
179610,36.789
179620,38.127
179630,32.338
179640,44.065
179650,35.085
179660,34.668
179670,49.940
179680,34.647
179690,35.974
179700,39.538
179710,32.694
179720,37.115
179730,34.729
179740,48.923
179750,34.936
179760,35.581
179770,36.961
179780,49.921
179790,34.936
179800,36.386
179810,38.919
179820,34.376
179830,35.984
179840,38.227
179850,35.047
179860,38.289
179870,44.486
179880,35.676
179890,52.472
179900,34.382
179910,35.308
179920,37.621
179930,43.102
179940,35.687
179950,39.086
179960,35.175
179970,36.431
179980,50.927
179990,35.064
180000,57.841
180010,35.542
180020,35.125
180030,49.400
180040,34.705
180050,35.474
180060,57.718
180070,37.453
180080,37.567
180090,43.365
180100,34.669
180110,52.640
180120,34.811
180130,35.672
180140,45.762
180150,35.541
180160,40.576
180170,34.026
180180,51.074
180190,34.622
180200,33.794
180210,41.023
180220,34.684
180230,36.295
180240,41.810
180250,35.567
180260,36.028
180270,34.702
180280,51.699
180290,34.382
180300,35.379
180310,52.853
180320,35.308
180330,35.876
180340,41.910
180350,35.515
180360,37.524
180370,52.089
180380,35.001
180390,60.390
180400,35.546
180410,42.012
180420,33.654
180430,37.339
180440,54.314
180450,32.313
180460,32.843
180470,35.121
180480,54.746
180490,33.965
180500,32.260
180510,34.793
180520,57.237
180530,34.014
180540,33.403
180550,41.870
180560,33.963
180570,49.978
180580,37.153
180590,36.113
180600,36.753
180610,33.432
180620,55.644
180630,34.416
180640,47.326
180650,34.243
180660,35.486
180670,49.324
180680,35.442
180690,34.199
180700,44.282
180710,34.602
180720,35.084
180730,57.110
180740,34.079
180750,33.634
180760,36.801
180770,38.768
180780,34.719
180790,37.161
180800,38.036
180810,34.543
180820,34.800
180830,34.268
180840,51.896
180850,34.431
180860,35.330
180870,39.368
180880,34.622
180890,37.706
180900,35.330
180910,35.758
180920,58.864
180930,36.928
180940,47.122
180950,29.767
180960,55.438
180970,33.698
180980,33.879
180990,39.951
181000,33.200
181010,57.411
181020,36.543
181030,36.069
181040,38.325
181050,45.455
181060,33.433
181070,43.508
181080,34.365
181090,36.435
181100,33.565
181110,37.358
181120,33.402
181130,57.515
181140,35.308
181150,34.229
181160,38.052
181170,34.982
181180,37.948
181190,55.082
181200,35.550
181210,52.585
181220,32.472
181230,35.432
181240,49.323
181250,33.924
181260,36.598
181270,38.661
181280,44.803
181290,36.040
181300,36.667
181310,51.124
181320,35.862
181330,37.168
181340,56.897
181350,34.868
181360,33.556
181370,46.888
181380,38.437
181390,35.729
181400,58.806
181410,33.875
181420,35.191
181430,37.494
181440,50.178
181450,36.830
181460,51.175
181470,35.017
181480,37.077
181490,48.760
181500,34.346
181510,41.308
181520,40.706
181530,32.986
181540,46.458
181550,33.518
181560,54.327
181570,35.442
181580,33.911
181590,60.830
181600,36.326
181610,56.901
181620,33.845
181630,34.682
181640,47.436
181650,34.290
181660,35.246
181670,58.443
181680,35.623
181690,50.688
181700,33.143
181710,34.073
181720,48.969
181730,33.857
181740,35.126
181750,38.633
181760,36.279
181770,36.913
181780,37.349
181790,48.778
181800,35.077
181810,61.288
181820,34.500
181830,35.070
181840,60.480
181850,36.805
181860,36.491
181870,37.872
181880,53.808
181890,36.854
181900,55.435
181910,39.043
181920,34.447
181930,56.153
181940,48.522
181950,35.373
181960,34.739
181970,53.579
181980,34.038
181990,36.392
182000,47.472
182010,35.740
182020,36.732
182030,38.651
182040,41.674
182050,36.160
182060,39.027
182070,35.371
182080,57.106
182090,35.683
182100,59.799
182110,35.544
182120,35.496
182130,50.216
182140,34.304
182150,35.892
182160,44.486
182170,34.794
182180,52.860
182190,35.548
182200,34.987
182210,58.681
182220,36.469
182230,57.371
182240,38.169
182250,57.182
182260,35.618
182270,35.074
182280,42.315
182290,33.967
182300,35.270
182310,37.041
182320,47.666
182330,35.343
182340,44.628
182350,34.259
182360,36.357
182370,37.792
182380,58.617
182390,55.811
182400,32.696
182410,50.812
182420,32.122
182430,34.197
182440,43.553
182450,35.043
182460,41.130
182470,31.824
182480,54.240
182490,34.683
182500,36.284
182510,50.279
182520,35.099
182530,34.407
182540,45.919
182550,35.017
182560,37.046
182570,46.446
182580,34.589
182590,36.261
182600,58.748
182610,36.728
182620,36.962
182630,48.781
182640,35.266
182650,36.774
182660,56.299
182670,37.283
182680,35.248
182690,55.839
182700,35.246
182710,49.950
182720,34.273
182730,44.593
182740,33.613
182750,38.707
182760,46.908
182770,32.914
182780,34.389
182790,54.924
182800,34.939
182810,36.782
182820,38.806
182830,72.836
182840,37.563
182850,34.303
182860,58.141
182870,37.117
182880,35.909
182890,39.460
182900,35.415
182910,36.437
182920,56.555
182930,36.396
182940,35.716
182950,57.483
182960,35.571
182970,35.816
182980,58.652
182990,33.584
183000,39.053
183010,33.430
183020,36.240
183030,39.491
183040,41.712
183050,35.491
183060,52.044
183070,35.923
183080,47.632
183090,36.412
183100,35.471
183110,51.126
183120,34.450
183130,35.842
183140,39.351
183150,34.931
183160,35.848
183170,38.733
183180,51.474
183190,34.967
183200,37.405
183210,43.618
183220,34.989
183230,43.309
183240,46.391
183250,43.058
183260,34.977
183270,34.244
183280,41.226
183290,33.327
183300,35.902
183310,37.918
183320,57.143
183330,36.017
183340,47.618
183350,34.255
183360,35.950
183370,53.187
183380,35.287
183390,35.047
183400,41.892
183410,34.578
183420,36.985
183430,42.408
183440,34.985
183450,57.398
183460,36.460
183470,54.235
183480,32.176
183490,33.958
183500,44.825
183510,35.923
183520,35.804
183530,37.626
183540,34.602
183550,36.617
183560,40.139
183570,54.275
183580,34.366
183590,55.394
183600,33.120
183610,33.872
183620,36.453
183630,58.890
183640,36.471
183650,56.283
183660,35.480
183670,35.354
183680,57.498
183690,36.484
183700,44.042
183710,31.945
183720,35.466
183730,59.349
183740,37.637
183750,35.225
183760,36.524
183770,36.881
183780,34.626
183790,39.005
183800,33.544
183810,48.239
183820,34.392
183830,41.849
183840,36.706
183850,35.529
183860,37.061
183870,55.690
183880,33.483
183890,34.867
183900,36.649
183910,38.545
183920,33.159
183930,34.923
183940,47.751
183950,35.227
183960,35.157
183970,38.622
183980,35.114
183990,37.136
184000,38.063
184010,40.307
184020,35.208
184030,47.545
184040,35.916
184050,37.272
184060,49.154
184070,35.931
184080,46.595
184090,34.160
184100,46.365
184110,33.514
184120,34.993
184130,41.911
184140,32.299
184150,34.566
184160,47.808
184170,34.373
184180,35.540
184190,55.720
184200,37.093
184210,56.282
184220,34.301
184230,45.512
184240,33.477
184250,36.541
184260,39.998
184270,33.784
184280,35.849
184290,33.550
184300,36.073
184310,37.570
184320,33.911
184330,37.045
184340,37.349
184350,37.165
184360,35.900
184370,38.514
184380,39.073
184390,38.550
184400,35.813
184410,60.870
184420,33.761
184430,33.724
184440,37.990
184450,35.976
184460,47.590
184470,37.763
184480,34.775
184490,36.901
184500,38.092
184510,52.862
184520,35.644
184530,36.934
184540,43.025
184550,34.540
184560,36.915
184570,37.777
184580,39.026
184590,36.567
184600,36.684
184610,62.163
184620,37.430
184630,37.771
184640,42.932
184650,32.563
184660,34.730
184670,59.032
184680,35.108
184690,58.423
184700,33.798
184710,34.847
184720,56.681
184730,37.539
184740,37.475
184750,59.128
184760,35.955
184770,34.926
184780,48.479
184790,34.002
184800,34.394
184810,34.704
184820,36.514
184830,38.343
184840,41.440
184850,35.012
184860,36.835
184870,36.777
184880,36.038
184890,61.473
184900,36.446
184910,35.278
184920,36.829
184930,55.273
184940,39.924
184950,35.426
184960,47.150
184970,33.979
184980,36.813
184990,33.372
185000,36.059
185010,37.193
185020,38.783
185030,36.462
185040,38.006
185050,35.284
185060,58.069
185070,34.676
185080,56.097
185090,36.123
185100,34.962
185110,37.940
185120,33.864
185130,36.200
185140,45.808
185150,35.418
185160,36.469
185170,40.095
185180,35.656
185190,41.235
185200,34.059
185210,35.990
185220,53.197
185230,37.034
185240,36.561
185250,40.600
185260,34.737
185270,41.854
185280,56.202
185290,33.919
185300,34.825
185310,37.610
185320,39.042
185330,40.245
185340,34.829
185350,59.368
185360,36.228
185370,35.671
185380,45.219
185390,34.285
185400,50.041
185410,33.127
185420,36.274
185430,37.383
185440,42.244
185450,32.701
185460,35.261
185470,36.601
185480,38.036
185490,34.738
185500,36.737
185510,57.543
185520,34.739
185530,34.880
185540,45.020
185550,33.977
185560,36.471
185570,38.846
185580,42.775
185590,36.617
185600,60.153
185610,35.953
185620,35.999
185630,53.600
185640,35.938
185650,36.360
185660,64.345
185670,34.741
185680,35.978
185690,43.863
185700,34.231
185710,37.195
185720,38.914
185730,41.457
185740,35.297
185750,37.277
185760,45.263
185770,34.970
185780,41.007
185790,34.407
185800,50.141
185810,33.566
185820,35.598
185830,45.277
185840,34.256
185850,35.265
185860,49.503
185870,35.375
185880,34.568
185890,37.609
185900,33.746
185910,40.906
185920,33.666
185930,35.598
185940,44.573
185950,36.888
185960,57.081
185970,35.884
185980,36.173
185990,44.845
186000,34.024
186010,43.525
186020,35.588
186030,36.358
186040,38.530
186050,39.057
186060,38.950
186070,36.770
186080,39.131
186090,32.851
186100,38.325
186110,33.313
186120,37.232
186130,44.476
186140,34.119
186150,35.205
186160,42.513
186170,34.898
186180,57.214
186190,35.078
186200,34.467
186210,38.167
186220,59.688
186230,37.686
186240,36.150
186250,37.727
186260,34.558
186270,34.585
186280,34.744
186290,41.835
186300,33.871
186310,37.094
186320,40.051
186330,35.051
186340,43.580
186350,35.017
186360,36.712
186370,38.775
186380,53.273
186390,33.750
186400,34.297
186410,36.974
186420,40.415
186430,36.998
186440,45.989
186450,32.673
186460,47.567
186470,33.896
186480,35.675
186490,43.308
186500,35.199
186510,38.960
186520,32.970
186530,36.432
186540,44.233
186550,34.927
186560,36.660
186570,39.011
186580,58.026
186590,36.987
186600,57.799
186610,35.025
186620,35.493
186630,55.266
186640,37.516
186650,34.938
186660,36.305
186670,34.698
186680,37.379
186690,42.203
186700,34.745
186710,55.964
186720,35.499
186730,35.695
186740,45.393
186750,34.000
186760,44.284
186770,34.080
186780,35.246
186790,45.167
186800,35.881
186810,37.502
186820,37.372
186830,41.648
186840,35.719
186850,61.365
186860,36.606
186870,35.937
186880,55.537
186890,35.237
186900,57.403
186910,33.580
186920,56.348
186930,33.739
186940,60.596
186950,34.885
186960,35.032
186970,51.781
186980,37.083
186990,35.943
187000,37.121
187010,40.656
187020,35.808
187030,42.668
187040,35.743
187050,37.401
187060,37.989
187070,41.598
187080,35.122
187090,37.981
187100,34.683
187110,39.450
187120,46.137
187130,54.214
187140,32.704
187150,57.360
187160,33.313
187170,34.829
187180,40.176
187190,34.114
187200,36.261
187210,47.179
187220,34.197
187230,33.228
187240,43.257
187250,34.684
187260,35.301
187270,37.525
187280,41.547
187290,34.679
187300,37.242
187310,33.723
187320,36.922
187330,41.648
187340,36.119
187350,37.827
187360,38.165
187370,38.219
187380,35.801
187390,38.926
187400,33.867
187410,36.940
187420,35.361
187430,38.993
187440,33.732
187450,54.177
187460,35.115
187470,41.109
187480,33.155
187490,47.250
187500,32.758
187510,43.659
187520,31.379
187530,40.861
187540,33.947
187550,57.794
187560,35.519
187570,34.556
187580,43.312
187590,33.886
187600,34.446
187610,37.081
187620,37.105
187630,56.044
187640,35.456
187650,50.561
187660,36.000
187670,33.425
187680,63.172
187690,34.834
187700,35.721
187710,60.129
187720,35.615
187730,55.462
187740,35.542
187750,33.759
187760,51.740
187770,35.318
187780,36.757
187790,32.017
187800,36.063
187810,38.775
187820,44.740
187830,31.710
187840,41.826
187850,32.660
187860,35.418
187870,38.921
187880,44.371
187890,34.404
187900,37.088
187910,38.431
187920,36.464
187930,36.727
187940,41.051
187950,35.908
187960,39.361
187970,34.628
187980,37.723
187990,33.544
188000,51.331
188010,33.726
188020,53.647
188030,34.539
188040,36.115
188050,51.627
188060,33.898
188070,38.501
188080,35.617
188090,56.711
188100,33.304
188110,34.063
188120,36.934
188130,33.319
188140,36.575
188150,35.111
188160,37.336
188170,56.503
188180,37.237
188190,56.186
188200,34.172
188210,46.642
188220,33.103
188230,34.645
188240,43.309
188250,34.620
188260,37.253
188270,47.835
188280,37.652
188290,36.064
188300,50.947
188310,35.674
188320,48.588
188330,32.626
188340,58.623
188350,35.697
188360,33.962
188370,36.339
188380,41.658
188390,35.482
188400,52.282
188410,35.099
188420,39.913
188430,33.923
188440,37.625
188450,40.355
188460,56.326
188470,33.801
188480,33.584
188490,54.164
188500,35.105
188510,33.962
188520,52.412
188530,36.871
188540,55.213
188550,34.918
188560,36.460
188570,37.065
188580,40.417
188590,36.271
188600,38.121
188610,34.618
188620,36.479
188630,38.834
188640,45.784
188650,36.145
188660,36.737
188670,48.819
188680,33.240
188690,44.929
188700,37.425
188710,35.613
188720,59.036
188730,34.059
188740,54.369
188750,35.033
188760,35.079
188770,43.423
188780,36.463
188790,53.758
188800,33.024
188810,34.918
188820,41.901
188830,34.911
188840,41.504
188850,32.426
188860,34.693
188870,37.287
188880,38.547
188890,65.151
188900,36.650
188910,35.176
188920,38.048
188930,50.625
188940,35.115
188950,42.974
188960,33.651
188970,35.616
188980,58.792
188990,37.659
189000,36.580
189010,47.758
189020,35.234
189030,35.355
189040,37.731
189050,35.281
189060,53.741
189070,33.986
189080,35.527
189090,40.928
189100,34.812
189110,38.562
189120,35.111
189130,36.742
189140,33.068
189150,36.817
189160,56.576
189170,37.533
189180,35.366
189190,41.182
189200,34.917
189210,39.101
189220,47.001
189230,34.391
189240,53.399
189250,35.264
189260,36.108
189270,36.706
189280,60.566
189290,37.160
189300,36.270
189310,44.788
189320,33.156
189330,35.756
189340,39.090
189350,32.397
189360,36.436
189370,33.244
189380,43.894
189390,34.395
189400,35.480
189410,33.970
189420,36.599
189430,34.233
189440,36.186
189450,34.813
189460,36.338
189470,33.726
189480,36.934
189490,53.088
189500,40.163
189510,35.287
189520,42.011
189530,35.076
189540,51.292
189550,36.544
189560,62.288
189570,36.351
189580,33.416
189590,34.954
189600,35.728
189610,34.208
189620,36.309
189630,34.049
189640,37.041
189650,41.321
189660,33.489
189670,35.306
189680,38.378
189690,38.605
189700,35.092
189710,61.768
189720,37.420
189730,35.920
189740,62.427
189750,34.765
189760,35.450
189770,36.955
189780,39.077
189790,50.927
189800,38.441
189810,55.541
189820,33.981
189830,35.026
189840,39.715
189850,34.764
189860,53.203
189870,35.435
189880,36.677
189890,38.060
189900,60.496
189910,36.815
189920,35.049
189930,52.413
189940,36.824
189950,57.149
189960,34.495
189970,34.544
189980,45.442
189990,34.387
190000,57.142
190010,35.560
190020,55.203
190030,34.723
190040,41.192
190050,34.328
190060,38.712
190070,34.919
190080,35.512
190090,45.280
190100,36.963
190110,34.393
190120,47.735
190130,35.264
190140,38.537
190150,33.404
190160,35.298
190170,61.632
190180,35.815
190190,37.386
190200,33.504
190210,54.886
190220,34.229
190230,34.985
190240,41.447
190250,34.976
190260,60.072
190270,36.491
190280,34.833
190290,35.445
190300,34.466
190310,57.288
190320,34.322
190330,35.599
190340,58.597
190350,36.008
190360,35.709
190370,55.959
190380,34.663
190390,42.596
190400,32.172
190410,35.318
190420,41.012
190430,35.142
190440,42.307
190450,33.433
190460,36.202
190470,34.787
190480,48.961
190490,33.469
190500,35.119
190510,50.808
190520,34.168
190530,34.623
190540,37.234
190550,41.293
190560,35.078
190570,38.437
190580,33.082
190590,44.635
190600,35.790
190610,42.266
190620,33.049
190630,35.364
190640,43.478
190650,35.124
190660,43.343
190670,35.297
190680,35.903
190690,40.329
190700,35.191
190710,40.130
190720,35.494
190730,50.013
190740,34.189
190750,59.517
190760,34.529
190770,34.534
190780,58.349
190790,36.379
190800,35.684
190810,44.222
190820,35.226
190830,59.948
190840,38.424
190850,34.797
190860,37.571
190870,39.088
190880,36.163
190890,52.545
190900,36.311
190910,35.020
190920,48.199
190930,36.123
190940,36.880
190950,37.090
190960,62.429
190970,37.651
190980,35.092
190990,36.188
191000,39.155
191010,56.696
191020,34.148
191030,34.617
191040,35.666
191050,34.438
191060,53.187
191070,35.797
191080,36.672
191090,38.881
191100,39.493
191110,42.629
191120,36.551
191130,36.335
191140,40.479
191150,34.989
191160,50.307
191170,53.430
191180,32.178
191190,33.828
191200,45.924
191210,36.843
191220,52.580
191230,34.857
191240,38.796
191250,32.212
191260,49.195
191270,33.800
191280,34.564
191290,36.823
191300,34.722
191310,55.285
191320,37.006
191330,50.655
191340,38.275
191350,35.154
191360,57.443
191370,35.891
191380,35.072
191390,36.067
191400,33.958
191410,37.037
191420,34.209
191430,37.215
191440,41.894
191450,34.327
191460,61.078
191470,33.653
191480,34.088
191490,53.034
191500,34.625
191510,35.730
191520,46.573
191530,34.265
191540,55.417
191550,34.953
191560,57.251
191570,35.132
191580,56.556
191590,32.951
191600,37.278
191610,36.270
191620,34.345
191630,42.971
191640,33.591
191650,50.586
191660,34.744
191670,35.919
191680,61.105
191690,34.990
191700,34.802
191710,36.089
191720,40.918
191730,35.234
191740,38.115
191750,48.776
191760,36.458
191770,35.423
191780,37.114
191790,39.278
191800,36.004
191810,38.052
191820,38.955
191830,52.907
191840,34.005
191850,52.030
191860,36.318
191870,34.534
191880,45.754
191890,35.425
191900,37.440
191910,48.049
191920,36.612
191930,37.035
191940,38.033
191950,50.064
191960,35.119
191970,47.395
191980,34.743
191990,41.576
192000,33.857
192010,43.429
192020,34.856
192030,45.801
192040,33.238
192050,34.891
192060,36.528
192070,49.511
192080,34.307
192090,36.166
192100,41.416
192110,34.674
192120,37.823
192130,32.247
192140,36.610
192150,34.235
192160,36.130
192170,36.155
192180,35.113
192190,37.977
192200,58.544
192210,35.923
192220,37.577
192230,37.905
192240,37.723
192250,31.856
192260,42.471
192270,33.990
192280,34.704
192290,39.546
192300,34.574
192310,36.498
192320,38.490
192330,40.668
192340,58.562
192350,33.052
192360,34.784
192370,36.245
192380,40.793
192390,35.863
192400,50.268
192410,33.030
192420,36.325
192430,37.932
192440,42.349
192450,34.343
192460,50.641
192470,34.716
192480,55.988
192490,35.965
192500,56.546
192510,33.765
192520,54.847
192530,34.092
192540,49.606
192550,33.870
192560,35.067
192570,44.643
192580,36.291
192590,50.647
192600,33.741
192610,37.232
192620,40.933
192630,32.840
192640,34.249
192650,38.799
192660,34.035
192670,36.270
192680,39.864
192690,35.427
192700,58.998
192710,37.578
192720,35.184
192730,37.425
192740,34.796
192750,44.569
192760,33.015
192770,51.544
192780,36.941
192790,52.264
192800,50.208
192810,33.059
192820,34.485
192830,35.760
192840,34.731
192850,55.566
192860,34.419
192870,58.187
192880,33.625
192890,35.107
192900,37.491
192910,34.716
192920,54.069
192930,33.320
192940,35.212
192950,39.795
192960,56.893
192970,33.794
192980,35.281
192990,37.298
193000,38.235
193010,39.780
193020,44.370
193030,36.446
193040,39.383
193050,34.449
193060,48.760
193070,33.701
193080,57.783
193090,33.492
193100,33.627
193110,37.147
193120,35.384
193130,35.166
193140,51.895
193150,35.384
193160,35.712
193170,36.561
193180,35.296
193190,59.835
193200,35.841
193210,35.064
193220,37.960
193230,39.520
193240,36.997
193250,56.536
193260,36.568
193270,34.935
193280,36.838
193290,35.570
193300,37.660
193310,41.380
193320,35.806
193330,47.067
193340,36.193
193350,36.607
193360,61.952
193370,36.204
193380,34.948
193390,50.461
193400,35.833
193410,46.901
193420,37.017
193430,33.038
193440,40.851
193450,34.762
193460,35.547
193470,43.724
193480,34.103
193490,42.928
193500,33.342
193510,40.178
193520,34.516
193530,36.366
193540,42.318
193550,34.454
193560,58.999
193570,36.979
193580,39.237
193590,32.650
193600,53.564
193610,35.987
193620,34.303
193630,40.690
193640,34.871
193650,39.493
193660,34.524
193670,35.348
193680,37.071
193690,34.496
193700,34.952
193710,34.695
193720,58.058
193730,36.365
193740,36.888
193750,38.071
193760,34.289
193770,59.548
193780,38.456
193790,34.505
193800,57.156
193810,35.754
193820,35.927
193830,40.991
193840,34.918
193850,36.367
193860,58.276
193870,56.424
193880,31.606
193890,34.160
193900,46.591
193910,35.581
193920,36.388
193930,60.630
193940,35.109
193950,41.867
193960,34.753
193970,36.311
193980,47.708
193990,35.316
194000,35.946
194010,51.174
194020,36.042
194030,36.632
194040,42.141
194050,35.191
194060,47.627
194070,33.893
194080,56.507
194090,36.129
194100,35.787
194110,59.654
194120,36.754
194130,45.072
194140,34.331
194150,52.724
194160,35.117
194170,34.986
194180,56.442
194190,34.301
194200,36.255
194210,49.526
194220,34.035
194230,38.127
194240,35.805
194250,51.505
194260,34.053
194270,34.438
194280,46.250
194290,35.221
194300,42.884
194310,32.492
194320,35.495
194330,38.663
194340,38.685
194350,32.325
194360,56.762
194370,33.849
194380,36.313
194390,33.949
194400,39.206
194410,33.093
194420,42.820
194430,33.343
194440,36.967
194450,34.341
194460,62.309
194470,36.420
194480,33.978
194490,37.036
194500,33.651
194510,36.386
194520,37.726
194530,43.477
194540,36.258
194550,36.911
194560,42.420
194570,35.149
194580,56.288
194590,36.408
194600,55.758
194610,33.794
194620,33.003
194630,35.933
194640,34.978
194650,46.452
194660,35.448
194670,35.800
194680,37.104
194690,38.731
194700,39.987
194710,58.241
194720,32.040
194730,34.440
194740,38.393
194750,34.520
194760,58.852
194770,34.881
194780,35.450
194790,43.791
194800,35.497
194810,58.674
194820,36.499
194830,52.858
194840,35.342
194850,34.923
194860,41.970
194870,34.858
194880,35.636
194890,43.743
194900,34.083
194910,35.418
194920,36.884
194930,35.705
194940,37.922
194950,35.339
194960,60.163
194970,36.450
194980,35.540
194990,43.223
195000,36.348
195010,35.003
195020,37.712
195030,43.044
195040,36.634
195050,36.366
195060,37.575
195070,60.321
195080,36.758
195090,49.551
195100,35.253
195110,45.241
195120,34.245
195130,33.110
195140,51.561
195150,34.368
195160,34.695
195170,40.294
195180,35.377
195190,59.699
195200,36.457
195210,45.996
195220,32.779
195230,35.401
195240,33.585
195250,39.217
195260,33.516
195270,35.579
195280,37.121
195290,39.127
195300,32.108
195310,35.009
195320,48.960
195330,34.185
195340,57.825
195350,34.151
195360,55.066
195370,34.125
195380,35.241
195390,53.908
195400,35.381
195410,58.116
195420,36.285
195430,34.901
195440,37.499
195450,44.472
195460,35.008
195470,50.087
195480,34.877
195490,43.137
195500,36.089
195510,34.674
195520,42.827
195530,35.409
195540,39.754
195550,33.483
195560,47.436
195570,32.991
195580,33.499
195590,39.166
195600,35.327
195610,37.211
195620,45.287
195630,35.281
195640,39.217
195650,35.616
195660,35.881
195670,43.632
195680,35.591
195690,36.282
195700,44.575
195710,34.397
195720,35.692
195730,55.981
195740,37.671
195750,34.036
195760,37.087
195770,57.144
195780,40.241
195790,35.608
195800,38.817
195810,33.868
195820,36.580
195830,38.255
195840,57.318
195850,33.732
195860,33.503
195870,61.319
195880,36.372
195890,35.778
195900,36.668
195910,40.752
195920,34.378
195930,37.881
195940,39.414
195950,34.655
195960,37.557
195970,38.414
195980,44.398
195990,34.972
196000,60.128
196010,37.075
196020,39.417
196030,33.208
196040,37.204
196050,31.586
196060,35.534
196070,34.229
196080,36.281
196090,37.531
196100,34.126
196110,37.779
196120,38.695
196130,34.317
196140,42.705
196150,37.208
196160,35.666
196170,37.372
196180,39.422
196190,43.156
196200,36.137
196210,36.036
196220,37.500
196230,60.635
196240,38.978
196250,36.527
196260,57.950
196270,36.538
196280,34.901
196290,43.393
196300,36.342
196310,55.044
196320,36.102
196330,34.397
196340,40.088
196350,34.558
196360,49.000
196370,35.535
196380,52.092
196390,32.677
196400,36.075
196410,37.854
196420,35.622
196430,42.809
196440,35.966
196450,57.813
196460,33.831
196470,36.102
196480,58.192
196490,36.412
196500,34.933
196510,59.900
196520,35.436
196530,34.608
196540,38.854
196550,37.088
196560,36.159
196570,43.912
196580,33.846
196590,44.269
196600,33.483
196610,45.166
196620,33.161
196630,35.067
196640,38.757
196650,35.226
196660,51.958
196670,37.547
196680,35.796
196690,37.962
196700,38.920
196710,42.825
196720,36.729
196730,56.401
196740,34.954
196750,34.902
196760,35.209
196770,43.515
196780,34.363
196790,36.752
196800,38.849
196810,38.313
196820,35.280
196830,36.828
196840,53.680
196850,33.080
196860,34.258
196870,38.445
196880,33.451
196890,57.603
196900,34.252
196910,36.095
196920,32.811
196930,37.544
196940,42.910
196950,35.837
196960,34.810
196970,37.550
196980,37.696
196990,38.354
197000,53.011
197010,33.748
197020,35.085
197030,37.121
197040,34.147
197050,51.379
197060,34.909
197070,37.558
197080,56.694
197090,37.150
197100,33.350
197110,37.401
197120,40.818
197130,33.856
197140,36.985
197150,55.214
197160,36.081
197170,34.815
197180,47.145
197190,54.238
197200,32.388
197210,34.645
197220,37.910
197230,37.855
197240,39.200
197250,34.333
197260,53.467
197270,35.788
197280,36.772
197290,36.604
197300,59.085
197310,35.937
197320,52.299
197330,34.736
197340,36.911
197350,36.803
197360,35.413
197370,37.003
197380,39.680
197390,41.912
197400,34.861
197410,33.926
197420,37.847
197430,34.343
197440,37.680
197450,33.571
197460,51.031
197470,36.453
197480,35.393
197490,57.524
197500,35.827
197510,45.976
197520,33.209
197530,57.175
197540,34.708
197550,35.288
197560,35.501
197570,58.593
197580,35.773
197590,36.012
197600,39.171
197610,40.153
197620,35.141
197630,34.384
197640,38.205
197650,58.758
197660,35.048
197670,45.351
197680,34.423
197690,34.939
197700,38.688
197710,34.143
197720,48.379
197730,34.547
197740,33.995
197750,44.446
197760,35.015
197770,35.826
197780,38.635
197790,41.937
197800,35.861
197810,57.337
197820,35.156
197830,35.658
197840,37.614
197850,33.441
197860,53.548
197870,35.394
197880,35.712
197890,38.177
197900,43.790
197910,35.403
197920,35.868
197930,37.142
197940,35.201
197950,38.211
197960,38.779
197970,71.164
197980,36.097
197990,33.076
198000,39.376
198010,42.982
198020,34.753
198030,34.605
198040,36.913
198050,44.971
198060,34.875
198070,35.047
198080,35.757
198090,43.297
198100,34.023
198110,43.217
198120,33.701
198130,50.497
198140,35.037
198150,57.480
198160,35.124
198170,54.673
198180,33.197
198190,47.185
198200,35.941
198210,40.833
198220,32.142
198230,34.750
198240,45.702
198250,38.761
198260,51.381
198270,34.714
198280,35.569
198290,37.174
198300,48.974
198310,32.303
198320,39.425
198330,37.170
198340,36.209
198350,58.934
198360,37.243
198370,35.452
198380,53.341
198390,36.726
198400,35.713
198410,53.933
198420,34.454
198430,52.721
198440,33.928
198450,35.376
198460,36.288
198470,43.509
198480,34.442
198490,35.318
198500,41.442
198510,34.520
198520,36.834
198530,63.182
198540,36.560
198550,58.548
198560,34.727
198570,34.402
198580,37.814
198590,44.270
198600,35.064
198610,35.459
198620,34.045
198630,43.620
198640,35.554
198650,36.424
198660,38.175
198670,35.212
198680,36.131
198690,40.660
198700,40.122
198710,35.029
198720,38.737
198730,36.134
198740,34.728
198750,35.769
198760,38.108
198770,41.924
198780,31.942
198790,34.622
198800,51.842
198810,35.049
198820,35.454
198830,45.531
198840,36.923
198850,61.269
198860,34.579
198870,35.417
198880,39.347
198890,34.063
198900,35.228
198910,37.098
198920,34.842
198930,37.470
198940,33.339
198950,35.757
198960,45.986
198970,36.879
198980,37.104
198990,37.531
199000,56.169
199010,32.037
199020,54.246
199030,33.604
199040,35.833
199050,33.076
199060,32.324
199070,34.933
199080,38.118
199090,42.723
199100,36.006
199110,36.159
199120,42.191
199130,34.034
199140,37.071
199150,33.035
199160,36.012
199170,49.491
199180,34.357
199190,34.873
199200,33.884
199210,42.756
199220,32.542
199230,36.033
199240,54.514
199250,34.720
199260,54.945
199270,36.582
199280,35.411
199290,35.002
199300,38.816
199310,42.748
199320,32.215
199330,35.727
199340,54.962
199350,35.498
199360,37.405
199370,32.504
199380,48.954
199390,33.728
199400,35.804
199410,37.858
199420,38.976
199430,42.640
199440,34.184
199450,60.179
199460,33.848
199470,42.020
199480,34.354
199490,34.312
199500,36.565
199510,58.994
199520,35.365
199530,41.523
199540,32.899
199550,35.901
199560,39.037
199570,40.482
199580,41.352
199590,36.309
199600,55.845
199610,34.634
199620,34.629
199630,42.647
199640,57.141
199650,35.401
199660,33.547
199670,35.615
199680,56.800
199690,37.424
199700,35.584
199710,39.261
199720,49.256
199730,35.266
199740,37.897
199750,34.173
199760,44.824
199770,35.938
199780,34.797
199790,46.035
199800,34.954
199810,42.025
199820,52.871
199830,33.767
199840,34.572
199850,37.359
199860,37.605
199870,35.315
199880,49.010
199890,34.960
199900,36.460
199910,37.668
199920,41.737
199930,33.178
199940,37.850
199950,34.881
199960,40.191
199970,32.700
199980,35.706
199990,33.903
200000,51.779
200010,34.866
200020,35.867
200030,39.321
200040,33.031
200050,36.007
200060,44.897
200070,34.356
200080,36.261
200090,44.823
200100,33.999
200110,37.367
200120,41.197
200130,33.457
200140,35.105
200150,49.761
200160,36.559
200170,37.496
200180,37.888
200190,38.261
200200,35.006
200210,36.694
200220,45.158
200230,35.298
200240,36.267
200250,34.382
200260,38.207
200270,33.790
200280,37.306
200290,44.974
200300,34.830
200310,36.617
200320,53.137
200330,37.329
200340,35.585
200350,57.356
200360,35.548
200370,36.593
200380,38.107
200390,42.054
200400,34.214
200410,50.778
200420,34.140
200430,34.430
200440,37.649
200450,35.014
200460,36.243
200470,38.858
200480,61.799
200490,37.847
200500,35.333
200510,59.713
200520,35.224
200530,34.366
200540,44.860
200550,35.811
200560,37.262
200570,37.472
200580,44.897
200590,35.277
200600,37.040
200610,35.061
200620,36.157
200630,39.980
200640,35.476
200650,36.640
200660,60.258
200670,36.992
200680,36.060
200690,36.543
200700,39.658
200710,35.817
200720,56.008
200730,37.005
200740,41.075
200750,33.656
200760,35.773
200770,38.774
200780,40.840
200790,33.231
200800,34.874
200810,39.314
200820,31.889
200830,56.751
200840,35.759
200850,33.667
200860,36.367
200870,40.369
200880,33.602
200890,37.734
200900,35.479
200910,36.375
200920,42.528
200930,46.926
200940,33.289
200950,34.762
200960,62.831
200970,35.642
200980,36.471
200990,53.294
201000,36.446
201010,35.223
201020,36.207
201030,35.688
201040,52.603
201050,35.022
201060,35.651
201070,54.425
201080,35.988
201090,35.471
201100,47.948
201110,36.324
201120,56.486
201130,34.369
201140,35.795
201150,37.076
201160,45.121
201170,35.232
201180,36.800
201190,42.088
201200,33.206
201210,36.074
201220,38.776
201230,44.404
201240,36.023
201250,43.000
201260,33.190
201270,35.130
201280,37.776
201290,35.656
201300,42.060
201310,34.032
201320,37.097
201330,40.356
201340,36.645
201350,47.280
201360,35.393
201370,35.892
201380,57.723
201390,57.370
201400,33.228
201410,33.863
201420,37.178
201430,39.899
201440,35.844
201450,51.874
201460,33.037
201470,55.570
201480,34.606
201490,34.015
201500,35.788
201510,39.705
201520,53.557
201530,33.461
201540,34.297
201550,39.459
201560,34.020
201570,36.669
201580,58.280
201590,37.822
201600,56.689
201610,35.210
201620,35.303
201630,36.676
201640,37.430
201650,36.670
201660,38.846
201670,58.190
201680,35.765
201690,35.725
201700,38.225
201710,35.018
201720,35.989
201730,60.307
201740,36.140
201750,37.533
201760,33.802
201770,51.606
201780,33.305
201790,36.133
201800,42.094
201810,34.819
201820,53.758
201830,33.804
201840,36.467
201850,50.370
201860,35.238
201870,61.402
201880,34.365
201890,33.761
201900,35.139
201910,34.460
201920,53.568
201930,35.507
201940,47.503
201950,32.932
201960,34.978
201970,42.525
201980,32.375
201990,55.623
202000,34.643
202010,38.211
202020,35.360
202030,33.927
202040,38.083
202050,38.369
202060,32.003
202070,33.362
202080,32.441
202090,36.038
202100,42.710
202110,34.739
202120,37.345
202130,42.114
202140,36.310
202150,45.233
202160,34.017
202170,51.892
202180,34.652
202190,50.323
202200,32.511
202210,35.512
202220,42.081
202230,38.784
202240,32.210
202250,56.044
202260,34.144
202270,34.330
202280,36.209
202290,38.380
202300,34.215
202310,41.950
202320,36.537
202330,49.303
202340,36.034
202350,34.165
202360,49.494
202370,33.579
202380,35.569
202390,43.478
202400,34.702
202410,36.307
202420,46.463
202430,44.360
202440,35.130
202450,54.547
202460,35.136
202470,34.280
202480,57.639
202490,34.781
202500,43.048
202510,34.301
202520,57.995
202530,34.138
202540,56.999
202550,34.895
202560,35.897
202570,42.401
202580,35.261
202590,37.680
202600,34.208
202610,36.333
202620,58.656
202630,37.416
202640,35.402
202650,38.019
202660,35.085
202670,55.938
202680,34.828
202690,57.446
202700,34.375
202710,56.360
202720,33.787
202730,57.545
202740,33.640
202750,34.256
202760,32.561
202770,35.448
202780,37.573
202790,45.523
202800,35.490
202810,35.890
202820,38.016
202830,38.782
202840,38.743
202850,35.584
202860,45.659
202870,34.291
202880,57.707
202890,35.769
202900,53.457
202910,32.930
202920,34.764
202930,59.483
202940,38.048
202950,37.108
202960,38.144
202970,40.755
202980,35.377
202990,37.543
203000,32.706
203010,36.540
203020,34.542
203030,36.329
203040,36.885
203050,35.336
203060,42.207
203070,33.248
203080,34.491
203090,43.628
203100,34.476
203110,57.978
203120,34.929
203130,39.620
203140,35.762
203150,32.807
203160,49.285
203170,34.800
203180,35.607
203190,44.066
203200,36.298
203210,44.519
203220,34.886
203230,35.509
203240,35.508
203250,34.708
203260,36.202
203270,38.842
203280,41.448
203290,37.407
203300,36.033
203310,62.599
203320,35.493
203330,34.837
203340,35.927
203350,35.531
203360,44.526
203370,34.542
203380,46.715
203390,33.603
203400,49.404
203410,34.978
203420,41.301
203430,31.011
203440,36.389
203450,32.664
203460,36.186
203470,37.993
203480,56.714
203490,34.458
203500,34.478
203510,36.776
203520,37.391
203530,33.712
203540,35.203
203550,39.110
203560,33.500
203570,42.730
203580,32.938
203590,38.819
203600,35.081
203610,41.834
203620,34.356
203630,36.037
203640,37.013
203650,55.471
203660,37.182
203670,50.942
203680,34.441
203690,33.865
203700,36.101
203710,39.445
203720,50.846
203730,33.475
203740,48.148
203750,34.451
203760,49.313
203770,34.364
203780,34.490
203790,50.440
203800,36.436
203810,50.939
203820,33.313
203830,33.589
203840,37.927
203850,52.555
203860,32.999
203870,35.189
203880,35.643
203890,47.583
203900,32.365
203910,34.725
203920,52.685
203930,35.169
203940,34.626
203950,37.553
203960,35.463
203970,37.862
203980,38.086
203990,41.570
204000,34.888
204010,36.985
204020,45.653
204030,34.536
204040,35.923
204050,52.291
204060,33.687
204070,36.378
204080,37.521
204090,38.119
204100,54.259
204110,37.823
204120,36.090
204130,36.673
204140,36.237
204150,37.030
204160,38.772
204170,53.625
204180,34.865
204190,47.303
204200,53.312
204210,32.249
204220,33.494
204230,36.811
204240,35.401
204250,40.436
204260,33.351
204270,36.436
204280,38.762
204290,34.824
204300,48.114
204310,34.362
204320,34.941
204330,43.109
204340,34.354
204350,50.837
204360,32.347
204370,45.086
204380,34.151
204390,59.180
204400,34.476
204410,34.045
204420,33.818
204430,33.948
204440,38.554
204450,34.946
204460,38.611
204470,34.924
204480,40.403
204490,36.640
204500,36.553
204510,37.914
204520,40.442
204530,56.524
204540,35.450
204550,34.334
204560,58.660
204570,35.616
204580,35.459
204590,43.086
204600,35.553
204610,49.786
204620,33.673
204630,52.650
204640,35.131
204650,34.277
204660,37.011
204670,53.983
204680,35.840
204690,37.065
204700,53.102
204710,34.145
204720,35.877
204730,41.849
204740,35.997
204750,38.037
204760,52.872
204770,35.572
204780,55.632
204790,33.823
204800,55.666
204810,34.774
204820,34.300
204830,47.165
204840,34.353
204850,57.568
204860,36.377
204870,34.988
204880,35.868
204890,39.771
204900,34.458
204910,37.847
204920,40.036
204930,45.167
204940,33.150
204950,30.814
204960,43.026
204970,35.822
204980,34.968
204990,37.391
205000,50.510
205010,36.171
205020,37.812
205030,43.099
205040,32.374
205050,42.356
205060,32.947
205070,53.597
205080,35.307
205090,35.009
205100,57.418
205110,36.348
205120,49.057
205130,34.350
205140,44.755
205150,34.904
205160,59.263
205170,36.403
205180,56.680
205190,33.310
205200,55.255
205210,35.296
205220,34.392
205230,34.945
205240,32.922
205250,36.823
205260,42.185
205270,34.793
205280,38.543
205290,33.841
205300,36.827
205310,49.268
205320,33.760
205330,44.746
205340,35.236
205350,36.991
205360,42.716
205370,34.714
205380,35.674
205390,39.167
205400,34.440
205410,45.144
205420,32.712
205430,37.411
205440,32.990
205450,35.881
205460,48.183
205470,33.950
205480,34.435
205490,57.901
205500,36.091
205510,36.898
205520,38.233
205530,55.924
205540,36.987
205550,35.537
205560,37.114
205570,36.797
205580,54.987
205590,34.683
205600,36.576
205610,37.176
205620,60.945
205630,36.386
205640,59.483
205650,36.814
205660,58.731
205670,35.086
205680,35.257
205690,41.134
205700,36.680
205710,35.508
205720,58.697
205730,36.084
205740,35.121
205750,54.086
205760,36.965
205770,57.733
205780,30.884
205790,50.409
205800,32.354
205810,34.753
205820,36.598
205830,55.095
205840,47.028
205850,35.410
205860,32.981
205870,43.454
205880,33.314
205890,35.025
205900,40.588
205910,35.850
205920,39.112
205930,34.713
205940,58.344
205950,35.084
205960,44.461
205970,33.132
205980,36.613
205990,42.275
206000,42.031
206010,31.561
206020,55.996
206030,33.945
206040,34.627
206050,58.305
206060,37.112
206070,35.965
206080,59.950
206090,35.967
206100,36.694
206110,48.890
206120,34.682
206130,55.144
206140,35.281
206150,51.548
206160,33.295
206170,33.773
206180,63.052
206190,33.741
206200,34.510
206210,40.840
206220,33.715
206230,53.525
206240,33.738
206250,34.302
206260,36.818
206270,38.854
206280,35.781
206290,34.325
206300,50.033
206310,35.003
206320,35.503
206330,36.822
206340,44.112
206350,34.221
206360,35.827
206370,36.862
206380,35.042
206390,58.384
206400,36.955
206410,60.852
206420,34.194
206430,32.933
206440,36.240
206450,33.811
206460,38.169
206470,34.116
206480,37.635
206490,34.081
206500,44.665
206510,34.839
206520,35.940
206530,53.255
206540,36.672
206550,35.115
206560,37.538
206570,35.619
206580,35.773
206590,39.693
206600,33.965
206610,36.530
206620,36.718
206630,47.284
206640,35.484
206650,33.624
206660,40.894
206670,33.711
206680,51.477
206690,35.751
206700,54.510
206710,35.049
206720,37.933
206730,44.149
206740,33.926
206750,57.411
206760,34.483
206770,34.927
206780,46.609
206790,34.612
206800,35.970
206810,46.692
206820,34.525
206830,49.414
206840,30.328
206850,47.031
206860,33.489
206870,55.938
206880,33.686
206890,35.356
206900,53.056
206910,34.331
206920,35.626
206930,55.890
206940,37.717
206950,36.765
206960,51.177
206970,35.915
206980,40.764
206990,33.832
207000,43.971
207010,33.079
207020,37.146
207030,34.572
207040,58.482
207050,34.825
207060,35.174
207070,49.559
207080,35.583
207090,36.020
207100,45.035
207110,33.479
207120,37.330
207130,34.844
207140,37.722
207150,52.914
207160,36.828
207170,35.272
207180,40.012
207190,36.516
207200,41.399
207210,56.220
207220,33.596
207230,55.943
207240,33.648
207250,47.659
207260,34.081
207270,43.180
207280,35.609
207290,35.298
207300,36.554
207310,57.840
207320,37.282
207330,50.084
207340,34.844
207350,35.738
207360,38.969
207370,33.336
207380,37.181
207390,35.137
207400,35.591
207410,58.035
207420,36.955
207430,36.243
207440,38.495
207450,35.258
207460,37.148
207470,35.320
207480,50.539
207490,34.601
207500,35.290
207510,48.564
207520,34.199
207530,54.554
207540,36.672
207550,56.145
207560,34.836
207570,35.221
207580,36.431
207590,38.358
207600,40.774
207610,35.969
207620,45.638
207630,44.744
207640,34.043
207650,33.267
207660,34.940
207670,42.194
207680,35.061
207690,33.332
207700,43.584
207710,33.969
207720,59.619
207730,34.124
207740,49.792
207750,34.737
207760,42.758
207770,32.427
207780,34.967
207790,36.708
207800,37.520
207810,39.137
207820,36.202
207830,37.827
207840,60.784
207850,36.572
207860,37.285
207870,42.445
207880,34.737
207890,45.279
207900,36.365
207910,33.517
207920,31.577
207930,52.165
207940,35.635
207950,56.724
207960,33.745
207970,34.447
207980,52.028
207990,34.498
208000,35.521
208010,47.340
208020,37.899
208030,35.735
208040,42.566
208050,34.740
208060,39.972
208070,34.467
208080,39.422
208090,52.240
208100,34.510
208110,33.558
208120,50.529
208130,34.660
208140,36.529
208150,50.926
208160,35.098
208170,39.831
208180,32.921
208190,34.844
208200,32.839
208210,35.355
208220,38.865
208230,36.060
208240,46.123
208250,32.773
208260,34.642
208270,38.399
208280,36.509
208290,45.234
208300,34.627
208310,42.766
208320,33.465
208330,60.089
208340,35.566
208350,34.516
208360,35.402
208370,34.614
208380,36.400
208390,54.701
208400,33.747
208410,49.146
208420,37.212
208430,59.268
208440,35.185
208450,34.608
208460,37.390
208470,38.199
208480,39.492
208490,45.159
208500,35.591
208510,58.759
208520,35.492
208530,56.683
208540,35.392
208550,34.582
208560,34.875
208570,38.626
208580,62.645
208590,35.907
208600,36.619
208610,40.814
208620,33.017
208630,52.795
208640,35.390
208650,35.335
208660,46.249
208670,36.566
208680,35.539
208690,35.070
208700,55.395
208710,34.404
208720,34.695
208730,63.155
208740,35.898
208750,35.716
208760,38.203
208770,38.245
208780,47.720
208790,34.784
208800,56.273
208810,33.442
208820,34.472
208830,59.094
208840,39.420
208850,35.450
208860,36.413
208870,38.605
208880,34.308
208890,40.596
208900,34.748
208910,48.737
208920,33.749
208930,35.789
208940,40.557
208950,33.810
208960,36.580
208970,33.999
208980,57.727
208990,35.214
209000,36.170
209010,37.850
209020,49.519
209030,36.304
209040,36.183
209050,49.956
209060,34.990
209070,37.974
209080,33.516
209090,46.310
209100,34.354
209110,34.751
209120,36.961
209130,48.785
209140,34.183
209150,55.466
209160,35.580
209170,32.758
209180,60.100
209190,37.113
209200,40.927
209210,33.936
209220,39.770
209230,34.926
209240,35.404
209250,52.700
209260,34.619
209270,42.588
209280,31.872
209290,52.915
209300,35.160
209310,51.988
209320,32.128
209330,48.238
209340,33.860
209350,66.160
209360,32.905
209370,32.397
209380,35.747
209390,38.465
209400,35.524
209410,36.514
209420,40.327
209430,55.223
209440,33.320
209450,34.512
209460,44.779
209470,55.105
209480,33.558
209490,34.312
209500,36.471
209510,44.938
209520,46.690
209530,35.506
209540,34.548
209550,59.730
209560,34.362
209570,41.067
209580,35.681
209590,33.719
209600,40.900
209610,33.423
209620,34.937
209630,38.559
209640,44.007
209650,34.894
209660,54.481
209670,35.277
209680,36.195
209690,39.523
209700,33.900
209710,36.115
209720,41.978
209730,35.885
209740,48.232
209750,35.490
209760,49.354
209770,34.509
209780,35.279
209790,41.062
209800,34.396
209810,35.323
209820,47.609
209830,36.941
209840,36.285
209850,38.244
209860,61.376
209870,38.475
209880,35.879
209890,36.063
209900,35.627
209910,41.824
209920,33.227
209930,56.024
209940,37.137
209950,61.385
209960,33.995
209970,36.891
209980,33.050
209990,54.959
210000,36.384
210010,35.192
210020,39.366
210030,34.724
210040,39.287
210050,55.736
210060,32.495
210070,55.817
210080,32.438
210090,54.021
210100,33.785
210110,35.857
210120,32.446
210130,35.641
210140,34.994
210150,42.540
210160,33.789
210170,35.125
210180,56.204
210190,32.412
210200,34.102
210210,37.503
210220,38.072
210230,40.931
210240,36.081
210250,41.367
210260,34.452
210270,59.990
210280,34.202
210290,34.569
210300,36.265
210310,33.710
210320,39.738
210330,52.647
210340,34.569
210350,34.218
210360,39.840
210370,34.483
210380,49.620
210390,34.878
210400,58.855
210410,33.704
210420,35.655
210430,37.856
210440,55.774
210450,34.367
210460,34.351
210470,37.950
210480,33.941
210490,37.136
210500,32.981
210510,36.442
210520,42.370
210530,57.049
210540,33.670
210550,35.578
210560,36.779
210570,40.382
210580,35.615
210590,38.872
210600,34.444
210610,48.020
210620,35.038
210630,35.865
210640,39.359
210650,35.050
210660,37.034
210670,33.165
210680,60.002
210690,35.458
210700,56.397
210710,32.641
210720,35.041
210730,58.958
210740,33.758
210750,33.700
210760,35.341
210770,38.056
210780,36.184
210790,40.404
210800,33.940
210810,57.494
210820,35.035
210830,47.039
210840,33.492
210850,36.240
210860,37.326
210870,57.963
210880,35.373
210890,35.048
210900,37.722
210910,33.935
210920,63.906
210930,37.903
210940,34.350
210950,46.821
210960,33.912
210970,35.719
210980,35.658
210990,57.060
211000,34.032
211010,33.748
211020,58.657
211030,37.763
211040,35.162
211050,37.663
211060,51.662
211070,35.662
211080,34.936
211090,56.779
211100,35.465
211110,35.224
211120,56.669
211130,33.933
211140,48.805
211150,37.040
211160,36.025
211170,38.047
211180,43.674
211190,56.222
211200,33.487
211210,34.759
211220,55.871
211230,36.739
211240,35.839
211250,36.849
211260,41.037
211270,35.543
211280,58.901
211290,37.175
211300,35.155
211310,37.073
211320,42.029
211330,34.257
211340,37.376
211350,56.148
211360,36.841
211370,35.637
211380,56.271
211390,35.780
211400,36.200
211410,38.961
211420,34.279
211430,60.193
211440,36.356
211450,43.473
211460,33.596
211470,34.807
211480,49.915
211490,34.471
211500,36.939
211510,38.177
211520,46.657
211530,37.099
211540,36.542
211550,37.570
211560,34.663
211570,55.467
211580,35.613
211590,38.708
211600,33.339
211610,36.100
211620,45.593
211630,34.774
211640,37.854
211650,32.998
211660,35.109
211670,36.921
211680,35.349
211690,60.200
211700,37.477
211710,35.682
211720,45.355
211730,35.773
211740,37.449
211750,40.293
211760,35.015
211770,53.342
211780,33.975
211790,35.975
211800,50.313
211810,34.421
211820,34.943
211830,44.953
211840,34.921
211850,36.574
211860,60.145
211870,35.074
211880,34.929
211890,51.302
211900,35.334
211910,35.316
211920,46.459
211930,35.516
211940,37.371
211950,34.576
211960,38.462
211970,56.389
211980,35.891
211990,52.447
212000,33.193
212010,39.863
212020,33.433
212030,61.299
212040,34.931
212050,34.287
212060,36.066
212070,39.849
212080,36.986
212090,36.426
212100,37.269
212110,47.234
212120,39.457
212130,56.752
212140,35.372
212150,35.385
212160,38.860
212170,33.979
212180,59.107
212190,34.563
212200,35.733
212210,37.827
212220,39.289
212230,45.672
212240,34.346
212250,44.715
212260,35.188
212270,34.816
212280,41.338
212290,34.861
212300,59.725
212310,35.391
212320,35.253
212330,64.977
212340,36.649
212350,52.793
212360,32.579
212370,35.565
212380,49.742
212390,33.705
212400,42.017
212410,33.966
212420,34.975
212430,37.144
212440,34.346
212450,35.900
212460,37.754
212470,30.907
212480,36.153
212490,45.347
212500,35.624
212510,50.859
212520,34.923
212530,36.932
212540,37.203
212550,38.882
212560,34.307
212570,36.424
212580,50.337
212590,33.107
212600,36.024
212610,42.330
212620,35.471
212630,37.782
212640,40.654
212650,33.215
212660,36.742
212670,33.253
212680,37.382
212690,38.927
212700,57.156
212710,33.590
212720,33.275
212730,39.626
212740,35.313
212750,57.190
212760,34.214
212770,50.840
212780,33.711
212790,34.586
212800,32.963
212810,32.807
212820,35.732
212830,54.988
212840,35.603
212850,34.369
212860,40.829
212870,33.333
212880,48.235
212890,32.506
212900,32.568
212910,32.739
212920,44.796
212930,35.254
212940,38.088
212950,50.240
212960,35.796
212970,52.166
212980,33.689
212990,33.638
213000,37.167
213010,38.511
213020,40.175
213030,35.668
213040,59.545
213050,36.432
213060,56.476
213070,35.304
213080,34.519
213090,36.127
213100,37.482
213110,34.660
213120,36.770
213130,63.581
213140,37.252
213150,36.584
213160,39.603
213170,34.693
213180,39.576
213190,31.600
213200,36.685
213210,33.752
213220,38.636
213230,34.406
213240,41.800
213250,33.884
213260,35.932
213270,38.223
213280,44.592
213290,35.984
213300,40.606
213310,33.921
213320,36.589
213330,60.289
213340,38.316
213350,35.914
213360,36.919
213370,40.570
213380,34.590
213390,36.693
213400,47.153
213410,34.762
213420,52.543
213430,36.123
213440,36.223
213450,38.202
213460,41.388
213470,37.324
213480,47.755
213490,34.378
213500,46.494
213510,32.395
213520,34.424
213530,37.308
213540,34.024
213550,53.734
213560,36.085
213570,36.202
213580,37.855
213590,40.235
213600,34.867
213610,36.841
213620,61.704
213630,39.011
213640,35.788
213650,36.643
213660,37.844
213670,56.016
213680,36.436
213690,36.908
213700,34.703
213710,33.857
213720,34.532
213730,34.033
213740,59.801
213750,37.325
213760,35.054
213770,36.186
213780,37.849
213790,36.775
213800,40.799
213810,33.458
213820,36.438
213830,35.601
213840,41.832
213850,33.421
213860,34.827
213870,38.032
213880,35.290
213890,52.630
213900,55.177
213910,31.881
213920,33.404
213930,38.399
213940,43.430
213950,37.775
213960,45.990
213970,34.006
213980,34.057
213990,43.434
214000,34.770
214010,58.404
214020,34.694
214030,38.022
214040,32.683
214050,35.991
214060,37.466
214070,37.514
214080,51.195
214090,34.621
214100,34.760
214110,47.605
214120,39.015
214130,36.394
214140,43.340
214150,33.257
214160,35.963
214170,41.908
214180,34.988
214190,45.941
214200,56.552
214210,32.923
214220,35.092
214230,64.233
214240,34.826
214250,36.102
214260,33.578
214270,34.308
214280,36.301
214290,36.262
214300,61.160
214310,35.734
214320,34.135
214330,47.684
214340,35.370
214350,53.825
214360,36.015
214370,35.825
214380,37.349
214390,39.039
214400,40.843
214410,36.178
214420,38.015
214430,38.408
214440,47.250
214450,32.017
214460,34.225
214470,44.271
214480,36.223
214490,36.433
214500,36.440
214510,37.951
214520,35.065
214530,57.866
214540,35.588
214550,43.580
214560,33.637
214570,35.786
214580,37.425
214590,60.179
214600,35.217
214610,57.170
214620,35.306
214630,36.866
214640,37.360
214650,34.861
214660,36.124
214670,32.714
214680,52.089
214690,36.349
214700,35.754
214710,37.937
214720,39.940
214730,57.375
214740,35.797
214750,33.770
214760,41.567
214770,35.514
214780,58.252
214790,33.993
214800,35.545
214810,37.022
214820,56.247
214830,35.969
214840,35.402
214850,37.398
214860,34.639
214870,38.245
214880,49.498
214890,30.899
214900,50.034
214910,32.878
214920,34.829
214930,63.528
214940,35.685
214950,35.972
214960,36.580
214970,38.489
214980,59.875
214990,37.224
215000,51.592
215010,33.468
215020,58.594
215030,36.640
215040,34.523
215050,39.195
215060,34.145
215070,35.816
215080,47.991
215090,35.515
215100,35.655
215110,61.478
215120,35.373
215130,52.854
215140,35.432
215150,42.358
215160,33.268
215170,38.058
215180,35.540
215190,36.972
215200,38.558
215210,42.734
215220,34.710
215230,57.336
215240,36.857
215250,61.367
215260,34.024
215270,33.299
215280,36.244
215290,60.170
215300,36.451
215310,41.967
215320,35.284
215330,58.716
215340,34.037
215350,33.676
215360,54.808
215370,36.402
215380,36.056
215390,38.353
215400,39.298
215410,49.462
215420,34.562
215430,58.339
215440,35.767
215450,35.920
215460,37.887
215470,39.368
215480,47.452
215490,35.037
215500,36.729
215510,46.691
215520,34.194
215530,36.442
215540,38.497
215550,52.697
215560,34.834
215570,35.249
215580,37.146
215590,61.528
215600,36.481
215610,54.118
215620,35.071
215630,57.972
215640,36.242
215650,34.895
215660,36.794
215670,53.615
215680,34.496
215690,34.672
215700,37.271
215710,37.868
215720,60.832
215730,39.377
215740,37.137
215750,57.526
215760,35.805
215770,35.614
215780,51.482
215790,35.196
215800,48.675
215810,35.387
215820,34.969
215830,58.220
215840,37.833
215850,37.837
215860,39.696
215870,56.099
215880,34.120
215890,34.654
215900,50.288
215910,35.241
215920,55.370
215930,37.293
215940,36.232
215950,37.525
215960,40.456
215970,34.658
215980,38.842
215990,32.180
216000,35.922
216010,38.414
216020,40.806
216030,35.991
216040,35.968
216050,44.499
216060,35.072
216070,36.259
216080,59.894
216090,36.406
216100,36.826
216110,57.074
216120,35.239
216130,50.314
216140,33.730
216150,49.758
216160,33.777
216170,36.823
216180,31.642
216190,35.972
216200,54.155
216210,35.829
216220,35.412
216230,42.832
216240,34.810
216250,36.873
216260,57.571
216270,38.391
216280,35.456
216290,36.637
216300,34.698
216310,36.685
216320,41.831
216330,34.979
216340,36.316
216350,38.503
216360,41.085
216370,34.617
216380,36.957
216390,34.797
216400,36.239
216410,39.215
216420,35.304
216430,40.560
216440,34.984
216450,40.022
216460,31.985
216470,44.854
216480,35.600
216490,33.852
216500,50.141
216510,35.385
216520,37.289
216530,40.195
216540,32.901
216550,57.811
216560,36.563
216570,46.141
216580,36.643
216590,34.367
216600,58.023
216610,35.240
216620,49.694
216630,35.489
216640,34.701
216650,41.421
216660,32.581
216670,39.922
216680,32.663
216690,35.628
216700,49.081
216710,35.833
216720,50.166
216730,33.822
216740,34.495
216750,38.023
216760,52.642
216770,33.442
216780,32.975
216790,41.975
216800,32.433
216810,43.577
216820,33.660
216830,57.466
216840,35.200
216850,36.128
216860,38.002
216870,43.688
216880,35.208
216890,35.132
216900,51.965
216910,34.825
216920,36.312
216930,57.859
216940,33.578
216950,33.877
216960,36.821
216970,51.459
216980,34.360
216990,44.186
217000,32.962
217010,50.349
217020,37.056
217030,36.532
217040,38.048
217050,63.403
217060,38.041
217070,35.819
217080,55.435
217090,35.437
217100,35.910
217110,47.172
217120,35.859
217130,36.785
217140,41.369
217150,35.549
217160,59.273
217170,34.914
217180,48.323
217190,34.515
217200,34.866
217210,39.596
217220,33.734
217230,41.161
217240,33.816
217250,36.801
217260,34.604
217270,35.924
217280,40.273
217290,34.963
217300,37.479
217310,56.921
217320,33.921
217330,51.345
217340,33.439
217350,35.431
217360,37.310
217370,39.971
217380,35.142
217390,46.397
217400,32.338
217410,35.023
217420,36.289
217430,37.731
217440,31.861
217450,34.404
217460,41.415
217470,45.722
217480,33.060
217490,54.479
217500,32.026
217510,34.584
217520,40.493
217530,54.098
217540,34.087
217550,35.158
217560,60.595
217570,35.695
217580,36.239
217590,40.598
217600,34.326
217610,36.912
217620,38.928
217630,39.247
217640,38.941
217650,49.157
217660,33.903
217670,34.223
217680,37.704
217690,38.408
217700,37.464
217710,34.563
217720,37.525
217730,47.451
217740,36.228
217750,58.290
217760,37.166
217770,34.566
217780,59.387
217790,36.058
217800,45.137
217810,33.459
217820,35.057
217830,43.304
217840,34.146
217850,34.161
217860,35.320
217870,34.182
217880,43.510
217890,33.614
217900,51.445
217910,34.518
217920,57.608
217930,34.873
217940,51.495
217950,35.521
217960,34.955
217970,40.489
217980,34.633
217990,35.442
218000,51.248
218010,34.327
218020,36.433
218030,59.870
218040,38.492
218050,37.435
218060,37.485
218070,37.739
218080,46.309
218090,35.244
218100,36.869
218110,41.033
218120,34.594
218130,54.660
218140,34.816
218150,56.087
218160,33.438
218170,54.418
218180,34.124
218190,34.306
218200,58.287
218210,36.700
218220,35.905
218230,37.498
218240,33.410
218250,39.063
218260,34.324
218270,44.568
218280,35.916
218290,35.412
218300,42.110
218310,33.263
218320,38.393
218330,33.926
218340,45.674
218350,34.192
218360,59.988
218370,36.201
218380,41.118
218390,34.747
218400,35.017
218410,47.131
218420,33.902
218430,48.684
218440,33.768
218450,37.690
218460,37.205
218470,32.600
218480,34.966
218490,47.527
218500,35.363
218510,36.787
218520,43.145
218530,35.316
218540,33.778
218550,32.448
218560,43.077
218570,33.944
218580,35.732
218590,33.580
218600,41.994
218610,33.660
218620,36.123
218630,39.586
218640,35.029
218650,48.684
218660,34.806
218670,44.890
218680,34.055
218690,53.313
218700,33.589
218710,37.099
218720,32.836
218730,36.781
218740,45.698
218750,33.909
218760,36.722
218770,38.366
218780,36.997
218790,35.651
218800,55.505
218810,35.715
218820,34.819
218830,53.653
218840,33.337
218850,36.596
218860,52.699
218870,39.241
218880,35.708
218890,36.555
218900,60.365
218910,38.122
218920,43.871
218930,32.680
218940,41.747
218950,35.208
218960,37.235
218970,37.937
218980,39.597
218990,36.423
219000,47.525
219010,34.260
219020,35.936
219030,38.795
219040,44.841
219050,34.324
219060,35.855
219070,36.753
219080,34.106
219090,46.368
219100,34.627
219110,40.832
219120,33.740
219130,35.041
219140,39.791
219150,34.571
219160,35.474
219170,47.847
219180,35.509
219190,37.433
219200,43.362
219210,35.425
219220,61.009
219230,53.981
219240,32.824
219250,33.243
219260,36.826
219270,35.293
219280,36.121
219290,45.775
219300,34.584
219310,35.756
219320,39.803
219330,34.191
219340,45.421
219350,40.926
219360,34.635
219370,34.093
219380,42.206
219390,33.822
219400,60.519
219410,33.866
219420,34.013
219430,54.155
219440,34.537
219450,45.775
219460,34.391
219470,38.460
219480,32.910
219490,37.184
219500,33.233
219510,35.387
219520,49.033
219530,35.246
219540,38.996
219550,33.131
219560,36.041
219570,41.523
219580,35.000
219590,43.883
219600,35.298
219610,50.572
219620,33.659
219630,49.070
219640,33.066
219650,56.080
219660,34.060
219670,44.557
219680,33.795
219690,36.203
219700,43.253
219710,37.965
219720,35.256
219730,54.172
219740,35.795
219750,36.083
219760,36.537
219770,36.240
219780,38.326
219790,33.967
219800,51.713
219810,33.923
219820,35.777
219830,55.802
219840,34.733
219850,43.867
219860,37.140
219870,33.380
219880,35.459
219890,35.689
219900,34.394
219910,37.288
219920,46.451
219930,36.292
219940,53.203
219950,33.035
219960,34.899
219970,37.270
219980,55.850
219990,34.623
220000,35.968
220010,37.036
220020,38.978
220030,41.731
220040,35.698
220050,36.297
220060,35.130
220070,37.377
220080,38.276
220090,40.648
220100,35.041
220110,36.628
220120,38.181
220130,35.752
220140,63.076
220150,36.182
220160,34.192
220170,42.078
220180,35.449
220190,35.702
220200,37.081
220210,38.062
220220,35.307
220230,36.797
220240,33.290
220250,37.582
220260,38.851
220270,40.287
220280,32.974
220290,33.447
220300,32.920
220310,59.472
220320,36.070
220330,56.554
220340,32.998
220350,34.408
220360,50.150
220370,35.089
220380,60.376
220390,34.433
220400,34.627
220410,35.731
220420,33.608
220430,56.176
220440,35.087
220450,38.393
220460,33.003
220470,36.535
220480,37.169
220490,38.879
220500,34.561
220510,36.279
220520,38.381
220530,42.093
220540,56.883
220550,33.333
220560,56.499
220570,34.404
220580,33.777
220590,45.245
220600,50.769
220610,33.395
220620,34.462
220630,36.347
220640,45.118
220650,33.358
220660,36.688
220670,38.834
220680,35.964
220690,37.677
220700,35.328
220710,35.610
220720,37.725
220730,35.928
220740,37.628
220750,43.768
220760,33.329
220770,36.524
220780,39.070
220790,34.465
220800,35.340
220810,52.560
220820,35.426
220830,35.004
220840,42.995
220850,35.571
220860,58.573
220870,35.544
220880,35.165
220890,51.660
220900,34.854
220910,42.501
220920,33.712
220930,58.342
220940,34.394
220950,35.646
220960,49.856
220970,34.553
220980,58.071
220990,35.735
221000,35.348
221010,42.479
221020,55.819
221030,36.502
221040,34.145
221050,56.145
221060,34.704
221070,34.001
221080,42.006
221090,33.633
221100,60.078
221110,35.665
221120,34.889
221130,37.223
221140,35.312
221150,35.803
221160,59.542
221170,36.506
221180,36.140
221190,41.187
221200,34.740
221210,37.072
221220,42.175
221230,35.922
221240,36.100
221250,47.246
221260,35.665
221270,35.847
221280,55.043
221290,35.690
221300,35.800
221310,34.215
221320,36.824
221330,49.954
221340,35.070
221350,39.482
221360,33.353
221370,36.453
221380,40.624
221390,35.293
221400,36.599
221410,52.521
221420,37.664
221430,34.932
221440,43.447
221450,33.576
221460,51.442
221470,36.247
221480,34.727
221490,57.688
221500,36.404
221510,35.944
221520,45.426
221530,35.925
221540,46.844
221550,35.295
221560,35.824
221570,47.296
221580,34.501
221590,36.112
221600,32.901
221610,51.423
221620,33.654
221630,47.827
221640,32.693
221650,35.517
221660,36.239
221670,33.214
221680,54.187
221690,35.987
221700,35.043
221710,41.881
221720,32.489
221730,36.793
221740,32.214
221750,35.893
221760,44.976
221770,33.981
221780,36.131
221790,33.648
221800,52.492
221810,36.261
221820,51.342
221830,49.135
221840,30.877
221850,33.226
221860,36.051
221870,33.957
221880,51.207
221890,36.663
221900,33.857
221910,55.065
221920,32.326
221930,33.519
221940,41.618
221950,34.678
221960,55.850
221970,36.737
221980,49.068
221990,34.332
222000,34.034
222010,42.461
222020,35.416
222030,40.639
222040,34.494
222050,32.845
222060,37.364
222070,34.333
222080,34.593
222090,36.428
222100,37.183
222110,45.113
222120,35.348
222130,50.060
222140,33.202
222150,34.367
222160,39.436
222170,53.395
222180,36.519
222190,43.800
222200,35.225
222210,33.083
222220,36.999
222230,36.068
222240,36.834
222250,46.335
222260,35.302
222270,37.633
222280,33.592
222290,50.338
222300,35.211
222310,35.954
222320,39.823
222330,34.032
222340,58.907
222350,36.141
222360,35.931
222370,51.369
222380,35.607
222390,34.611
222400,40.053
222410,35.017
222420,45.978
222430,34.899
222440,36.542
222450,42.197
222460,34.209
222470,35.593
222480,47.373
222490,35.796
222500,35.714
222510,38.589
222520,35.217
222530,39.052
222540,34.636
222550,36.517
222560,41.795
222570,35.530
222580,36.897
222590,38.636
222600,35.957
222610,37.957
222620,34.719
222630,49.932
222640,34.002
222650,35.498
222660,37.863
222670,35.657
222680,39.745
222690,32.951
222700,35.687
222710,43.428
222720,36.506
222730,50.272
222740,34.374
222750,50.500
222760,34.965
222770,34.619
222780,39.627
222790,31.984
222800,35.291
222810,37.779
222820,44.225
222830,32.342
222840,57.637
222850,34.015
222860,35.509
222870,37.634
222880,34.476
222890,44.607
222900,42.359
222910,30.877
222920,33.865
222930,49.789
222940,35.209
222950,35.625
222960,36.551
222970,54.923
222980,38.886
222990,36.258
223000,51.011
223010,38.277
223020,35.564
223030,47.637
223040,33.401
223050,34.853
223060,44.471
223070,35.660
223080,43.071
223090,33.374
223100,35.967
223110,39.171
223120,36.191
223130,51.930
223140,33.764
223150,36.774
223160,34.670
223170,35.226
223180,38.868
223190,34.920
223200,60.465
223210,35.853
223220,34.718
223230,44.641
223240,35.880
223250,35.187
223260,38.219
223270,35.974
223280,36.676
223290,40.705
223300,35.886
223310,39.650
223320,34.368
223330,47.742
223340,34.608
223350,56.722
223360,35.000
223370,50.563
223380,33.862
223390,35.906
223400,39.571
223410,33.973
223420,43.086
223430,34.819
223440,37.149
223450,42.522
223460,32.626
223470,56.066
223480,35.245
223490,40.222
223500,32.381
223510,41.433
223520,33.718
223530,44.278
223540,34.073
223550,43.491
223560,34.222
223570,38.468
223580,33.839
223590,60.186
223600,35.547
223610,35.773
223620,35.865
223630,35.595
223640,36.998
223650,34.456
223660,36.287
223670,37.742
223680,47.784
223690,36.383
223700,35.574
223710,37.644
223720,34.334
223730,37.010
223740,35.047
223750,41.482
223760,38.961
223770,33.284
223780,34.238
223790,36.685
223800,47.262
223810,48.734
223820,33.340
223830,46.878
223840,32.773
223850,55.314
223860,37.018
223870,33.764
223880,51.216
223890,35.654
223900,35.884
223910,41.522
223920,34.220
223930,49.824
223940,31.871
223950,35.615
223960,42.738
223970,32.589
223980,35.568
223990,34.049
224000,35.500
224010,38.144
224020,44.114
224030,35.720
224040,33.881
224050,54.285
224060,34.961
224070,34.785
224080,46.859
224090,35.396
224100,38.363
224110,46.895
224120,34.111
224130,34.315
224140,35.900
224150,36.594
224160,35.448
224170,59.220
224180,36.467
224190,55.559
224200,35.810
224210,35.705
224220,43.624
224230,35.155
224240,37.301
224250,57.881
224260,36.866
224270,35.418
224280,46.793
224290,33.318
224300,45.237
224310,35.245
224320,35.849
224330,48.825
224340,37.103
224350,42.494
224360,33.016
224370,36.228
224380,32.359
224390,34.950
224400,37.275
224410,36.103
224420,43.886
224430,35.950
224440,43.073
224450,35.034
224460,44.843
224470,34.123
224480,35.310
224490,41.779
224500,33.139
224510,35.112
224520,44.796
224530,34.198
224540,35.947
224550,40.616
224560,36.243
224570,58.347
224580,34.067
224590,36.157
224600,37.579
224610,50.086
224620,32.531
224630,36.610
224640,32.701
224650,41.442
224660,33.889
224670,35.372
224680,53.811
224690,37.446
224700,59.257
224710,33.857
224720,34.974
224730,50.329
224740,35.173
224750,34.986
224760,33.169
224770,35.770
224780,36.807
224790,34.903
224800,61.190
224810,35.507
224820,35.114
224830,49.270
224840,36.360
224850,35.176
224860,37.895
224870,39.341
224880,52.132
224890,34.396
224900,35.508
224910,60.353
224920,35.405
224930,36.696
224940,43.316
224950,33.845
224960,40.648
224970,33.693
224980,34.335
224990,36.699
225000,37.110
225010,36.244
225020,49.578
225030,46.186
225040,32.748
225050,35.123
225060,46.708
225070,35.677
225080,40.471
225090,33.959
225100,44.673
225110,33.144
225120,38.530
225130,30.783
225140,44.664
225150,34.743
225160,34.716
225170,39.737
225180,35.215
225190,37.045
225200,38.880
225210,40.016
225220,40.087
225230,55.138
225240,33.956
225250,33.832
225260,39.884
225270,33.514
225280,39.019
225290,34.336
225300,35.218
225310,42.488
225320,34.464
225330,48.194
225340,34.215
225350,56.028
225360,34.526
225370,35.951
225380,39.455
225390,33.982
225400,41.164
225410,33.390
225420,56.503
225430,35.547
225440,34.688
225450,35.307
225460,34.770
225470,49.854
225480,35.709
225490,36.258
225500,61.526
225510,36.287
225520,56.877
225530,37.242
225540,57.728
225550,33.344
225560,35.791
225570,40.526
225580,50.027
225590,33.593
225600,35.057
225610,38.404
225620,34.154
225630,50.848
225640,35.114
225650,59.043
225660,34.992
225670,35.185
225680,36.456
225690,44.174
225700,34.579
225710,34.618
225720,32.484
225730,46.147
225740,33.928
225750,35.995
225760,37.386
225770,45.590
225780,36.281
225790,36.568
225800,41.097
225810,35.654
225820,50.277
225830,34.687
225840,35.847
225850,42.782
225860,34.578
225870,35.010
225880,40.804
225890,34.097
225900,37.907
225910,33.879
225920,61.915
225930,35.124
225940,34.234
225950,36.860
225960,58.289
225970,36.693
225980,36.645
225990,36.810
226000,37.163
226010,33.830
226020,36.305
226030,49.957
226040,35.700
226050,35.845
226060,38.476
226070,44.611
226080,36.292
226090,38.926
226100,34.650
226110,58.486
226120,36.208
226130,35.945
226140,41.409
226150,34.533
226160,36.903
226170,37.356
226180,47.585
226190,34.782
226200,36.307
226210,51.417
226220,34.363
226230,44.647
226240,32.315
226250,35.960
226260,41.370
226270,34.218
226280,36.663
226290,38.269
226300,57.341
226310,35.306
226320,60.053
226330,35.100
226340,34.062
226350,47.703
226360,51.474
226370,35.604
226380,47.434
226390,31.854
226400,57.585
226410,35.395
226420,36.327
226430,60.136
226440,36.045
226450,36.849
226460,38.511
226470,61.314
226480,36.237
226490,35.756
226500,37.356
226510,39.152
226520,45.527
226530,34.500
226540,59.537
226550,33.180
226560,33.854
226570,35.778
226580,33.126
226590,32.922
226600,37.268
226610,33.809
226620,35.315
226630,54.236
226640,36.437
226650,34.860
226660,59.676
226670,37.427
226680,36.012
226690,37.585
226700,38.514
226710,60.193
226720,36.812
226730,36.645
226740,43.020
226750,35.231
226760,36.375
226770,59.813
226780,38.187
226790,36.064
226800,38.137
226810,48.742
226820,36.484
226830,43.448
226840,32.474
226850,41.566
226860,33.869
226870,36.044
226880,46.307
226890,33.264
226900,33.152
226910,33.460
226920,35.916
226930,36.694
226940,36.489
226950,51.096
226960,35.788
226970,35.685
226980,44.447
226990,33.281
227000,40.843
227010,33.577
227020,57.040
227030,36.169
227040,57.591
227050,34.644
227060,34.714
227070,49.532
227080,34.337
227090,43.005
227100,35.526
227110,49.501
227120,34.429
227130,35.434
227140,48.508
227150,35.976
227160,39.220
227170,34.272
227180,37.863
227190,34.219
227200,49.914
227210,35.371
227220,35.979
227230,40.631
227240,35.169
227250,36.724
227260,38.635
227270,34.625
227280,60.136
227290,36.282
227300,35.908
227310,54.155
227320,34.743
227330,48.046
227340,33.211
227350,35.729
227360,45.022
227370,34.836
227380,52.486
227390,35.267
227400,34.960
227410,58.728
227420,36.201
227430,36.404
227440,45.283
227450,36.543
227460,36.688
227470,37.831
227480,37.461
227490,40.142
227500,34.884
227510,37.071
227520,38.174
227530,56.927
227540,34.549
227550,34.236
227560,42.302
227570,35.327
227580,42.321
227590,33.300
227600,48.103
227610,33.620
227620,36.335
227630,47.107
227640,34.239
227650,41.594
227660,32.719
227670,39.139
227680,34.558
227690,36.782
227700,38.242
227710,46.081
227720,37.902
227730,36.151
227740,38.488
227750,47.470
227760,35.585
227770,40.920
227780,33.958
227790,45.885
227800,55.323
227810,33.660
227820,49.200
227830,33.619
227840,34.724
227850,51.839
227860,35.995
227870,35.165
227880,38.173
227890,33.612
227900,43.930
227910,33.291
227920,57.911
227930,35.875
227940,35.671
227950,36.779
227960,56.566
227970,37.933
227980,35.337
227990,61.167
228000,36.411
228010,35.480
228020,41.272
228030,35.188
228040,36.269
228050,44.510
228060,34.414
228070,51.581
228080,34.633
228090,52.433
228100,35.353
228110,33.138
228120,35.753
228130,39.376
228140,59.040
228150,35.185
228160,39.558
228170,31.136
228180,35.118
228190,37.127
228200,41.975
228210,34.438
228220,55.991
228230,35.345
228240,36.359
228250,38.557
228260,35.882
228270,36.112
228280,43.047
228290,34.584
228300,59.213
228310,35.620
228320,35.426
228330,54.622
228340,37.173
228350,56.445
228360,34.679
228370,35.333
228380,38.073
228390,47.158
228400,35.007
228410,36.361
228420,48.503
228430,43.859
228440,33.677
228450,34.820
228460,38.642
228470,33.679
228480,42.071
228490,34.716
228500,36.501
228510,57.013
228520,35.898
228530,36.936
228540,37.365
228550,39.809
228560,36.064
228570,56.942
228580,36.139
228590,44.540
228600,34.261
228610,46.245
228620,34.506
228630,42.601
228640,33.939
228650,35.965
228660,39.322
228670,33.809
228680,37.644
228690,34.382
228700,36.604
228710,40.795
228720,33.410
228730,63.393
228740,34.634
228750,33.980
228760,32.221
228770,55.050
228780,34.686
228790,34.919
228800,59.115
228810,36.107
228820,55.929
228830,35.270
228840,36.156
228850,32.025
228860,55.535
228870,35.802
228880,34.271
228890,44.612
228900,35.284
228910,50.904
228920,36.268
228930,34.066
228940,45.301
228950,35.417
228960,35.796
228970,45.485
228980,34.659
228990,52.760
229000,34.782
229010,34.193
229020,36.937
229030,34.704
229040,36.787
229050,36.274
229060,65.399
229070,34.589
229080,33.715
229090,35.365
229100,33.339
229110,44.141
229120,34.850
229130,43.092
229140,35.213
229150,46.610
229160,33.742
229170,56.304
229180,33.849
229190,34.414
229200,44.136
229210,37.715
229220,59.721
229230,35.883
229240,35.326
229250,36.646
229260,60.353
229270,35.665
229280,41.917
229290,32.957
229300,56.175
229310,34.322
229320,33.125
229330,45.757
229340,34.298
229350,40.432
229360,33.562
229370,35.541
229380,34.164
229390,53.611
229400,34.191
229410,55.061
229420,34.453
229430,39.946
229440,33.693
229450,35.654
229460,38.379
229470,33.679
229480,36.482
229490,33.148
229500,35.988
229510,37.970
229520,44.096
229530,36.084
229540,59.915
229550,38.359
229560,35.507
229570,38.233
229580,35.455
229590,51.420
229600,37.055
229610,34.609
229620,41.860
229630,37.374
229640,35.332
229650,38.655
229660,34.681
229670,34.147
229680,38.383
229690,39.977
229700,30.877
229710,35.023
229720,38.181
229730,46.282
229740,36.613
229750,36.384
229760,40.192
229770,35.333
229780,35.985
229790,43.439
229800,33.913
229810,58.409
229820,34.941
229830,44.957
229840,32.451
229850,55.799
229860,35.912
229870,56.523
229880,33.369
229890,35.842
229900,40.995
229910,35.396
229920,36.101
229930,60.415
229940,35.427
229950,35.330
229960,36.458
229970,32.749
229980,35.636
229990,66.711
230000,34.255
230010,30.940
230020,45.983
230030,34.816
230040,41.455
230050,34.052
230060,50.922
230070,35.005
230080,35.582
230090,43.832
230100,37.719
230110,58.692
230120,35.728
230130,34.014
230140,37.770
230150,42.562
230160,58.135
230170,34.775
230180,33.881
230190,37.961
230200,33.466
230210,37.604
230220,60.035
230230,38.761
230240,36.081
230250,47.192
230260,33.618
230270,35.623
230280,38.138
230290,34.708
230300,37.642
230310,38.964
230320,36.235
230330,37.063
230340,35.658
230350,40.375
230360,34.810
230370,36.732
230380,43.238
230390,35.111
230400,58.277
230410,36.632
230420,35.132
230430,58.857
230440,37.694
230450,36.602
230460,37.211
230470,37.545
230480,36.242
230490,44.643
230500,38.954
230510,35.090
230520,47.076
230530,35.652
230540,35.839
230550,49.754
230560,37.137
230570,35.312
230580,42.666
230590,35.627
230600,36.846
230610,38.818
230620,43.830
230630,33.172
230640,33.578
230650,41.520
230660,34.174
230670,61.040
230680,35.132
230690,59.998
230700,33.471
230710,57.191
230720,35.055
230730,41.515
230740,33.399
230750,52.416
230760,33.788
230770,33.519
230780,31.626
230790,35.624
230800,38.064
230810,49.029
230820,37.842
230830,42.422
230840,33.339
230850,34.927
230860,60.005
230870,37.098
230880,35.764
230890,53.046
230900,34.840
230910,35.595
230920,60.246
230930,36.495
230940,36.245
230950,38.219
230960,55.822
230970,34.482
230980,34.992
230990,43.386
231000,35.231
231010,61.288
231020,33.373
231030,40.220
231040,34.852
231050,44.651
231060,35.748
231070,33.955
231080,57.471
231090,35.462
231100,37.243
231110,38.508
231120,34.440
231130,42.093
231140,33.426
231150,36.056
231160,37.735
231170,39.096
231180,33.036
231190,33.517
231200,34.434
231210,43.511
231220,36.166
231230,42.175
231240,34.019
231250,35.566
231260,32.443
231270,35.027
231280,31.672
231290,36.241
231300,61.903
231310,37.155
231320,34.408
231330,46.292
231340,33.925
231350,34.075
231360,49.961
231370,35.071
231380,40.225
231390,33.795
231400,34.703
231410,59.955
231420,35.767
231430,36.339
231440,39.551
231450,33.767
231460,35.384
231470,36.998
231480,35.400
231490,37.047
231500,38.502
231510,44.669
231520,34.373
231530,36.827
231540,32.327
231550,37.149
231560,39.279
231570,41.110
231580,36.435
231590,37.624
231600,61.342
231610,36.964
231620,36.063
231630,42.760
231640,35.245
231650,36.967
231660,39.764
231670,34.568
231680,36.685
231690,34.219
231700,46.368
231710,35.920
231720,52.163
231730,33.387
231740,41.331
231750,34.126
231760,36.621
231770,38.263
231780,39.266
231790,33.673
231800,40.553
231810,54.806
231820,32.342
231830,42.736
231840,35.321
231850,36.599
231860,38.318
231870,45.599
231880,35.778
231890,36.523
231900,42.992
231910,34.134
231920,35.541
231930,36.718
231940,36.234
231950,59.583
231960,35.816
231970,38.123
231980,32.278
231990,60.784
232000,34.591
232010,35.563
232020,52.138
232030,35.418
232040,61.498
232050,34.258
232060,37.092
232070,38.078
232080,38.325
232090,35.396
232100,48.301
232110,36.579
232120,35.969
232130,41.782
232140,34.921
232150,46.831
232160,33.730
232170,33.957
232180,35.525
232190,48.237
232200,33.493
232210,47.889
232220,34.931
232230,39.937
232240,33.780
232250,36.018
232260,38.728
232270,35.432
232280,42.345
232290,33.967
232300,44.147
232310,32.909
232320,60.941
232330,35.938
232340,39.698
232350,31.716
232360,35.647
232370,32.343
232380,35.816
232390,38.515
232400,42.527
232410,34.091
232420,37.788
232430,52.764
232440,32.791
232450,34.438
232460,33.486
232470,58.019
232480,35.201
232490,41.251
232500,32.666
232510,39.132
232520,32.762
232530,36.414
232540,35.008
232550,45.334
232560,54.199
232570,32.972
232580,32.421
232590,38.239
232600,34.533
232610,39.636
232620,32.437
232630,42.773
232640,53.741
232650,33.270
232660,40.340
232670,32.900
232680,55.110
232690,35.796
232700,34.627
232710,48.596
232720,34.575
232730,39.458
232740,35.781
232750,60.072
232760,34.171
232770,51.832
232780,33.535
232790,41.897
232800,32.826
232810,34.327
232820,37.872
232830,34.836
232840,55.827
232850,36.182
232860,34.394
232870,48.733
232880,36.624
232890,36.194
232900,41.833
232910,33.756
232920,47.183
232930,37.088
232940,34.239
232950,35.704
232960,55.153
232970,36.500
232980,45.964
232990,34.283
233000,47.855
233010,33.819
233020,42.961
233030,32.969
233040,34.936
233050,34.749
233060,60.047
233070,36.780
233080,55.703
233090,32.403
233100,34.834
233110,42.900
233120,33.538
233130,42.249
233140,34.689
233150,40.514
233160,32.055
233170,34.145
233180,37.420
233190,33.671
233200,35.906
233210,48.932
233220,36.101
233230,37.486
233240,53.484
233250,33.810
233260,33.416
233270,32.698
233280,40.613
233290,33.666
233300,37.837
233310,60.913
233320,34.301
233330,36.258
233340,38.780
233350,34.359
233360,37.501
233370,34.341
233380,36.872
233390,39.751
233400,35.848
233410,42.439
233420,33.157
233430,50.100
233440,37.642
233450,35.789
233460,40.360
233470,32.897
233480,36.082
233490,34.343
233500,36.920
233510,40.906
233520,33.354
233530,42.094
233540,33.499
233550,52.783
233560,34.455
233570,50.229
233580,34.164
233590,35.890
233600,45.098
233610,36.398
233620,48.763
233630,35.067
233640,35.711
233650,38.034
233660,40.420
233670,40.318
233680,42.798
233690,34.448
233700,58.759
233710,35.312
233720,36.002
233730,43.714
233740,34.207
233750,44.345
233760,33.559
233770,33.993
233780,45.211
233790,34.587
233800,36.660
233810,39.685
233820,33.500
233830,50.986
233840,33.062
233850,35.617
233860,38.245
233870,35.681
233880,36.903
233890,62.685
233900,35.986
233910,39.305
233920,34.230
233930,36.002
233940,37.971
233950,54.993
233960,34.823
233970,33.412
233980,37.387
233990,38.414
234000,34.974
234010,48.695
234020,35.221
234030,35.843
234040,34.750
234050,52.601
234060,35.819
234070,33.362
234080,35.617
234090,55.573
234100,35.576
234110,34.700
234120,35.718
234130,41.062
234140,35.951
234150,37.700
234160,37.041
234170,38.333
234180,35.447
234190,46.877
234200,35.269
234210,35.205
234220,38.525
234230,43.226
234240,35.755
234250,37.897
234260,37.872
234270,48.241
234280,31.814
234290,45.808
234300,33.053
234310,35.217
234320,44.584
234330,34.672
234340,36.193
234350,61.105
234360,35.288
234370,36.108
234380,52.292
234390,37.328
234400,36.835
234410,40.329
234420,34.382
234430,41.295
234440,33.394
234450,34.147
234460,33.348
234470,35.990
234480,38.268
234490,43.682
234500,32.327
234510,35.790
234520,38.006
234530,37.849
234540,31.994
234550,34.791
234560,37.462
234570,45.001
234580,35.902
234590,34.910
234600,52.183
234610,35.457
234620,37.405
234630,42.159
234640,35.684
234650,36.747
234660,59.001
234670,36.272
234680,37.741
234690,36.890
234700,36.461
234710,55.616
234720,35.988
234730,34.770
234740,43.051
234750,31.938
234760,45.818
234770,33.521
234780,35.644
234790,38.285
234800,35.055
234810,47.410
234820,34.094
234830,41.368
234840,33.501
234850,49.859
234860,34.269
234870,35.613
234880,46.324
234890,32.711
234900,51.974
234910,33.305
234920,34.952
234930,40.675
234940,48.283
234950,33.103
234960,35.221
234970,58.464
234980,34.914
234990,39.730
235000,33.107
235010,39.282
235020,34.273
235030,41.923
235040,48.167
235050,33.660
235060,33.882
235070,36.027
235080,40.319
235090,35.273
235100,37.040
235110,42.537
235120,35.614
235130,42.581
235140,33.440
235150,34.918
235160,43.200
235170,33.668
235180,36.541
235190,38.161
235200,40.596
235210,36.249
235220,38.113
235230,41.536
235240,34.453
235250,35.281
235260,37.427
235270,34.406
235280,40.728
235290,36.874
235300,37.596
235310,41.945
235320,35.685
235330,41.512
235340,33.761
235350,35.824
235360,56.839
235370,36.041
235380,35.467
235390,36.574
235400,45.385
235410,36.279
235420,36.287
235430,46.475
235440,36.613
235450,57.880
235460,36.181
235470,36.054
235480,38.348
235490,49.094
235500,35.933
235510,35.633
235520,43.916
235530,34.770
235540,36.422
235550,38.932
235560,33.806
235570,35.566
235580,39.816
235590,41.129
235600,35.516
235610,42.401
235620,33.022
235630,34.869
235640,37.660
235650,35.830
235660,37.994
235670,40.284
235680,35.615
235690,57.705
235700,35.746
235710,34.551
235720,37.803
235730,41.920
235740,37.295
235750,34.250
235760,40.791
235770,34.408
235780,41.718
235790,37.115
235800,57.955
235810,33.833
235820,34.995
235830,52.304
235840,33.155
235850,35.839
235860,54.903
235870,36.145
235880,35.703
235890,37.488
235900,34.076
235910,34.808
235920,42.899
235930,33.253
235940,56.385
235950,34.743
235960,53.818
235970,34.164
235980,35.228
235990,32.878
236000,36.252
236010,45.992
236020,36.454
236030,41.745
236040,35.064
236050,38.701
236060,33.485
236070,35.086
236080,35.889
236090,37.798
236100,55.639
236110,36.267
236120,35.852
236130,56.299
236140,34.375
236150,47.065
236160,36.297
236170,55.570
236180,34.285
236190,34.681
236200,36.257
236210,47.588
236220,35.269
236230,37.294
236240,48.092
236250,36.461
236260,59.142
236270,35.490
236280,34.889
236290,37.311
236300,54.052
236310,36.418
236320,41.588
236330,35.559
236340,34.739
236350,42.485
236360,33.276
236370,37.314
236380,32.570
236390,35.911
236400,51.467
236410,34.311
236420,58.036
236430,36.251
236440,35.001
236450,37.291
236460,34.569
236470,36.341
236480,37.896
236490,40.421
236500,36.434
236510,45.661
236520,32.913
236530,38.373
236540,33.692
236550,35.510
236560,38.927
236570,56.110
236580,33.448
236590,34.410
236600,35.957
236610,37.650
236620,34.272
236630,41.726
236640,34.579
236650,37.371
236660,32.835
236670,41.380
236680,34.013
236690,51.323
236700,34.603
236710,33.927
236720,37.890
236730,42.125
236740,35.188
236750,58.999
236760,35.858
236770,36.370
236780,35.955
236790,34.424
236800,37.711
236810,34.740
236820,37.465
236830,34.582
236840,55.152
236850,35.314
236860,36.428
236870,59.195
236880,35.041
236890,35.980
236900,39.855
236910,34.253
236920,35.441
236930,35.781
236940,34.709
236950,37.067
236960,44.994
236970,34.685
236980,49.047
236990,33.872
237000,58.052
237010,34.040
237020,36.371
237030,38.917
237040,32.717
237050,36.134
237060,52.090
237070,36.115
237080,38.231
237090,34.863
237100,47.824
237110,31.826
237120,47.619
237130,35.083
237140,34.490
237150,41.870
237160,33.726
237170,34.733
237180,36.942
237190,38.306
237200,35.345
237210,54.207
237220,34.877
237230,37.387
237240,31.325
237250,37.985
237260,33.623
237270,43.912
237280,34.217
237290,56.997
237300,33.589
237310,59.437
237320,34.306
237330,57.820
237340,35.115
237350,34.885
237360,37.300
237370,38.220
237380,35.225
237390,39.111
237400,33.748
237410,55.635
237420,35.727
237430,39.058
237440,32.765
237450,36.488
237460,37.997
237470,50.574
237480,34.653
237490,36.416
237500,60.186
237510,35.488
237520,36.052
237530,54.787
237540,36.426
237550,35.171
237560,45.931
237570,33.796
237580,36.477
237590,61.066
237600,36.569
237610,35.033
237620,48.310
237630,35.299
237640,36.392
237650,37.021
237660,43.529
237670,59.019
237680,32.404
237690,52.951
237700,34.042
237710,35.695
237720,46.069
237730,34.575
237740,36.984
237750,48.000
237760,34.284
237770,45.662
237780,33.696
237790,39.611
237800,33.448
237810,35.963
237820,47.944
237830,35.861
237840,34.928
237850,42.524
237860,35.093
237870,35.706
237880,37.971
237890,41.232
237900,34.012
237910,35.278
237920,43.457
237930,36.353
237940,37.310
237950,50.970
237960,31.280
237970,33.580
237980,43.000
237990,33.296
238000,35.283
238010,50.099
238020,35.156
238030,37.202
238040,52.314
238050,32.783
238060,33.467
238070,46.828
238080,34.679
238090,35.182
238100,39.557
238110,35.539
238120,40.678
238130,33.840
238140,57.251
238150,36.108
238160,33.654
238170,36.845
238180,33.340
238190,37.300
238200,33.956
238210,36.406
238220,38.526
238230,36.368
238240,36.718
238250,34.653
238260,36.179
238270,43.510
238280,50.425
238290,32.947
238300,34.074
238310,37.258
238320,37.786
238330,36.835
238340,35.331
238350,30.508
238360,33.797
238370,55.309
238380,34.847
238390,35.017
238400,41.312
238410,35.638
238420,35.659
238430,42.250
238440,54.329
238450,32.591
238460,34.131
238470,37.114
238480,36.955
238490,35.142
238500,38.265
238510,45.417
238520,56.565
238530,32.858
238540,35.037
238550,36.714
238560,47.691
238570,35.785
238580,37.181
238590,35.142
238600,58.831
238610,36.514
238620,44.049
238630,34.148
238640,55.215
238650,35.677
238660,35.350
238670,37.527
238680,35.430
238690,45.429
238700,34.848
238710,44.590
238720,33.112
238730,40.112
238740,32.116
238750,44.057
238760,34.512
238770,38.778
238780,34.293
238790,44.019
238800,33.714
238810,35.307
238820,37.071
238830,39.464
238840,35.217
238850,36.785
238860,39.326
238870,57.639
238880,37.670
238890,36.218
238900,59.426
238910,33.908
238920,54.635
238930,34.649
238940,36.838
238950,47.059
238960,36.557
238970,45.651
238980,33.452
238990,34.774
239000,36.387
239010,40.906
239020,52.779
239030,34.897
239040,33.076
239050,36.532
239060,51.144
239070,33.596
239080,56.023
239090,34.566
239100,38.414
239110,33.619
239120,38.243
239130,33.978
239140,36.067
239150,50.152
239160,36.573
239170,34.766
239180,43.750
239190,35.062
239200,41.039
239210,34.674
239220,35.720
239230,39.111
239240,34.462
239250,47.888
239260,33.389
239270,54.788
239280,32.316
239290,49.817
239300,34.497
239310,32.674
239320,37.195
239330,40.861
239340,35.363
239350,56.898
239360,35.654
239370,35.444
239380,42.574
239390,33.084
239400,36.039
239410,36.879
239420,56.189
239430,34.939
239440,34.271
239450,37.154
239460,39.724
239470,35.435
239480,37.271
239490,38.792
239500,44.366
239510,35.420
239520,36.206
239530,33.548
239540,37.462
239550,34.377
239560,35.705
239570,40.969
239580,35.117
239590,36.015
239600,54.673
239610,34.180
239620,35.034
239630,38.551
239640,33.827
239650,35.903
239660,36.766
239670,37.507
239680,34.253
239690,35.023
239700,32.912
239710,35.526
239720,35.128
239730,51.691
239740,36.292
239750,34.714
239760,35.820
239770,34.937
239780,50.795
239790,32.695
239800,34.797
239810,37.872
239820,47.789
239830,36.332
239840,34.835
239850,47.127
239860,33.814
239870,51.518
239880,33.943
239890,43.593
239900,32.504
239910,57.080
239920,35.751
239930,34.759
239940,35.741
239950,34.871
239960,60.153
239970,33.737
239980,34.154
239990,38.039
240000,33.715
240010,37.753
240020,33.998
240030,59.225
240040,34.652
240050,48.086
240060,35.257
240070,59.162
240080,34.748
240090,35.289
240100,37.687
240110,52.791
240120,35.207
240130,35.713
240140,41.290
240150,35.527
240160,36.494
240170,47.816
240180,34.669
240190,46.363
240200,43.134
240210,34.967
240220,33.113
240230,41.303
240240,34.103
240250,35.253
240260,34.734
240270,36.642
240280,40.003
240290,34.743
240300,39.458
240310,33.146
240320,45.310
240330,34.247
240340,55.587
240350,36.964
240360,38.789
240370,31.407
240380,34.125
240390,38.071
240400,48.762
240410,36.795
240420,45.883
240430,33.736
240440,41.509
240450,32.552
240460,58.466
240470,34.790
240480,33.671
240490,61.563
240500,35.301
240510,35.193
240520,45.965
240530,34.565
240540,36.139
240550,42.398
240560,34.739
240570,35.446
240580,37.347
240590,35.919
240600,35.849
240610,38.095
240620,38.172
240630,40.625
240640,35.552
240650,35.298
240660,34.913
240670,37.093
240680,34.404
240690,59.962
240700,33.690
240710,33.629
240720,35.577
240730,56.781
240740,36.072
240750,34.998
240760,41.260
240770,35.280
240780,52.354
240790,35.064
240800,34.775
240810,38.167
240820,33.983
240830,36.564
240840,33.387
240850,55.939
240860,34.673
240870,35.982
240880,37.419
240890,54.171
240900,36.254
240910,37.832
240920,37.407
240930,38.322
240940,34.588
240950,38.299
240960,39.997
240970,35.215
240980,35.555
240990,61.758
241000,35.958
241010,55.286
241020,34.981
241030,35.382
241040,36.871
241050,38.426
241060,57.792
241070,38.162
241080,36.890
241090,37.436
241100,49.148
241110,37.215
241120,35.165
241130,61.182
241140,33.813
241150,34.830
241160,32.608
241170,35.844
241180,60.246
241190,36.370
241200,35.548
241210,59.545
241220,36.470
241230,36.111
241240,38.366
241250,34.121
241260,35.810
241270,54.720
241280,35.590
241290,35.577
241300,48.638
241310,36.673
241320,42.270
241330,34.770
241340,35.802
241350,39.108
241360,33.923
241370,37.629
241380,38.602
241390,38.520
241400,36.108
241410,39.540
241420,35.652
241430,36.714
241440,33.348
241450,35.854
241460,42.056
241470,32.757
241480,34.843
241490,51.967
241500,33.568
241510,37.892
241520,33.962
241530,39.215
241540,34.257
241550,45.170
241560,33.585
241570,43.928
241580,31.247
241590,50.074
241600,36.076
241610,34.938
241620,52.144
241630,34.402
241640,36.365
241650,54.543
241660,34.494
241670,38.135
241680,32.839
241690,50.872
241700,34.678
241710,36.642
241720,41.148
241730,36.134
241740,36.600
241750,60.312
241760,35.472
241770,35.674
241780,36.691
241790,39.397
241800,36.655
241810,50.130
241820,34.174
241830,35.765
241840,35.260
241850,44.706
241860,32.689
241870,34.283
241880,37.831
241890,44.195
241900,37.608
241910,58.912
241920,34.372
241930,33.495
241940,36.278
241950,40.258
241960,36.763
241970,36.282
241980,40.979
241990,36.077
242000,37.341
242010,43.161
242020,55.987
242030,34.140
242040,34.781
242050,37.052
242060,43.865
242070,34.404
242080,38.511
242090,34.012
242100,35.990
242110,47.816
242120,34.323
242130,37.183
242140,44.668
242150,35.237
242160,34.900
242170,37.081
242180,39.261
242190,35.801
242200,56.181
242210,35.723
242220,36.007
242230,37.670
242240,32.632
242250,36.202
242260,50.105
242270,35.943
242280,37.346
242290,45.120
242300,34.098
242310,37.176
242320,39.349
242330,36.521
242340,36.925
242350,37.077
242360,38.386
242370,46.680
242380,36.984
242390,52.405
242400,36.124
242410,50.307
242420,34.619
242430,35.299
242440,36.622
242450,38.200
242460,55.333
242470,35.426
242480,36.658
242490,40.122
242500,49.990
242510,33.627
242520,32.988
242530,38.286
242540,35.663
242550,37.812
242560,34.366
242570,44.535
242580,35.252
242590,35.231
242600,54.650
242610,36.005
242620,35.859
242630,39.105
242640,35.333
242650,38.831
242660,34.402
242670,59.374
242680,34.925
242690,35.097
242700,55.321
242710,34.316
242720,38.801
242730,34.736
242740,35.838
242750,37.470
242760,33.136
242770,44.062
242780,35.995
242790,35.591
242800,37.893
242810,34.596
242820,36.653
242830,38.337
242840,32.129
242850,35.449
242860,40.501
242870,34.114
242880,36.974
242890,37.592
242900,57.193
242910,34.416
242920,33.587
242930,36.557
242940,32.984
242950,59.103
242960,35.973
242970,34.777
242980,39.529
242990,56.073
243000,33.447
243010,34.047
243020,49.513
243030,36.003
243040,36.900
243050,38.731
243060,39.713
243070,33.193
243080,36.803
243090,64.265
243100,36.624
243110,34.320
243120,35.511
243130,34.394
243140,49.056
243150,33.933
243160,40.911
243170,33.335
243180,34.872
243190,39.336
243200,33.892
243210,44.672
243220,34.408
243230,37.022
243240,39.444
243250,48.174
243260,35.830
243270,35.882
243280,37.458
243290,63.903
243300,35.764
243310,35.678
243320,44.582
243330,35.401
243340,36.467
243350,36.058
243360,35.280
243370,38.000
243380,38.539
243390,34.490
243400,35.943
243410,38.365
243420,35.541
243430,37.876
243440,40.410
243450,35.236
243460,47.048
243470,43.817
243480,30.215
243490,33.829
243500,43.973
243510,34.039
243520,35.342
243530,37.174
243540,34.566
243550,51.402
243560,35.387
243570,35.968
243580,37.545
243590,38.594
243600,42.104
243610,36.688
243620,37.057
243630,38.444
243640,34.188
243650,43.247
243660,34.009
243670,34.819
243680,33.250
243690,42.554
243700,35.852
243710,36.913
243720,37.074
243730,38.493
243740,35.434
243750,37.985
243760,36.032
243770,32.609
243780,38.479
243790,38.881
243800,35.363
243810,57.184
243820,35.858
243830,34.615
243840,31.953
243850,38.083
243860,33.032
243870,35.402
243880,40.936
243890,34.836
243900,43.226
243910,35.465
243920,34.756
243930,37.144
243940,35.167
243950,43.356
243960,35.204
243970,48.234
243980,34.317
243990,56.467
244000,34.385
244010,34.787
244020,52.300
244030,35.023
244040,36.344
244050,55.908
244060,52.832
244070,33.897
244080,33.200
244090,41.069
244100,32.995
244110,49.640
244120,33.991
244130,34.697
244140,37.518
244150,48.891
244160,35.606
244170,36.118
244180,38.939
244190,52.041
244200,35.993
244210,41.332
244220,33.937
244230,44.110
244240,35.247
244250,36.479
244260,36.918
244270,45.984
244280,35.577
244290,38.111
244300,34.010
244310,57.662
244320,34.907
244330,35.575
244340,38.146
244350,34.235
244360,36.755
244370,32.625
244380,38.477
244390,34.774
244400,35.130
244410,38.099
244420,66.464
244430,35.909
244440,35.611
244450,35.990
244460,34.535
244470,36.586
244480,39.080
244490,39.566
244500,38.968
244510,38.432
244520,35.652
244530,36.399
244540,35.535
244550,49.447
244560,34.789
244570,36.169
244580,32.088
244590,35.637
244600,33.671
244610,45.269
244620,34.078
244630,36.569
244640,43.313
244650,32.045
244660,34.976
244670,37.013
244680,41.040
244690,33.278
244700,35.773
244710,39.233
244720,35.145
244730,53.692
244740,36.146
244750,35.399
244760,60.488
244770,34.806
244780,34.797
244790,37.825
244800,53.600
244810,36.365
244820,56.972
244830,34.949
244840,55.280
244850,35.207
244860,35.446
244870,36.101
244880,35.251
244890,63.341
244900,35.086
244910,40.894
244920,35.490
244930,43.647
244940,31.376
244950,34.802
244960,58.251
244970,34.874
244980,36.368
244990,39.504
245000,35.023
245010,58.851
245020,33.194
245030,33.595
245040,61.287
245050,35.620
245060,35.443
245070,43.187
245080,56.857
245090,32.101
245100,33.397
245110,51.138
245120,33.301
245130,35.582
245140,33.448
245150,37.401
245160,38.411
245170,45.002
245180,34.835
245190,39.402
245200,37.161
245210,35.034
245220,38.710
245230,48.777
245240,31.109
245250,34.370
245260,38.227
245270,43.778
245280,34.978
245290,37.510
245300,34.224
245310,36.283
245320,47.470
245330,35.634
245340,53.393
245350,34.372
245360,34.331
245370,42.643
245380,32.227
245390,35.771
245400,48.397
245410,34.554
245420,35.926
245430,55.754
245440,35.205
245450,37.382
245460,31.763
245470,35.642
245480,35.187
245490,37.132
245500,55.929
245510,34.754
245520,35.632
245530,37.169
245540,35.028
245550,36.867
245560,38.836
245570,35.241
245580,36.921
245590,49.203
245600,33.068
245610,36.877
245620,42.470
245630,35.951
245640,40.942
245650,34.022
245660,43.689
245670,35.286
245680,36.330
245690,37.140
245700,37.505
245710,33.880
245720,36.329
245730,33.980
245740,42.771
245750,36.330
245760,33.963
245770,35.559
245780,35.123
245790,47.551
245800,34.386
245810,38.270
245820,35.078
245830,35.243
245840,34.123
245850,36.458
245860,46.367
245870,35.951
245880,37.650
245890,38.409
245900,34.193
245910,47.254
245920,36.147
245930,57.388
245940,34.191
245950,34.658
245960,56.426
245970,36.441
245980,35.503
245990,37.368
246000,35.410
246010,45.409
246020,35.804
246030,41.347
246040,33.628
246050,43.080
246060,34.486
246070,36.646
246080,55.138
246090,35.157
246100,56.272
246110,35.282
246120,35.503
246130,44.699
246140,34.806
246150,35.506
246160,52.193
246170,35.755
246180,35.662
246190,37.482
246200,35.394
246210,37.674
246220,42.170
246230,35.481
246240,48.260
246250,35.539
246260,34.792
246270,42.533
246280,34.971
246290,37.554
246300,32.830
246310,57.370
246320,35.650
246330,58.177
246340,35.617
246350,34.581
246360,39.621
246370,34.037
246380,34.698
246390,36.554
246400,34.688
246410,36.479
246420,38.081
246430,56.056
246440,36.202
246450,36.666
246460,53.718
246470,35.160
246480,37.426
246490,37.700
246500,35.277
246510,37.461
246520,56.090
246530,37.228
246540,36.044
246550,50.820
246560,34.446
246570,57.580
246580,34.037
246590,55.184
246600,33.858
246610,53.854
246620,33.681
246630,33.291
246640,36.507
246650,40.167
246660,35.135
246670,37.095
246680,58.642
246690,37.824
246700,35.725
246710,57.309
246720,38.624
246730,35.904
246740,37.293
246750,42.875
246760,35.611
246770,57.735
246780,34.636
246790,34.971
246800,37.606
246810,40.216
246820,34.779
246830,36.582
246840,34.187
246850,42.689
246860,35.590
246870,36.268
246880,41.471
246890,35.248
246900,37.408
246910,58.837
246920,35.971
246930,36.251
246940,59.689
246950,35.660
246960,34.891
246970,37.620
246980,39.884
246990,60.112
247000,37.756
247010,36.007
247020,42.355
247030,35.757
247040,36.691
247050,37.711
247060,39.651
247070,47.427
247080,35.751
247090,36.717
247100,38.008
247110,37.432
247120,35.418
247130,35.449
247140,33.581
247150,35.607
247160,39.719
247170,47.093
247180,33.250
247190,33.621
247200,35.254
247210,35.275
247220,36.771
247230,37.410
247240,63.681
247250,37.101
247260,42.216
247270,33.959
247280,37.800
247290,32.795
247300,59.091
247310,35.269
247320,44.623
247330,33.533
247340,33.985
247350,40.597
247360,38.338
247370,35.164
247380,40.313
247390,34.474
247400,48.153
247410,33.610
247420,34.083
247430,36.329
247440,35.151
247450,37.352
247460,43.814
247470,34.112
247480,36.347
247490,37.257
247500,34.742
247510,37.701
247520,49.693
247530,34.143
247540,34.687
247550,34.199
247560,55.256
247570,35.875
247580,35.919
247590,37.698
247600,49.596
247610,34.337
247620,41.716
247630,47.648
247640,31.908
247650,34.805
247660,56.303
247670,36.869
247680,36.427
247690,54.054
247700,35.716
247710,34.748
247720,36.507
247730,65.617
247740,36.969
247750,56.170
247760,34.580
247770,35.841
247780,37.993
247790,36.539
247800,38.998
247810,32.556
247820,34.996
247830,37.585
247840,50.334
247850,35.519
247860,34.542
247870,59.330
247880,36.492
247890,54.127
247900,33.501
247910,34.872
247920,36.591
247930,35.780
247940,56.491
247950,36.053
247960,36.101
247970,46.265
247980,35.055
247990,36.116
248000,42.081
248010,34.787
248020,39.645
248030,36.569
248040,34.615
248050,36.836
248060,37.095
248070,34.329
248080,44.224
248090,34.288
248100,35.782
248110,61.339
248120,34.681
248130,34.143
248140,53.934
248150,35.570
248160,37.174
248170,33.197
248180,58.651
248190,34.309
248200,34.013
248210,37.037
248220,42.554
248230,36.786
248240,38.996
248250,34.135
248260,36.219
248270,41.038
248280,32.368
248290,43.832
248300,36.166
248310,39.876
248320,34.521
248330,35.455
248340,49.635
248350,34.483
248360,56.165
248370,34.265
248380,34.435
248390,37.656
248400,39.470
248410,36.367
248420,63.168
248430,32.612
248440,32.174
248450,47.567
248460,34.434
248470,35.312
248480,45.610
248490,34.121
248500,40.192
248510,34.263
248520,36.801
248530,42.576
248540,35.901
248550,56.782
248560,35.355
248570,37.076
248580,33.679
248590,52.442
248600,34.464
248610,34.722
248620,51.814
248630,35.819
248640,50.963
248650,34.090
248660,34.602
248670,40.507
248680,35.181
248690,51.888
248700,35.257
248710,35.781
248720,38.952
248730,40.441
248740,36.745
248750,46.795
248760,35.919
248770,34.076
248780,36.326
248790,51.631
248800,35.555
248810,37.058
248820,41.874
248830,35.405
248840,45.796
248850,34.241
248860,35.322
248870,36.373
248880,33.316
248890,36.369
248900,39.271
248910,34.410
248920,41.860
248930,37.233
248940,35.844
248950,42.027
248960,51.048
248970,31.705
248980,34.576
248990,43.641
249000,36.048
249010,36.848
249020,38.070
249030,35.667
249040,60.580
249050,35.819
249060,35.203
249070,40.610
249080,34.276
249090,38.715
249100,35.058
249110,36.485
249120,47.589
249130,37.076
249140,36.552
249150,37.199
249160,33.355
249170,52.028
249180,34.442
249190,35.980
249200,40.994
249210,34.853
249220,36.531
249230,55.773
249240,36.416
249250,34.427
249260,37.712
249270,33.966
249280,42.953
249290,33.771
249300,47.479
249310,34.959
249320,45.158
249330,36.283
249340,34.237
249350,36.577
249360,55.271
249370,32.627
249380,57.427
249390,35.068
249400,35.533
249410,41.732
249420,35.084
249430,47.704
249440,34.341
249450,34.953
249460,41.860
249470,34.178
249480,46.666
249490,33.926
249500,43.956
249510,32.967
249520,35.432
249530,62.232
249540,36.978
249550,53.558
249560,35.613
249570,52.076
249580,34.287
249590,34.326
249600,45.205
249610,37.260
249620,35.964
249630,38.788
249640,34.869
249650,49.776
249660,34.175
249670,56.869
249680,33.320
249690,34.789
249700,36.645
249710,46.867
249720,36.707
249730,38.512
249740,37.873
249750,54.897
249760,39.495
249770,35.036
249780,54.414
249790,34.488
249800,35.746
249810,33.052
249820,50.561
249830,34.287
249840,55.690
249850,35.174
249860,33.760
249870,48.184
249880,36.159
249890,36.666
249900,50.027
249910,34.599
249920,44.717
249930,36.567
249940,35.259
249950,36.589
249960,40.542
249970,35.382
249980,57.134
249990,36.431
250000,34.055
250010,45.807
250020,50.683
250030,33.232
250040,34.685
250050,41.514
250060,34.963
250070,36.231
250080,55.579
250090,32.068
250100,46.384
250110,32.906
250120,55.811
250130,33.988
250140,46.892
250150,33.672
250160,35.492
250170,37.372
250180,44.521
250190,36.270
250200,36.433
250210,38.060
250220,46.509
250230,35.948
250240,37.720
250250,45.674
250260,36.277
250270,36.809
250280,58.645
250290,36.994
250300,35.028
250310,53.690
250320,52.009
250330,33.687
250340,47.926
250350,32.499
250360,34.864
250370,60.286
250380,34.598
250390,41.517
250400,44.821
250410,32.921
250420,51.852
250430,35.333
250440,33.410
250450,40.178
250460,34.553
250470,37.225
250480,51.055
250490,34.682
250500,57.528
250510,36.211
250520,35.214
250530,35.653
250540,35.826
250550,47.134
250560,34.624
250570,36.414
250580,41.195
250590,34.206
250600,36.986
250610,33.511
250620,40.279
250630,34.220
250640,40.458
250650,33.106
250660,57.700
250670,35.816
250680,34.015
250690,36.958
250700,42.559
250710,33.024
250720,35.973
250730,48.309
250740,35.418
250750,35.423
250760,38.212
250770,33.870
250780,56.780
250790,37.134
250800,34.974
250810,36.787
250820,40.332
250830,34.219
250840,58.692
250850,37.737
250860,57.000
250870,34.047
250880,33.112
250890,60.623
250900,36.041
250910,34.076
250920,54.032
250930,34.778
250940,52.915
250950,33.682
250960,34.773
250970,36.536
250980,58.293
250990,36.284
251000,49.848
251010,34.662
251020,55.432
251030,35.872
251040,34.083
251050,35.371
251060,35.593
251070,35.139
251080,61.800
251090,37.254
251100,34.419
251110,57.969
251120,37.404
251130,45.236
251140,33.304
251150,54.020
251160,35.547
251170,35.519
251180,35.776
251190,49.517
251200,35.783
251210,57.097
251220,37.097
251230,44.470
251240,34.558
251250,52.074
251260,34.188
251270,34.921
251280,36.923
251290,35.717
251300,35.817
251310,38.551
251320,45.943
251330,34.673
251340,34.774
251350,54.794
251360,35.762
251370,34.245
251380,37.159
251390,35.809
251400,44.574
251410,36.410
251420,53.804
251430,36.528
251440,33.325
251450,39.458
251460,34.693
251470,34.952
251480,61.406
251490,33.995
251500,58.126
251510,33.901
251520,52.425
251530,34.532
251540,34.901
251550,36.839
251560,40.287
251570,35.674
251580,36.188
251590,63.996
251600,36.408
251610,34.775
251620,63.428
251630,35.173
251640,35.996
251650,51.871
251660,35.867
251670,34.155
251680,54.916
251690,37.140
251700,34.624
251710,38.165
251720,55.807
251730,36.657
251740,35.660
251750,37.225
251760,38.763
251770,59.589
251780,35.925
251790,35.186
251800,38.060
251810,33.311
251820,53.482
251830,36.055
251840,36.107
251850,39.551
251860,33.621
251870,36.669
251880,53.325
251890,31.882
251900,53.020
251910,34.201
251920,55.170
251930,34.896
251940,35.404
251950,37.146
251960,50.420
251970,36.328
251980,35.167
251990,56.172
252000,38.072
252010,34.789
252020,53.451
252030,38.412
252040,36.405
252050,36.211
252060,41.294
252070,34.474
252080,36.511
252090,37.844
252100,39.569
252110,34.836
252120,53.872
252130,35.671
252140,35.939
252150,41.156
252160,34.858
252170,50.368
252180,34.187
252190,48.189
252200,35.939
252210,35.609
252220,37.522
252230,38.374
252240,35.418
252250,59.775
252260,35.294
252270,34.092
252280,36.988
252290,53.417
252300,35.022
252310,35.865
252320,47.515
252330,33.821
252340,39.456
252350,34.528
252360,58.520
252370,34.803
252380,34.568
252390,43.327
252400,34.331
252410,35.352
252420,58.035
252430,36.068
252440,52.990
252450,35.361
252460,36.811
252470,37.068
252480,58.156
252490,37.178
252500,53.783
252510,37.476
252520,35.114
252530,54.069
252540,34.172
252550,34.993
252560,37.850
252570,38.670
252580,48.137
252590,34.667
252600,36.809
252610,53.296
252620,52.597
252630,34.569
252640,47.707
252650,33.327
252660,34.306
252670,37.098
252680,42.616
252690,34.886
252700,36.706
252710,59.286
252720,36.535
252730,36.118
252740,42.187
252750,35.386
252760,43.932
252770,34.372
252780,44.435
252790,32.909
252800,35.116
252810,44.499
252820,37.230
252830,35.647
252840,42.558
252850,33.398
252860,56.785
252870,35.717
252880,34.276
252890,45.248
252900,36.893
252910,50.539
252920,34.604
252930,33.094
252940,35.527
252950,52.977
252960,34.930
252970,35.504
252980,49.019
252990,36.034
253000,44.328
253010,31.586
253020,34.833
253030,49.041
253040,32.924
253050,31.323
253060,57.099
253070,36.613
253080,37.353
253090,32.916
253100,35.381
253110,37.581
253120,56.349
253130,34.283
253140,34.194
253150,52.294
253160,35.756
253170,55.320
253180,37.104
253190,35.134
253200,36.283
253210,37.079
253220,37.219
253230,36.297
253240,43.395
253250,35.471
253260,35.956
253270,42.327
253280,32.807
253290,55.086
253300,34.508
253310,35.444
253320,55.179
253330,35.643
253340,49.460
253350,33.443
253360,34.559
253370,42.389
253380,34.055
253390,40.530
253400,31.990
253410,35.485
253420,46.852
253430,34.594
253440,36.417
253450,58.225
253460,35.949
253470,36.201
253480,58.387
253490,36.321
253500,34.655
253510,37.111
253520,34.345
253530,36.062
253540,35.396
253550,38.925
253560,40.593
253570,33.633
253580,34.122
253590,36.086
253600,37.894
253610,35.545
253620,37.653
253630,54.035
253640,35.029
253650,38.333
253660,34.350
253670,35.671
253680,36.128
253690,34.803
253700,58.381
253710,35.587
253720,56.942
253730,36.035
253740,44.250
253750,35.758
253760,48.357
253770,34.667
253780,34.173
253790,42.165
253800,32.708
253810,34.594
253820,34.250
253830,35.648
253840,41.667
253850,35.939
253860,57.154
253870,33.599
253880,35.744
253890,35.456
253900,38.147
253910,48.068
253920,34.067
253930,53.129
253940,33.714
253950,34.525
253960,59.275
253970,37.132
253980,39.100
253990,31.575
254000,55.420
254010,35.195
254020,63.135
254030,33.891
254040,35.204
254050,40.024
254060,46.972
254070,33.072
254080,34.712
254090,36.841
254100,39.204
254110,43.984
254120,59.116
254130,34.231
254140,33.382
254150,43.600
254160,35.158
254170,49.720
254180,34.355
254190,35.157
254200,37.450
254210,38.373
254220,56.403
254230,35.582
254240,35.239
254250,57.979
254260,36.401
254270,53.276
254280,34.564
254290,50.158
254300,33.194
254310,44.016
254320,37.981
254330,35.674
254340,36.705
254350,39.907
254360,34.662
254370,55.282
254380,35.166
254390,58.953
254400,33.562
254410,35.971
254420,45.282
254430,34.413
254440,35.338
254450,49.246
254460,35.323
254470,40.238
254480,33.978
254490,36.960
254500,40.411
254510,52.367
254520,34.285
254530,32.626
254540,39.632
254550,33.795
254560,35.769
254570,37.468
254580,35.288
254590,36.259
254600,40.792
254610,35.345
254620,63.846
254630,36.287
254640,34.195
254650,39.033
254660,36.953
254670,31.626
254680,33.332
254690,44.540
254700,32.823
254710,35.159
254720,65.852
254730,35.295
254740,40.914
254750,33.865
254760,34.612
254770,36.904
254780,51.439
254790,34.182
254800,35.525
254810,36.250
254820,60.356
254830,38.236
254840,35.523
254850,36.043
254860,36.122
254870,35.637
254880,37.016
254890,34.782
254900,36.421
254910,38.698
254920,41.658
254930,33.901
254940,46.081
254950,36.555
254960,40.687
254970,34.795
254980,53.530
254990,34.195
255000,36.328
255010,41.019
255020,57.363
255030,32.176
255040,33.700
255050,48.919
255060,34.092
255070,36.404
255080,34.587
255090,36.063
255100,37.587
255110,46.835
255120,36.892
255130,37.052
255140,38.196
255150,39.872
255160,35.842
255170,41.570
255180,34.397
255190,46.026
255200,33.407
255210,35.795
255220,53.982
255230,35.319
255240,38.595
255250,32.734
255260,36.627
255270,44.320
255280,34.654
255290,57.757
255300,36.805
255310,45.112
255320,34.537
255330,36.530
255340,45.135
255350,37.858
255360,34.670
255370,43.496
255380,35.038
255390,36.514
255400,37.696
255410,45.204
255420,59.155
255430,34.644
255440,44.134
255450,32.010
255460,36.862
255470,33.734
255480,41.872
255490,33.487
255500,35.812
255510,41.664
255520,35.339
255530,59.803
255540,35.604
255550,35.938
255560,36.142
255570,38.461
255580,41.172
255590,51.541
255600,57.088
255610,34.194
255620,59.327
255630,31.745
255640,32.759
255650,34.810
255660,40.925
255670,34.943
255680,37.196
255690,33.569
255700,36.048
255710,33.643
255720,60.189
255730,37.506
255740,34.547
255750,48.232
255760,34.878
255770,35.782
255780,64.080
255790,36.110
255800,35.071
255810,37.605
255820,46.354
255830,49.551
255840,32.402
255850,33.580
255860,37.928
255870,37.911
255880,34.096
255890,34.330
255900,37.626
255910,42.239
255920,34.849
255930,38.156
255940,35.989
255950,36.450
255960,37.211
255970,34.319
255980,34.849
255990,35.072
256000,60.789
256010,36.139
256020,36.431
256030,62.237
256040,35.242
256050,35.379
256060,37.375
256070,43.755
256080,35.290
256090,35.750
256100,44.698
256110,33.185
256120,60.605
256130,36.768
256140,35.802
256150,36.801
256160,34.031
256170,36.670
256180,38.487
256190,47.789
256200,35.079
256210,53.758
256220,36.648
256230,57.903
256240,34.774
256250,47.753
256260,33.536
256270,37.495
256280,35.156
256290,33.074
256300,40.513
256310,34.567
256320,38.101
256330,40.443
256340,33.629
256350,42.626
256360,34.467
256370,46.804
256380,35.620
256390,43.668
256400,32.373
256410,35.045
256420,64.898
256430,35.309
256440,33.503
256450,35.784
256460,51.350
256470,34.019
256480,35.881
256490,35.934
256500,38.038
256510,36.724
256520,61.760
256530,35.669
256540,34.524
256550,40.480
256560,34.790
256570,36.870
256580,40.986
256590,32.618
256600,39.493
256610,31.699
256620,53.622
256630,37.593
256640,36.392
256650,49.179
256660,34.810
256670,35.006
256680,58.879
256690,35.312
256700,37.469
256710,41.524
256720,35.741
256730,37.219
256740,55.733
256750,35.884
256760,36.269
256770,58.965
256780,36.400
256790,55.824
256800,34.647
256810,34.963
256820,65.178
256830,36.077
256840,42.831
256850,32.154
256860,61.743
256870,30.721
256880,32.454
256890,37.303
256900,58.518
256910,37.734
256920,61.181
256930,34.268
256940,34.039
256950,53.437
256960,34.795
256970,35.628
256980,54.632
256990,34.485
257000,47.549
257010,34.178
257020,42.972
257030,33.841
257040,56.104
257050,36.889
257060,35.230
257070,35.514
257080,43.384
257090,35.036
257100,42.109
257110,52.054
257120,33.902
257130,35.122
257140,32.189
257150,36.087
257160,39.090
257170,39.361
257180,35.621
257190,36.823
257200,35.608
257210,45.619
257220,57.158
257230,32.930
257240,34.064
257250,56.795
257260,35.696
257270,35.153
257280,59.637
257290,36.902
257300,49.953
257310,33.765
257320,61.934
257330,33.050
257340,42.770
257350,41.840
257360,32.490
257370,33.339
257380,55.992
257390,35.128
257400,39.261
257410,32.213
257420,62.688
257430,34.649
257440,33.688
257450,48.932
257460,34.821
257470,54.989
257480,34.979
257490,58.619
257500,34.285
257510,33.471
257520,36.728
257530,38.039
257540,36.308
257550,37.014
257560,44.952
257570,35.008
257580,42.407
257590,32.663
257600,39.970
257610,32.232
257620,47.840
257630,34.575
257640,38.154
257650,33.855
257660,43.528
257670,33.112
257680,57.238
257690,33.970
257700,46.106
257710,33.599
257720,37.219
257730,32.823
257740,35.842
257750,51.888
257760,34.793
257770,35.555
257780,59.772
257790,37.507
257800,35.253
257810,42.744
257820,42.868
257830,30.506
257840,35.299
257850,37.753
257860,38.865
257870,37.996
257880,35.506
257890,54.038
257900,35.240
257910,35.286
257920,43.688
257930,35.409
257940,37.468
257950,39.480
257960,47.285
257970,35.805
257980,49.415
257990,33.944
258000,34.456
258010,37.593
258020,52.726
258030,32.791
258040,33.758
258050,57.682
258060,32.418
258070,34.574
258080,37.352
258090,46.920
258100,35.690
258110,36.683
258120,60.540
258130,36.037
258140,34.892
258150,37.265
258160,34.155
258170,43.269
258180,34.231
258190,35.018
258200,42.993
258210,35.019
258220,37.462
258230,38.294
258240,34.791
258250,40.918
258260,33.486
258270,58.284
258280,33.663
258290,34.260
258300,40.319
258310,34.297
258320,48.719
258330,35.981
258340,36.179
258350,41.199
258360,35.387
258370,36.081
258380,56.084
258390,32.770
258400,55.394
258410,33.374
258420,34.820
258430,39.332
258440,35.762
258450,41.395
258460,33.606
258470,35.297
258480,48.265
258490,34.811
258500,37.604
258510,39.963
258520,55.124
258530,33.951
258540,35.940
258550,42.340
258560,35.065
258570,45.935
258580,34.454
258590,35.453
258600,57.574
258610,36.313
258620,35.421
258630,38.995
258640,34.797
258650,42.542
258660,35.696
258670,35.257
258680,51.543
258690,35.546
258700,57.352
258710,35.260
258720,58.195
258730,34.495
258740,34.862
258750,37.874
258760,35.409
258770,37.024
258780,43.190
258790,35.223
258800,58.893
258810,36.693
258820,36.011
258830,50.438
258840,37.372
258850,36.289
258860,44.034
258870,34.112
258880,41.128
258890,34.338
258900,58.024
258910,33.312
258920,42.213
258930,34.241
258940,35.659
258950,40.775
258960,36.120
258970,45.503
258980,34.333
258990,35.434
259000,36.937
259010,36.018
259020,57.867
259030,35.440
259040,34.800
259050,36.664
259060,33.772
259070,44.610
259080,35.337
259090,34.931
259100,32.403
259110,58.852
259120,37.361
259130,59.792
259140,33.583
259150,51.726
259160,31.958
259170,33.220
259180,47.321
259190,33.212
259200,54.867
259210,35.612
259220,37.235
259230,58.221
259240,35.787
259250,36.228
259260,38.339
259270,38.710
259280,35.018
259290,39.288
259300,33.229
259310,42.678
259320,35.405
259330,66.925
259340,33.462
259350,43.429
259360,32.111
259370,35.650
259380,40.651
259390,34.931
259400,54.721
259410,36.509
259420,54.772
259430,33.787
259440,54.711
259450,35.016
259460,34.312
259470,45.117
259480,36.348
259490,37.810
259500,32.027
259510,40.953
259520,32.956
259530,39.763
259540,33.486
259550,36.729
259560,33.845
259570,36.110
259580,38.943
259590,52.013
259600,35.056
259610,34.561
259620,59.451
259630,35.733
259640,50.073
259650,33.833
259660,34.756
259670,35.781
259680,43.424
259690,46.576
259700,36.503
259710,34.372
259720,55.761
259730,35.411
259740,49.461
259750,33.583
259760,36.098
259770,57.116
259780,35.841
259790,36.897
259800,38.793
259810,35.214
259820,59.755
259830,35.610
259840,34.244
259850,45.329
259860,34.203
259870,35.791
259880,38.109
259890,49.387
259900,33.657
259910,33.806
259920,57.205
259930,36.658
259940,35.871
259950,37.621
259960,51.330
259970,38.406
259980,54.478
259990,35.392
260000,34.356
260010,58.022
260020,37.364
260030,35.321
260040,43.017
260050,35.080
260060,35.671
260070,57.052
260080,36.517
260090,51.223
260100,34.826
260110,35.774
260120,47.879
260130,35.332
260140,36.477
260150,52.704
260160,36.325
260170,35.005
260180,40.867
260190,35.476
260200,37.227
260210,36.805
260220,52.756
260230,35.105
260240,36.599
260250,33.373
260260,46.509
260270,35.408
260280,35.567
260290,44.394
260300,41.896
260310,33.756
260320,35.662
260330,44.114
260340,34.055
260350,35.221
260360,52.594
260370,36.769
260380,43.352
260390,33.900
260400,34.748
260410,33.627
260420,58.288
260430,38.082
260440,35.948
260450,55.002
260460,36.028
260470,54.112
260480,32.823
260490,56.378
260500,34.115
260510,34.484
260520,38.775
260530,41.263
260540,51.542
260550,32.164
260560,35.065
260570,45.612
260580,43.817
260590,33.147
260600,44.349
260610,36.178
260620,55.949
260630,34.928
260640,33.203
260650,36.032
260660,39.808
260670,35.051
260680,41.425
260690,32.978
260700,35.481
260710,33.733
260720,37.878
260730,34.444
260740,35.724
260750,39.743
260760,35.723
260770,58.713
260780,35.469
260790,34.979
260800,37.805
260810,40.184
260820,35.079
260830,56.813
260840,34.673
260850,43.621
260860,35.563
260870,35.810
260880,37.527
260890,59.270
260900,32.959
260910,34.104
260920,36.448
260930,49.661
260940,34.957
260950,36.488
260960,37.640
260970,45.997
260980,36.792
260990,36.535
261000,40.831
261010,34.770
261020,51.643
261030,33.396
261040,40.398
261050,34.130
261060,35.067
261070,42.729
261080,34.497
261090,59.703
261100,38.071
261110,35.152
261120,42.020
261130,33.190
261140,59.497
261150,33.993
261160,35.419
261170,51.763
261180,36.197
261190,36.163
261200,39.240
261210,34.897
261220,38.653
261230,33.345
261240,36.253
261250,37.073
261260,49.895
261270,33.572
261280,34.514
261290,43.792
261300,34.684
261310,49.330
261320,52.655
261330,30.563
261340,32.761
261350,37.732
261360,33.767
261370,37.207
261380,38.573
261390,45.073
261400,36.764
261410,37.002
261420,59.527
261430,35.244
261440,48.366
261450,32.680
261460,33.274
261470,38.603
261480,35.644
261490,35.200
261500,38.331
261510,40.750
261520,37.337
261530,55.826
261540,34.751
261550,55.442
261560,35.216
261570,32.592
261580,35.698
261590,36.484
261600,37.061
261610,40.152
261620,37.294
261630,40.133
261640,34.833
261650,35.863
261660,37.350
261670,61.929
261680,37.812
261690,34.205
261700,45.971
261710,31.668
261720,44.418
261730,33.999
261740,57.134
261750,36.301
261760,35.780
261770,36.919
261780,36.814
261790,35.104
261800,37.071
261810,58.646
261820,39.018
261830,57.245
261840,36.416
261850,44.448
261860,31.901
261870,36.547
261880,34.286
261890,36.511
261900,36.189
261910,30.956
261920,39.331
261930,49.741
261940,34.612
261950,34.616
261960,36.937
261970,38.590
261980,48.884
261990,35.650
262000,37.642
262010,37.453
262020,41.622
262030,34.502
262040,57.998
262050,33.475
262060,54.426
262070,34.122
262080,34.579
262090,37.110
262100,47.860
262110,35.699
262120,53.082
262130,31.953
262140,33.172
262150,46.475
262160,36.092
262170,34.326
262180,48.225
262190,32.318
262200,34.596
262210,38.655
262220,53.245
262230,33.014
262240,45.038
262250,33.751
262260,35.551
262270,37.689
262280,52.510
262290,35.847
262300,36.847
262310,60.017
262320,37.467
262330,35.624
262340,36.787
262350,34.601
262360,36.588
262370,46.527
262380,35.974
262390,38.151
262400,57.333
262410,35.939
262420,54.839
262430,33.906
262440,36.669
262450,44.833
262460,34.685
262470,36.938
262480,33.176
262490,37.820
262500,33.906
262510,38.819
262520,33.961
262530,36.177
262540,42.098
262550,35.580
262560,51.501
262570,35.486
262580,33.996
262590,40.874
262600,34.624
262610,36.746
262620,42.200
262630,34.533
262640,40.585
262650,34.337
262660,36.875
262670,39.971
262680,35.296
262690,35.974
262700,35.234
262710,34.215
262720,57.265
262730,35.583
262740,55.038
262750,35.058
262760,57.411
262770,34.225
262780,35.715
262790,35.035
262800,33.819
262810,47.384
262820,39.353
262830,33.644
262840,48.046
262850,37.961
262860,35.704
262870,36.207
262880,37.987
262890,38.014
262900,33.702
262910,36.558
262920,41.283
262930,35.485
262940,35.309
262950,38.338
262960,52.524
262970,36.791
262980,36.880
262990,36.452
263000,47.236
263010,33.146
263020,55.901
263030,35.788
263040,45.612
263050,33.117
263060,35.489
263070,35.065
263080,39.749
263090,34.379
263100,51.994
263110,33.318
263120,56.799
263130,34.686
263140,37.849
263150,32.778
263160,46.734
263170,33.273
263180,42.463
263190,34.787
263200,32.503
263210,37.232
263220,46.725
263230,35.092
263240,37.778
263250,32.491
263260,34.028
263270,40.455
263280,34.650
263290,35.706
263300,37.465
263310,44.295
263320,52.530
263330,33.630
263340,56.677
263350,33.438
263360,33.649
263370,38.596
263380,34.664
263390,59.058
263400,35.497
263410,35.647
263420,56.599
263430,35.307
263440,35.634
263450,36.564
263460,41.052
263470,34.283
263480,35.354
263490,34.239
263500,62.024
263510,47.586
263520,36.210
263530,33.280
263540,40.462
263550,35.211
263560,35.122
263570,52.916
263580,36.186
263590,36.282
263600,33.334
263610,46.480
263620,35.411
263630,51.963
263640,33.003
263650,54.697
263660,34.318
263670,36.073
263680,38.358
263690,38.849
263700,55.980
263710,35.342
263720,52.727
263730,33.903
263740,33.427
263750,34.504
263760,34.138
263770,36.305
263780,37.383
263790,43.908
263800,35.911
263810,34.405
263820,38.488
263830,33.925
263840,36.514
263850,60.230
263860,36.843
263870,35.342
263880,37.887
263890,39.590
263900,34.636
263910,34.734
263920,55.493
263930,35.425
263940,44.146
263950,33.004
263960,61.206
263970,34.922
263980,33.468
263990,58.639
264000,35.910
264010,34.742
264020,42.439
264030,34.110
264040,49.205
264050,33.201
264060,36.162
264070,38.659
264080,62.155
264090,37.797
264100,35.518
264110,37.480
264120,55.063
264130,35.571
264140,36.336
264150,38.532
264160,34.880
264170,43.069
264180,35.854
264190,36.486
264200,38.796
264210,39.374
264220,43.586
264230,34.138
264240,38.022
264250,33.380
264260,39.188
264270,34.314
264280,36.505
264290,33.368
264300,36.319
264310,36.796
264320,36.097
264330,48.159
264340,36.112
264350,35.522
264360,59.108
264370,36.598
264380,35.483
264390,36.616
264400,38.394
264410,34.926
264420,52.121
264430,34.353
264440,39.216
264450,32.500
264460,50.371
264470,35.741
264480,34.489
264490,47.960
264500,34.756
264510,57.190
264520,35.343
264530,34.765
264540,45.822
264550,33.611
264560,35.129
264570,37.956
264580,38.088
264590,33.384
264600,53.976
264610,35.305
264620,36.137
264630,36.368
264640,40.034
264650,48.726
264660,32.177
264670,60.416
264680,34.400
264690,55.107
264700,35.816
264710,42.297
264720,35.267
264730,33.842
264740,37.187
264750,63.678
264760,35.898
264770,58.091
264780,34.381
264790,34.521
264800,35.857
264810,49.590
264820,40.753
264830,34.709
264840,54.719
264850,36.618
264860,36.994
264870,32.583
264880,51.729
264890,35.002
264900,35.690
264910,47.787
264920,35.454
264930,34.894
264940,37.880
264950,34.917
264960,58.888
264970,34.140
264980,35.602
264990,33.944
265000,35.889
265010,41.700
265020,48.199
265030,33.357
265040,48.544
265050,32.986
265060,35.165
265070,59.693
265080,35.625
265090,35.920
265100,43.433
265110,34.602
265120,35.479
265130,37.599
265140,35.144
265150,50.420
265160,36.090
265170,37.598
265180,47.600
265190,36.038
265200,50.540
265210,51.763
265220,34.150
265230,34.717
265240,47.627
265250,36.474
265260,55.571
265270,33.625
265280,35.848
265290,56.535
265300,36.182
265310,53.808
265320,36.354
265330,33.445
265340,36.570
265350,33.597
265360,38.412
265370,33.039
265380,45.072
265390,34.732
265400,35.740
265410,47.127
265420,34.319
265430,36.315
265440,42.217
265450,35.121
265460,54.934
265470,35.573
265480,43.772
265490,32.079
265500,57.027
265510,35.797
265520,52.174
265530,34.455
265540,49.605
265550,36.792
265560,33.757
265570,35.559
265580,40.713
265590,33.822
265600,51.256
265610,36.252
265620,49.657
265630,31.862
265640,33.805
265650,59.218
265660,35.584
265670,35.090
265680,45.161
265690,34.193
265700,36.833
265710,55.835
265720,35.521
265730,35.217
265740,41.582
265750,35.458
265760,54.548
265770,32.083
265780,34.552
265790,36.682
265800,52.123
265810,36.594
265820,48.816
265830,34.660
265840,56.420
265850,34.606
265860,34.336
265870,36.826
265880,36.722
265890,35.894
265900,44.590
265910,34.253
265920,40.662
265930,35.451
265940,41.097
265950,32.974
265960,34.503
265970,42.139
265980,35.272
265990,53.206
266000,34.838
266010,39.512
266020,44.220
266030,31.715
266040,37.562
266050,32.918
266060,35.441
266070,49.141
266080,35.457
266090,35.991
266100,59.661
266110,36.298
266120,48.133
266130,34.279
266140,35.796
266150,39.457
266160,35.622
266170,36.740
266180,39.430
266190,34.815
266200,50.217
266210,35.054
266220,35.734
266230,50.917
266240,35.225
266250,56.595
266260,33.137
266270,38.327
266280,34.030
266290,56.208
266300,32.673
266310,48.056
266320,35.787
266330,35.404
266340,37.309
266350,61.762
266360,36.436
266370,35.327
266380,35.826
266390,36.710
266400,34.437
266410,59.485
266420,36.003
266430,60.030
266440,34.511
266450,34.060
266460,44.113
266470,53.665
266480,32.166
266490,32.482
266500,39.406
266510,36.650
266520,35.480
266530,37.761
266540,39.530
266550,35.329
266560,43.342
266570,34.291
266580,42.119
266590,33.775
266600,36.706
266610,45.010
266620,35.968
266630,57.960
266640,37.438
266650,47.184
266660,34.455
266670,34.722
266680,59.137
266690,35.183
266700,34.618
266710,39.323
266720,35.492
266730,61.617
266740,34.722
266750,34.996
266760,52.225
266770,35.787
266780,36.089
266790,46.954
266800,36.557
266810,35.454
266820,50.338
266830,34.375
266840,35.377
266850,56.468
266860,34.983
266870,35.431
266880,38.335
266890,51.769
266900,35.989
266910,36.291
266920,46.533
266930,33.597
266940,34.484
266950,33.120
266960,39.205
266970,33.521
266980,52.905
266990,36.439
267000,35.430
267010,58.867
267020,36.476
267030,35.559
267040,59.372
267050,36.532
267060,35.669
267070,57.100
267080,35.474
267090,50.060
267100,34.008
267110,36.722
267120,43.893
267130,32.026
267140,57.700
267150,33.560
267160,40.324
267170,45.277
267180,32.329
267190,51.081
267200,33.941
267210,34.898
267220,39.305
267230,34.508
267240,52.972
267250,37.770
267260,58.649
267270,34.470
267280,33.326
267290,51.795
267300,35.151
267310,36.709
267320,42.059
267330,35.024
267340,35.938
267350,33.778
267360,37.247
267370,48.635
267380,34.447
267390,35.137
267400,38.072
267410,38.565
267420,49.143
267430,33.730
267440,34.380
267450,36.566
267460,34.243
267470,36.545
267480,51.779
267490,34.784
267500,36.677
267510,40.745
267520,33.678
267530,37.924
267540,50.094
267550,34.948
267560,49.017
267570,35.180
267580,36.910
267590,32.046
267600,39.078
267610,33.738
267620,46.365
267630,30.800
267640,49.442
267650,34.336
267660,37.710
267670,32.263
267680,37.360
267690,32.029
267700,36.261
267710,38.097
267720,35.552
267730,35.742
267740,34.605
267750,36.563
267760,53.482
267770,35.560
267780,44.651
267790,33.205
267800,33.476
267810,38.337
267820,35.863
267830,46.677
267840,36.705
267850,36.872
267860,62.322
267870,35.828
267880,35.386
267890,53.886
267900,36.907
267910,36.330
267920,45.407
267930,32.673
267940,34.857
267950,42.717
267960,34.676
267970,39.234
267980,32.914
267990,35.563
268000,42.759
268010,35.502
268020,40.111
268030,34.438
268040,36.508
268050,44.431
268060,33.115
268070,34.692
268080,41.587
268090,53.749
268100,32.977
268110,46.790
268120,34.214
268130,38.825
268140,35.017
268150,34.433
268160,41.847
268170,33.709
268180,35.506
268190,53.299
268200,36.581
268210,37.706
268220,34.150
268230,35.529
268240,45.600
268250,43.018
268260,35.106
268270,54.410
268280,32.802
268290,57.064
268300,34.842
268310,33.552
268320,56.419
268330,34.833
268340,32.924
268350,35.362
268360,35.693
268370,47.520
268380,35.883
268390,36.148
268400,38.016
268410,40.777
268420,35.902
268430,46.758
268440,34.505
268450,36.468
268460,52.501
268470,35.159
268480,36.752
268490,33.596
268500,35.721
268510,54.247
268520,36.412
268530,36.310
268540,39.314
268550,34.285
268560,38.048
268570,40.774
268580,36.289
268590,44.867
268600,35.668
268610,38.599
268620,33.321
268630,36.511
268640,34.461
268650,44.760
268660,33.673
268670,34.416
268680,53.341
268690,36.485
268700,36.146
268710,38.843
268720,50.451
268730,34.771
268740,35.236
268750,42.033
268760,34.824
268770,39.055
268780,33.510
268790,49.476
268800,32.614
268810,34.944
268820,38.591
268830,57.238
268840,37.728
268850,35.428
268860,37.580
268870,38.964
268880,34.410
268890,36.590
268900,49.969
268910,37.169
268920,37.434
268930,63.138
268940,36.127
268950,37.266
268960,32.903
268970,37.456
268980,33.626
268990,52.472
269000,34.834
269010,34.399
269020,36.508
269030,34.985
269040,40.406
269050,32.934
269060,59.117
269070,35.144
269080,57.967
269090,34.385
269100,34.908
269110,54.104
269120,38.665
269130,48.755
269140,32.508
269150,34.818
269160,38.659
269170,33.825
269180,36.018
269190,37.012
269200,35.353
269210,37.491
269220,50.119
269230,35.102
269240,36.211
269250,52.688
269260,33.204
269270,37.009
269280,33.105
269290,36.996
269300,38.543
269310,60.059
269320,36.630
269330,52.709
269340,35.707
269350,34.098
269360,30.575
269370,44.640
269380,35.052
269390,36.254
269400,59.045
269410,36.501
269420,59.623
269430,35.798
269440,57.590
269450,33.409
269460,33.117
269470,35.941
269480,49.865
269490,36.060
269500,35.958
269510,39.504
269520,34.067
269530,41.965
269540,35.756
269550,36.133
269560,48.287
269570,33.377
269580,42.293
269590,33.572
269600,34.167
269610,37.297
269620,46.556
269630,37.521
269640,41.302
269650,33.153
269660,46.868
269670,33.872
269680,45.203
269690,32.028
269700,45.187
269710,36.240
269720,38.410
269730,33.589
269740,35.587
269750,49.351
269760,32.894
269770,53.340
269780,36.506
269790,58.103
269800,33.967
269810,35.106
269820,45.695
269830,31.611
269840,34.422
269850,51.323
269860,36.028
269870,35.233
269880,40.668
269890,33.613
269900,35.614
269910,37.211
269920,33.136
269930,35.175
269940,34.220
269950,39.295
269960,34.958
269970,37.079
269980,49.336
269990,33.963
270000,35.400
270010,38.126
270020,41.967
270030,36.426
270040,37.225
270050,38.227
270060,58.390
270070,36.427
270080,55.540
270090,33.813
270100,35.728
270110,44.118
270120,34.253
270130,39.082
270140,33.387
270150,54.915
270160,34.651
270170,51.120
270180,34.091
270190,34.508
270200,37.737
270210,39.546
270220,43.163
270230,47.779
270240,33.489
270250,33.992
270260,58.559
270270,37.552
270280,35.001
270290,35.826
270300,43.612
270310,35.807
270320,49.735
270330,35.761
270340,50.299
270350,31.782
270360,35.324
270370,40.686
270380,35.503
270390,40.900
270400,33.076
270410,36.604
270420,34.083
270430,49.045
270440,34.252
270450,34.991
270460,36.213
270470,43.774
270480,34.599
270490,34.521
270500,36.947
270510,34.605
270520,40.413
270530,36.356
270540,36.543
270550,47.886
270560,33.506
270570,36.303
270580,53.884
270590,36.680
270600,40.455
270610,40.100
270620,34.706
270630,33.905
270640,35.969
270650,53.560
270660,32.746
270670,34.059
270680,36.122
270690,54.747
270700,35.319
270710,35.229
270720,38.771
270730,62.648
270740,37.151
270750,53.273
270760,33.251
270770,52.643
270780,35.796
270790,35.306
270800,36.855
270810,53.677
270820,36.661
270830,54.643
270840,33.196
270850,40.743
270860,35.005
270870,35.775
270880,36.704
270890,33.224
270900,56.393
270910,37.427
270920,35.912
270930,36.585
270940,34.566
270950,35.099
270960,34.288
270970,36.014
270980,47.830
270990,35.304
271000,38.504
271010,33.182
271020,46.417
271030,34.123
271040,49.891
271050,34.097
271060,56.042
271070,34.748
271080,34.579
271090,51.021
271100,34.533
271110,57.101
271120,35.545
271130,35.734
271140,58.912
271150,36.575
271160,35.515
271170,39.988
271180,33.797
271190,37.172
271200,34.014
271210,35.440
271220,46.141
271230,34.274
271240,57.760
271250,30.393
271260,32.698
271270,48.822
271280,34.630
271290,39.954
271300,35.293
271310,36.152
271320,47.418
271330,34.543
271340,36.740
271350,44.386
271360,35.645
271370,36.076
271380,46.831
271390,34.918
271400,36.400
271410,49.224
271420,35.454
271430,34.532
271440,41.068
271450,35.929
271460,49.120
271470,32.866
271480,36.285
271490,37.090
271500,38.757
271510,35.634
271520,39.616
271530,33.328
271540,35.673
271550,36.783
271560,34.711
271570,35.836
271580,37.091
271590,35.054
271600,36.698
271610,51.220
271620,37.821
271630,35.889
271640,37.064
271650,35.126
271660,47.570
271670,33.036
271680,54.297
271690,34.742
271700,35.891
271710,60.462
271720,37.201
271730,36.927
271740,38.618
271750,40.268
271760,35.064
271770,36.160
271780,36.768
271790,34.563
271800,54.851
271810,35.556
271820,58.012
271830,36.034
271840,59.695
271850,34.203
271860,33.818
271870,52.855
271880,35.535
271890,35.605
271900,58.073
271910,37.057
271920,34.606
271930,37.072
271940,53.526
271950,37.047
271960,35.654
271970,44.681
271980,33.449
271990,35.527
272000,46.093
272010,35.583
272020,44.897
272030,53.242
272040,33.298
272050,33.332
272060,36.326
272070,33.927
272080,57.170
272090,34.500
272100,35.313
272110,59.216
272120,37.000
272130,44.699
272140,34.037
272150,49.117
272160,33.947
272170,35.655
272180,37.133
272190,53.660
272200,37.502
272210,33.566
272220,37.801
272230,57.457
272240,35.680
272250,36.262
272260,37.929
272270,34.588
272280,37.219
272290,58.826
272300,38.127
272310,34.823
272320,46.564
272330,35.364
272340,41.292
272350,34.806
272360,47.680
272370,32.451
272380,50.726
272390,34.203
272400,34.232
272410,50.023
272420,35.217
272430,34.745
272440,42.021
272450,34.368
272460,46.532
272470,33.653
272480,56.472
272490,36.830
272500,34.248
272510,36.007
272520,45.576
272530,36.156
272540,36.672
272550,38.561
272560,59.575
272570,38.955
272580,35.469
272590,36.836
272600,46.078
272610,36.354
272620,57.495
272630,34.570
272640,56.945
272650,33.897
272660,55.027
272670,32.766
272680,56.602
272690,34.007
272700,35.702
272710,41.184
272720,34.608
272730,35.402
272740,42.233
272750,33.975
272760,51.031
272770,33.928
272780,36.969
272790,38.971
272800,55.115
272810,37.906
272820,34.717
272830,45.520
272840,34.841
272850,39.085
272860,33.301
272870,40.558
272880,32.710
272890,35.304
272900,37.559
272910,51.969
272920,36.105
272930,34.056
272940,57.488
272950,34.320
272960,48.758
272970,35.808
272980,35.044
272990,36.370
273000,34.564
273010,37.000
273020,40.047
273030,35.290
273040,36.981
273050,35.881
273060,33.642
273070,36.162
273080,33.774
273090,36.256
273100,33.194
273110,53.489
273120,35.841
273130,42.707
273140,44.910
273150,30.901
273160,34.395
273170,50.331
273180,35.428
273190,35.179
273200,51.997
273210,33.967
273220,46.175
273230,33.495
273240,48.425
273250,31.945
273260,35.026
273270,40.753
273280,34.900
273290,36.531
273300,46.752
273310,34.320
273320,36.073
273330,39.783
273340,34.692
273350,37.260
273360,48.735
273370,36.199
273380,37.730
273390,32.410
273400,52.598
273410,34.399
273420,43.788
273430,35.891
273440,35.773
273450,36.363
273460,38.837
273470,35.348
273480,64.245
273490,35.811
273500,35.856
273510,60.379
273520,34.480
273530,37.770
273540,36.688
273550,31.755
273560,41.401
273570,34.906
273580,36.066
273590,45.392
273600,30.663
273610,34.596
273620,44.316
273630,34.235
273640,46.307
273650,35.290
273660,36.317
273670,40.336
273680,35.878
273690,36.225
273700,52.465
273710,34.638
273720,41.926
273730,33.152
273740,39.996
273750,34.374
273760,39.760
273770,33.049
273780,43.299
273790,33.031
273800,35.783
273810,39.816
273820,41.955
273830,31.246
273840,35.068
273850,57.679
273860,37.590
273870,56.734
273880,34.167
273890,32.567
273900,52.237
273910,35.867
273920,45.649
273930,35.434
273940,34.382
273950,36.838
273960,60.023
273970,36.860
273980,35.883
273990,37.081
274000,52.418
274010,36.366
274020,43.930
274030,32.668
274040,33.132
274050,36.456
274060,37.509
274070,35.355
274080,37.565
274090,38.992
274100,34.769
274110,36.928
274120,44.257
274130,33.897
274140,33.809
274150,37.356
274160,41.013
274170,34.685
274180,34.825
274190,34.557
274200,43.910
274210,35.664
274220,36.104
274230,37.828
274240,41.581
274250,36.145
274260,37.898
274270,41.969
274280,34.520
274290,40.880
274300,34.011
274310,37.697
274320,40.858
274330,48.445
274340,32.817
274350,34.590
274360,38.943
274370,40.288
274380,36.453
274390,39.401
274400,34.900
274410,42.962
274420,36.374
274430,35.267
274440,57.699
274450,34.731
274460,49.044
274470,36.600
274480,35.614
274490,58.007
274500,34.663
274510,36.087
274520,44.774
274530,33.700
274540,36.597
274550,33.692
274560,35.249
274570,43.249
274580,35.216
274590,36.309
274600,38.419
274610,35.863
274620,42.796
274630,33.968
274640,35.344
274650,39.679
274660,35.080
274670,35.451
274680,45.849
274690,36.262
274700,36.388
274710,42.558
274720,34.221
274730,42.579
274740,34.046
274750,40.908
274760,33.933
274770,38.478
274780,33.513
274790,59.080
274800,34.952
274810,36.688
274820,45.760
274830,34.914
274840,36.416
274850,37.731
274860,39.630
274870,40.622
274880,51.172
274890,33.888
274900,34.338
274910,55.221
274920,36.789
274930,51.748
274940,34.596
274950,35.569
274960,37.915
274970,51.542
274980,36.049
274990,35.576
275000,39.482
275010,35.244
275020,41.632
275030,33.368
275040,34.853
275050,33.112
275060,31.892
275070,43.133
275080,31.532
275090,32.609
275100,35.549
275110,45.524
275120,35.709
275130,37.127
275140,48.940
275150,56.810
275160,32.489
275170,45.220
275180,33.100
275190,34.544
275200,38.394
275210,33.985
275220,43.149
275230,34.188
275240,36.287
275250,56.704
275260,32.941
275270,33.318
275280,35.777
275290,40.751
275300,59.139
275310,32.909
275320,40.585
275330,33.331
275340,34.045
275350,41.093
275360,34.840
275370,35.429
275380,52.864
275390,34.480
275400,34.463
275410,33.676
275420,43.624
275430,34.258
275440,47.686
275450,32.926
275460,36.012
275470,37.727
275480,41.235
275490,35.444
275500,37.156
275510,40.759
275520,34.871
275530,42.309
275540,34.765
275550,40.497
275560,34.505
275570,35.733
275580,38.153
275590,42.356
275600,36.229
275610,37.214
275620,46.153
275630,35.209
275640,37.636
275650,42.372
275660,35.056
275670,36.229
275680,33.860
275690,36.801
275700,32.857
275710,36.681
275720,56.430
275730,33.119
275740,34.538
275750,42.341
275760,33.133
275770,35.373
275780,37.994
275790,44.100
275800,35.527
275810,36.720
275820,44.206
275830,35.398
275840,54.301
275850,35.131
275860,35.513
275870,41.640
275880,34.781
275890,43.319
275900,32.571
275910,57.908
275920,36.944
275930,34.300
275940,54.788
275950,33.671
275960,35.958
275970,57.464
275980,34.706
275990,50.633
276000,33.530
276010,34.909
276020,42.284
276030,34.970
276040,36.560
276050,46.816
276060,36.087
276070,36.529
276080,43.718
276090,34.620
276100,41.853
276110,35.147
276120,36.026
276130,37.145
276140,37.862
276150,33.402
276160,36.378
276170,36.562
276180,36.660
276190,48.189
276200,36.669
276210,53.999
276220,36.334
276230,32.650
276240,60.000
276250,34.600
276260,36.528
276270,57.977
276280,35.788
276290,34.809
276300,49.963
276310,33.713
276320,36.136
276330,48.540
276340,36.086
276350,35.737
276360,37.464
276370,39.076
276380,41.252
276390,35.331
276400,36.478
276410,40.205
276420,47.354
276430,36.036
276440,35.030
276450,32.881
276460,43.626
276470,43.970
276480,31.735
276490,33.924
276500,35.699
276510,37.815
276520,36.355
276530,33.451
276540,51.447
276550,35.993
276560,34.962
276570,55.148
276580,35.962
276590,36.512
276600,43.556
276610,36.620
276620,40.236
276630,34.484
276640,36.325
276650,50.233
276660,33.844
276670,56.261
276680,34.584
276690,55.499
276700,34.159
276710,34.637
276720,43.057
276730,33.332
276740,38.512
276750,34.519
276760,51.091
276770,33.829
276780,60.407
276790,34.487
276800,35.017
276810,37.326
276820,34.671
276830,58.835
276840,35.365
276850,34.453
276860,59.555
276870,35.623
276880,33.979
276890,33.882
276900,40.865
276910,36.125
276920,41.196
276930,34.747
276940,36.429
276950,37.952
276960,34.675
276970,35.073
276980,35.850
276990,38.344
277000,34.968
277010,38.256
277020,43.465
277030,34.538
277040,35.944
277050,60.161
277060,35.731
277070,39.915
277080,34.095
277090,37.495
277100,56.448
277110,32.182
277120,38.985
277130,33.447
277140,52.694
277150,35.783
277160,34.975
277170,46.935
277180,34.901
277190,53.337
277200,32.411
277210,48.051
277220,32.359
277230,35.928
277240,35.596
277250,56.606
277260,36.233
277270,34.769
277280,39.054
277290,34.517
277300,35.710
277310,42.859
277320,36.483
277330,57.582
277340,35.976
277350,35.729
277360,41.782
277370,33.591
277380,35.570
277390,37.265
277400,36.770
277410,32.687
277420,39.672
277430,31.936
277440,55.301
277450,34.696
277460,34.739
277470,37.239
277480,43.504
277490,34.449
277500,35.630
277510,35.766
277520,36.542
277530,41.813
277540,33.224
277550,38.217
277560,33.153
277570,45.260
277580,34.200
277590,34.929
277600,38.221
277610,32.711
277620,40.290
277630,34.444
277640,55.766
277650,33.971
277660,51.574
277670,31.381
277680,47.256
277690,33.940
277700,35.981
277710,38.363
277720,35.973
277730,36.599
277740,45.142
277750,35.466
277760,58.741
277770,34.997
277780,52.840
277790,35.717
277800,42.375
277810,35.310
277820,36.141
277830,38.808
277840,33.923
277850,36.953
277860,38.189
277870,58.094
277880,37.110
277890,52.550
277900,33.028
277910,36.091
277920,41.136
277930,33.473
277940,36.148
277950,39.657
277960,35.237
277970,36.769
277980,55.552
277990,36.634
278000,36.469
278010,52.935
278020,35.826
278030,35.381
278040,54.153
278050,36.822
278060,35.203
278070,38.211
278080,42.155
278090,35.555
278100,37.728
278110,38.448
278120,44.176
278130,33.662
278140,36.020
278150,47.559
278160,35.112
278170,43.576
278180,33.971
278190,34.643
278200,48.256
278210,35.192
278220,35.076
278230,33.795
278240,36.319
278250,34.357
278260,60.154
278270,34.223
278280,34.795
278290,37.463
278300,39.236
278310,36.011
278320,59.011
278330,36.156
278340,36.367
278350,38.421
278360,39.683
278370,52.966
278380,31.916
278390,41.476
278400,33.846
278410,50.808
278420,33.251
278430,34.990
278440,36.354
278450,40.627
278460,57.184
278470,32.848
278480,33.346
278490,31.804
278500,44.282
278510,33.953
278520,43.806
278530,35.455
278540,35.895
278550,37.918
278560,33.772
278570,40.837
278580,33.549
278590,37.001
278600,37.921
278610,34.250
278620,42.037
278630,38.654
278640,35.096
278650,33.847
278660,57.955
278670,36.886
278680,35.316
278690,37.295
278700,44.479
278710,33.825
278720,55.734
278730,35.923
278740,35.607
278750,54.593
278760,35.698
278770,44.090
278780,32.637
278790,59.428
278800,33.292
278810,34.561
278820,42.364
278830,35.055
278840,35.646
278850,45.245
278860,34.419
278870,36.686
278880,51.167
278890,35.578
278900,34.905
278910,37.545
278920,35.471
278930,35.879
278940,37.047
278950,35.826
278960,36.737
278970,56.380
278980,35.765
278990,36.391
279000,40.728
279010,35.930
279020,53.451
279030,34.876
279040,35.509
279050,48.158
279060,34.756
279070,44.509
279080,32.202
279090,36.269
279100,51.229
279110,35.790
279120,37.311
279130,59.902
279140,36.942
279150,35.178
279160,44.240
279170,34.458
279180,37.002
279190,37.535
279200,51.915
279210,34.794
279220,38.346
279230,33.021
279240,41.488
279250,36.186
279260,34.585
279270,45.218
279280,34.466
279290,40.934
279300,33.625
279310,35.106
279320,38.940
279330,32.166
279340,37.956
279350,33.866
279360,35.874
279370,37.757
279380,34.945
279390,42.541
279400,34.748
279410,42.681
279420,32.870
279430,35.773
279440,53.190
279450,37.002
279460,37.415
279470,36.483
279480,41.939
279490,34.996
279500,47.786
279510,32.258
279520,35.572
279530,41.032
279540,34.867
279550,45.196
279560,35.211
279570,53.523
279580,33.828
279590,34.031
279600,42.070
279610,34.421
279620,40.087
279630,33.762
279640,39.185
279650,33.849
279660,37.354
279670,57.342
279680,34.060
279690,50.185
279700,32.038
279710,43.924
279720,36.677
279730,33.674
279740,42.366
279750,33.138
279760,35.963
279770,34.736
279780,36.956
279790,35.124
279800,60.462
279810,33.795
279820,35.746
279830,48.391
279840,33.971
279850,47.918
279860,34.690
279870,36.046
279880,38.684
279890,42.497
279900,32.110
279910,51.782
279920,33.986
279930,55.261
279940,34.297
279950,35.874
279960,48.268
279970,34.622
279980,42.999
279990,35.143
280000,34.713
280010,36.901
280020,42.422
280030,34.597
280040,34.797
280050,37.538
280060,34.089
280070,35.702
280080,33.883
280090,35.570
280100,34.729
280110,40.908
280120,33.504
280130,39.080
280140,33.795
280150,35.670
280160,37.548
280170,49.281
280180,34.288
280190,34.693
280200,38.052
280210,38.887
280220,35.269
280230,37.853
280240,39.670
280250,35.676
280260,36.866
280270,38.901
280280,38.034
280290,31.717
280300,57.202
280310,36.432
280320,36.651
280330,36.694
280340,52.335
280350,35.375
280360,36.137
280370,39.294
280380,34.426
280390,36.866
280400,38.172
280410,42.993
280420,37.033
280430,36.455
280440,50.479
280450,34.916
280460,34.491
280470,33.033
280480,36.345
280490,44.154
280500,36.402
280510,38.001
280520,42.805
280530,34.398
280540,41.997
280550,33.895
280560,47.292
280570,33.778
280580,34.532
280590,60.078
280600,37.114
280610,36.611
280620,39.071
280630,32.667
280640,35.551
280650,38.747
280660,38.344
280670,34.768
280680,46.077
280690,34.222
280700,52.884
280710,35.100
280720,37.889
280730,32.478
280740,37.005
280750,33.570
280760,34.684
280770,33.938
280780,57.193
280790,34.542
280800,34.664
280810,54.453
280820,37.594
280830,36.156
280840,48.505
280850,34.527
280860,46.402
280870,32.746
280880,46.670
280890,34.670
280900,35.073
280910,37.478
280920,38.295
280930,34.873
280940,37.476
280950,44.398
280960,33.837
280970,41.790
280980,32.321
280990,36.942
281000,65.738
281010,32.599
281020,47.222
281030,34.424
281040,34.464
281050,45.065
281060,32.880
281070,50.957
281080,36.158
281090,35.886
281100,36.802
281110,42.437
281120,37.969
281130,32.638
281140,38.533
281150,32.731
281160,35.433
281170,62.089
281180,35.462
281190,35.080
281200,36.452
281210,34.060
281220,43.350
281230,34.118
281240,36.557
281250,36.499
281260,34.470
281270,35.475
281280,31.806
281290,37.525
281300,35.967
281310,46.725
281320,34.775
281330,36.518
281340,39.158
281350,54.448
281360,34.523
281370,34.369
281380,35.740
281390,33.719
281400,35.787
281410,51.073
281420,36.458
281430,36.458
281440,47.615
281450,56.698
281460,34.771
281470,33.726
281480,37.252
281490,41.657
281500,33.807
281510,34.631
281520,34.685
281530,37.450
281540,49.452
281550,35.205
281560,40.614
281570,33.163
281580,36.167
281590,48.765
281600,36.193
281610,35.189
281620,40.778
281630,48.324
281640,35.294
281650,37.385
281660,33.149
281670,34.898
281680,54.896
281690,36.101
281700,56.671
281710,35.890
281720,33.209
281730,52.538
281740,34.547
281750,61.588
281760,34.992
281770,34.827
281780,43.818
281790,34.363
281800,56.964
281810,34.384
281820,35.631
281830,37.079
281840,43.437
281850,35.739
281860,35.681
281870,33.290
281880,37.244
281890,31.124
281900,35.284
281910,41.150
281920,35.710
281930,39.250
281940,33.603
281950,35.172
281960,38.119
281970,33.790
281980,44.644
281990,33.855
282000,54.242
282010,35.071
282020,35.800
282030,37.658
282040,38.960
282050,42.044
282060,35.773
282070,36.521
282080,34.747
282090,54.175
282100,34.656
282110,35.911
282120,40.944
282130,34.427
282140,39.770
282150,32.877
282160,36.065
282170,52.863
282180,35.275
282190,35.851
282200,41.365
282210,35.612
282220,36.624
282230,38.528
282240,38.701
282250,38.880
282260,52.615
282270,37.505
282280,40.549
282290,33.645
282300,35.659
282310,37.296
282320,43.871
282330,36.638
282340,41.427
282350,33.263
282360,35.324
282370,37.129
282380,59.846
282390,35.015
282400,35.698
282410,54.592
282420,34.544
282430,34.844
282440,37.818
282450,41.268
282460,43.863
282470,36.520
282480,43.664
282490,32.529
282500,35.104
282510,50.714
282520,35.779
282530,34.668
282540,50.135
282550,34.649
282560,36.283
282570,52.612
282580,36.517
282590,47.690
282600,32.983
282610,35.723
282620,39.642
282630,33.147
282640,59.797
282650,36.119
282660,46.817
282670,35.464
282680,36.351
282690,36.424
282700,38.025
282710,60.510
282720,36.261
282730,36.349
282740,52.170
282750,36.380
282760,35.577
282770,59.513
282780,37.402
282790,36.102
282800,60.851
282810,37.501
282820,49.644
282830,33.315
282840,43.502
282850,32.670
282860,34.920
282870,36.870
282880,39.119
282890,55.636
282900,34.718
282910,34.299
282920,38.319
282930,33.714
282940,43.476
282950,35.486
282960,38.559
282970,31.908
282980,35.378
282990,37.604
283000,32.872
283010,47.880
283020,36.404
283030,36.528
283040,56.358
283050,34.039
283060,35.827
283070,41.764
283080,49.873
283090,32.647
283100,32.761
283110,39.186
283120,34.418
283130,44.046
283140,38.235
283150,35.859
283160,57.424
283170,35.684
283180,55.806
283190,34.129
283200,43.606
283210,35.294
283220,35.889
283230,32.169
283240,35.275
283250,34.202
283260,40.025
283270,34.850
283280,35.908
283290,49.508
283300,35.945
283310,40.942
283320,36.782
283330,34.849
283340,37.436
283350,34.850
283360,53.478
283370,35.083
283380,35.623
283390,57.090
283400,35.717
283410,46.028
283420,37.819
283430,41.777
283440,34.109
283450,56.235
283460,35.922
283470,35.093
283480,39.620
283490,32.820
283500,57.704
283510,34.905
283520,37.989
283530,34.196
283540,53.858
283550,34.271
283560,34.863
283570,35.322
283580,34.902
283590,44.703
283600,34.568
283610,57.094
283620,34.834
283630,35.164
283640,36.677
283650,32.577
283660,34.016
283670,33.558
283680,36.821
283690,44.124
283700,38.023
283710,35.783
283720,39.618
283730,34.703
283740,35.652
283750,64.424
283760,36.590
283770,34.715
283780,35.123
283790,34.194
283800,44.460
283810,34.593
283820,37.094
283830,57.670
283840,36.169
283850,41.311
283860,34.104
283870,36.628
283880,53.523
283890,35.892
283900,35.652
283910,44.198
283920,37.461
283930,42.731
283940,31.653
283950,35.660
283960,40.724
283970,33.674
283980,45.338
283990,34.142
284000,35.737
284010,37.308
284020,34.436
284030,36.408
284040,32.577
284050,35.182
284060,42.233
284070,34.230
284080,36.594
284090,38.887
284100,33.794
284110,37.447
284120,34.841
284130,40.429
284140,34.906
284150,36.230
284160,41.523
284170,34.288
284180,36.432
284190,41.055
284200,35.473
284210,45.606
284220,35.307
284230,35.419
284240,58.992
284250,36.840
284260,37.223
284270,36.868
284280,41.115
284290,35.499
284300,37.447
284310,41.767
284320,35.505
284330,36.923
284340,37.718
284350,33.282
284360,35.467
284370,34.211
284380,35.742
284390,34.249
284400,44.473
284410,34.805
284420,41.886
284430,37.302
284440,34.089
284450,36.155
284460,47.134
284470,34.780
284480,35.780
284490,37.174
284500,33.884
284510,50.914
284520,37.196
284530,36.931
284540,33.318
284550,48.898
284560,34.514
284570,36.044
284580,52.783
284590,34.559
284600,34.633
284610,41.488
284620,36.340
284630,37.503
284640,42.050
284650,34.306
284660,35.430
284670,38.101
284680,34.207
284690,41.447
284700,34.438
284710,36.952
284720,40.545
284730,35.724
284740,42.406
284750,34.066
284760,52.576
284770,34.232
284780,36.227
284790,36.709
284800,50.673
284810,35.324
284820,35.892
284830,40.488
284840,34.522
284850,36.597
284860,57.771
284870,37.307
284880,36.562
284890,36.944
284900,37.748
284910,56.940
284920,36.349
284930,35.642
284940,40.675
284950,34.256
284960,37.007
284970,38.291
284980,45.766
284990,36.927
285000,35.886
285010,40.107
285020,33.960
285030,37.223
285040,43.231
285050,35.163
285060,35.913
285070,37.630
285080,41.362
285090,36.388
285100,59.202
285110,36.036
285120,35.254
285130,32.259
285140,34.748
285150,37.694
285160,40.942
285170,36.290
285180,39.456
285190,33.576
285200,48.838
285210,32.993
285220,56.730
285230,35.658
285240,53.639
285250,34.557
285260,40.408
285270,32.270
285280,37.995
285290,53.950
285300,33.120
285310,33.210
285320,46.627
285330,35.224
285340,35.890
285350,36.579
285360,33.937
285370,47.976
285380,35.961
285390,35.452
285400,49.628
285410,36.893
285420,37.555
285430,59.793
285440,35.258
285450,38.721
285460,34.720
285470,37.100
285480,57.723
285490,36.636
285500,57.288
285510,34.990
285520,35.829
285530,39.910
285540,35.194
285550,35.092
285560,37.782
285570,41.648
285580,35.342
285590,36.650
285600,38.156
285610,40.109
285620,47.246
285630,38.998
285640,36.981
285650,37.186
285660,36.395
285670,35.151
285680,38.187
285690,39.680
285700,34.462
285710,36.594
285720,35.697
285730,38.183
285740,34.500
285750,62.234
285760,36.877
285770,36.300
285780,36.487
285790,41.599
285800,34.936
285810,52.679
285820,35.833
285830,49.476
285840,33.593
285850,37.933
285860,32.991
285870,36.209
285880,51.810
285890,36.825
285900,36.823
285910,38.052
285920,61.967
285930,35.114
285940,36.374
285950,39.139
285960,39.123
285970,38.826
285980,35.693
285990,37.212
286000,34.369
286010,48.731
286020,36.449
286030,34.852
286040,52.488
286050,34.684
286060,50.029
286070,33.928
286080,36.260
286090,57.934
286100,36.244
286110,35.173
286120,39.234
286130,35.825
286140,37.508
286150,37.473
286160,62.602
286170,37.723
286180,53.588
286190,35.132
286200,35.474
286210,36.054
286220,39.986
286230,34.336
286240,39.796
286250,33.030
286260,40.489
286270,31.371
286280,34.557
286290,46.581
286300,34.710
286310,44.055
286320,33.970
286330,34.587
286340,38.219
286350,34.762
286360,51.521
286370,34.839
286380,34.509
286390,54.826
286400,34.458
286410,56.444
286420,34.592
286430,56.882
286440,35.143
286450,34.594
286460,36.738
286470,33.095
286480,42.587
286490,33.900
286500,46.805
286510,34.527
286520,36.015
286530,33.342
286540,56.319
286550,35.103
286560,33.125
286570,35.309
286580,36.662
286590,35.469
286600,37.886
286610,35.858
286620,38.917
286630,32.526
286640,50.271
286650,35.569
286660,36.097
286670,39.170
286680,35.435
286690,36.133
286700,44.910
286710,36.274
286720,48.562
286730,35.603
286740,35.601
286750,45.275
286760,57.373
286770,33.493
286780,33.047
286790,35.074
286800,33.662
286810,44.355
286820,35.894
286830,35.410
286840,36.990
286850,39.929
286860,41.562
286870,52.695
286880,35.417
286890,34.511
286900,40.473
286910,34.284
286920,51.313
286930,35.248
286940,34.115
286950,40.857
286960,33.980
286970,55.420
286980,35.832
286990,53.973
287000,34.594
287010,34.971
287020,56.207
287030,36.002
287040,35.269
287050,46.863
287060,35.227
287070,37.523
287080,45.813
287090,35.332
287100,35.488
287110,36.490
287120,35.392
287130,46.141
287140,33.805
287150,35.513
287160,37.908
287170,38.633
287180,56.691
287190,34.626
287200,35.092
287210,35.925
287220,43.202
287230,34.022
287240,35.230
287250,36.052
287260,53.521
287270,36.757
287280,35.958
287290,38.496
287300,60.044
287310,36.290
287320,59.044
287330,35.380
287340,36.144
287350,39.872
287360,33.622
287370,35.393
287380,43.559
287390,35.075
287400,47.757
287410,34.561
287420,43.063
287430,31.956
287440,50.757
287450,34.527
287460,54.328
287470,32.853
287480,50.583
287490,34.338
287500,54.414
287510,33.708
287520,35.669
287530,32.936
287540,47.103
287550,33.041
287560,35.655
287570,37.928
287580,44.915
287590,35.859
287600,36.138
287610,44.721
287620,35.099
287630,57.400
287640,32.679
287650,50.839
287660,32.073
287670,38.231
287680,34.929
287690,34.627
287700,45.268
287710,35.528
287720,34.715
287730,38.205
287740,35.089
287750,37.082
287760,38.454
287770,38.377
287780,34.408
287790,37.138
287800,36.240
287810,51.253
287820,34.876
287830,59.124
287840,35.144
287850,34.342
287860,50.565
287870,35.780
287880,40.313
287890,33.350
287900,46.670
287910,32.997
287920,35.176
287930,37.807
287940,33.892
287950,60.086
287960,34.975
287970,56.603
287980,33.859
287990,33.927
288000,39.847
288010,33.851
288020,37.760
288030,33.953
288040,54.260
288050,36.047
288060,36.577
288070,37.805
288080,43.152
288090,35.932
288100,44.188
288110,31.639
288120,37.014
288130,33.709
288140,40.689
288150,30.677
288160,33.995
288170,60.774
288180,35.898
288190,36.202
288200,48.881
288210,33.385
288220,35.244
288230,43.882
288240,32.029
288250,33.668
288260,34.190
288270,36.199
288280,61.134
288290,36.857
288300,38.957
288310,32.745
288320,36.611
288330,34.107
288340,35.604
288350,37.454
288360,33.607
288370,35.835
288380,38.562
288390,39.687
288400,39.338
288410,41.228
288420,35.867
288430,37.443
288440,37.391
288450,36.284
288460,35.816
288470,34.805
288480,38.646
288490,35.843
288500,37.070
288510,34.048
288520,52.760
288530,35.470
288540,36.472
288550,37.815
288560,38.193
288570,35.270
288580,58.149
288590,35.826
288600,43.689
288610,33.076
288620,34.025
288630,32.659
288640,38.660
288650,33.820
288660,36.190
288670,39.876
288680,36.351
288690,36.075
288700,36.169
288710,43.678
288720,35.376
288730,36.164
288740,35.644
288750,36.143
288760,57.590
288770,37.825
288780,36.648
288790,43.561
288800,33.937
288810,36.728
288820,38.584
288830,33.600
288840,38.012
288850,57.396
288860,38.305
288870,35.669
288880,36.189
288890,36.760
288900,34.720
288910,37.336
288920,38.675
288930,48.490
288940,33.914
288950,33.030
288960,36.427
288970,62.762
288980,35.734
288990,36.321
289000,49.382
289010,35.398
289020,48.091
289030,32.060
289040,35.462
289050,54.323
289060,36.234
289070,37.261
289080,34.045
289090,46.638
289100,38.712
289110,32.963
289120,32.479
289130,44.972
289140,31.421
289150,38.190
289160,33.528
289170,36.331
289180,39.109
289190,47.554
289200,35.691
289210,61.155
289220,35.120
289230,36.560
289240,44.722
289250,34.226
289260,45.068
289270,33.639
289280,34.935
289290,49.909
289300,34.487
289310,36.984
289320,37.256
289330,38.515
289340,56.803
289350,35.156
289360,33.605
289370,35.862
289380,42.329
289390,33.447
289400,44.320
289410,33.286
289420,35.849
289430,34.094
289440,39.351
289450,35.092
289460,37.027
289470,39.004
289480,48.290
289490,34.846
289500,56.170
289510,33.588
289520,58.338
289530,32.968
289540,34.913
289550,38.305
289560,33.162
289570,38.236
289580,56.515
289590,34.903
289600,52.312
289610,33.213
289620,45.406
289630,35.335
289640,34.740
289650,45.730
289660,34.120
289670,36.536
289680,48.300
289690,35.505
289700,37.607
289710,38.314
289720,38.673
289730,51.759
289740,32.736
289750,34.694
289760,37.027
289770,38.468
289780,33.379
289790,36.468
289800,63.934
289810,35.490
289820,36.414
289830,34.765
289840,35.251
289850,56.088
289860,37.434
289870,36.886
289880,40.536
289890,36.027
289900,37.353
289910,38.419
289920,37.514
289930,57.568
289940,35.674
289950,33.878
289960,53.993
289970,34.818
289980,34.551
289990,50.952
290000,36.123
290010,35.104
290020,38.210
290030,46.868
290040,33.533
290050,36.379
290060,58.933
290070,35.595
290080,33.405
290090,33.896
290100,36.696
290110,37.994
290120,35.366
290130,56.466
290140,33.943
290150,33.737
290160,49.517
290170,33.301
290180,35.321
290190,43.923
290200,34.450
290210,59.898
290220,38.103
290230,36.441
290240,59.381
290250,55.862
290260,32.648
290270,34.002
290280,39.511
290290,33.742
290300,36.406
290310,38.380
290320,37.056
290330,35.638
290340,37.462
290350,41.027
290360,35.647
290370,49.518
290380,34.721
290390,58.138
290400,34.091
290410,35.194
290420,56.364
290430,37.755
290440,35.077
290450,37.141
290460,48.156
290470,33.626
290480,35.580
290490,38.438
290500,41.515
290510,34.928
290520,35.718
290530,53.823
290540,33.950
290550,33.896
290560,36.689
290570,34.387
290580,36.954
290590,53.430
290600,36.280
290610,35.481
290620,35.977
290630,33.109
290640,47.423
290650,34.855
290660,35.309
290670,48.710
290680,35.487
290690,36.592
290700,36.351
290710,35.318
290720,49.672
290730,33.551
290740,36.008
290750,35.905
290760,32.895
290770,38.013
290780,34.511
290790,62.505
290800,35.166
290810,55.389
290820,33.284
290830,34.088
290840,37.980
290850,44.959
290860,36.218
290870,36.140
290880,47.795
290890,35.356
290900,35.581
290910,37.043
290920,36.686
290930,44.109
290940,33.477
290950,35.033
290960,37.036
290970,34.780
290980,35.271
290990,34.139
291000,57.669
291010,36.176
291020,36.209
291030,58.561
291040,34.906
291050,36.132
291060,47.151
291070,33.580
291080,53.389
291090,32.123
291100,55.425
291110,34.451
291120,50.764
291130,33.303
291140,35.145
291150,60.972
291160,35.917
291170,48.363
291180,32.613
291190,38.510
291200,32.480
291210,39.258
291220,34.564
291230,55.602
291240,37.767
291250,35.312
291260,37.677
291270,31.387
291280,33.093
291290,50.393
291300,34.793
291310,48.286
291320,34.897
291330,37.225
291340,32.813
291350,58.762
291360,34.862
291370,54.280
291380,34.910
291390,55.207
291400,34.124
291410,36.135
291420,36.597
291430,34.773
291440,35.149
291450,40.853
291460,35.219
291470,35.793
291480,37.724
291490,36.163
291500,52.789
291510,63.541
291520,31.774
291530,31.733
291540,35.893
291550,38.605
291560,49.655
291570,36.833
291580,46.203
291590,32.661
291600,35.363
291610,48.483
291620,34.682
291630,37.144
291640,34.067
291650,34.425
291660,36.627
291670,35.451
291680,36.913
291690,34.354
291700,36.556
291710,39.068
291720,35.635
291730,36.117
291740,42.952
291750,33.746
291760,34.816
291770,36.192
291780,39.842
291790,34.257
291800,59.462
291810,36.614
291820,58.026
291830,34.653
291840,33.903
291850,35.738
291860,34.089
291870,61.169
291880,35.335
291890,35.605
291900,36.563
291910,34.694
291920,41.966
291930,35.808
291940,35.785
291950,60.158
291960,35.674
291970,35.289
291980,57.355
291990,34.688
292000,34.890
292010,51.687
292020,36.008
292030,51.772
292040,34.744
292050,56.953
292060,33.903
292070,52.829
292080,31.645
292090,32.431
292100,37.039
292110,35.960
292120,37.032
292130,39.117
292140,52.974
292150,34.161
292160,36.636
292170,33.669
292180,36.295
292190,38.960
292200,57.801
292210,37.273
292220,36.795
292230,55.376
292240,35.987
292250,35.651
292260,54.024
292270,33.860
292280,31.691
292290,35.412
292300,36.824
292310,50.755
292320,36.487
292330,34.805
292340,37.119
292350,43.945
292360,34.252
292370,35.524
292380,36.901
292390,34.879
292400,40.047
292410,45.242
292420,33.380
292430,32.792
292440,58.450
292450,34.269
292460,35.851
292470,62.066
292480,35.677
292490,35.438
292500,36.092
292510,34.351
292520,37.367
292530,37.510
292540,35.049
292550,36.763
292560,39.119
292570,53.590
292580,35.891
292590,36.371
292600,54.278
292610,37.166
292620,36.167
292630,37.371
292640,48.316
292650,37.437
292660,54.965
292670,35.293
292680,34.516
292690,41.803
292700,34.772
292710,45.373
292720,32.613
292730,34.566
292740,42.790
292750,35.236
292760,56.113
292770,36.296
292780,49.385
292790,33.476
292800,34.719
292810,45.834
292820,35.092
292830,42.625
292840,33.977
292850,34.795
292860,42.036
292870,37.077
292880,35.393
292890,38.337
292900,38.807
292910,48.027
292920,35.083
292930,51.789
292940,34.497
292950,35.291
292960,48.086
292970,33.650
292980,49.037
292990,35.865
293000,36.403
293010,51.044
293020,34.527
293030,57.607
293040,35.510
293050,35.952
293060,36.726
293070,44.701
293080,35.028
293090,36.413
293100,43.151
293110,35.637
293120,40.186
293130,34.884
293140,36.217
293150,43.626
293160,33.210
293170,36.307
293180,53.812
293190,36.183
293200,35.790
293210,37.787
293220,34.204
293230,34.336
293240,56.663
293250,35.132
293260,34.505
293270,37.123
293280,38.080
293290,44.041
293300,34.048
293310,46.860
293320,33.667
293330,49.280
293340,34.130
293350,35.868
293360,36.875
293370,50.249
293380,35.839
293390,62.055
293400,35.349
293410,35.288
293420,48.627
293430,33.044
293440,35.301
293450,54.302
293460,33.952
293470,38.745
293480,34.421
293490,32.614
293500,41.894
293510,34.121
293520,35.858
293530,35.844
293540,34.803
293550,37.787
293560,34.617
293570,37.802
293580,33.468
293590,38.771
293600,34.053
293610,36.770
293620,38.274
293630,57.970
293640,37.738
293650,57.887
293660,33.157
293670,34.320
293680,37.244
293690,33.525
293700,38.715
293710,34.706
293720,37.637
293730,40.718
293740,35.510
293750,36.773
293760,34.871
293770,34.122
293780,35.553
293790,33.723
293800,53.775
293810,35.940
293820,35.734
293830,39.028
293840,34.721
293850,50.840
293860,35.573
293870,36.900
293880,39.275
293890,33.815
293900,41.269
293910,35.939
293920,37.631
293930,43.740
293940,35.836
293950,40.815
293960,36.322
293970,35.211
293980,52.477
293990,33.650
294000,35.654
294010,39.982
294020,34.807
294030,40.337
294040,34.156
294050,35.744
294060,54.953
294070,34.755
294080,33.875
294090,40.278
294100,34.414
294110,40.861
294120,34.505
294130,50.123
294140,34.976
294150,48.606
294160,31.975
294170,35.369
294180,38.905
294190,40.743
294200,34.909
294210,50.352
294220,36.185
294230,50.942
294240,33.373
294250,35.141
294260,58.297
294270,34.606
294280,34.988
294290,52.242
294300,34.852
294310,48.937
294320,36.706
294330,34.039
294340,37.791
294350,34.396
294360,38.495
294370,33.075
294380,36.065
294390,41.936
294400,35.262
294410,44.158
294420,33.713
294430,36.536
294440,39.551
294450,34.290
294460,38.055
294470,33.508
294480,34.868
294490,46.652
294500,35.036
294510,43.320
294520,34.675
294530,34.253
294540,47.353
294550,34.021
294560,52.955
294570,37.808
294580,33.700
294590,55.670
294600,34.358
294610,35.029
294620,35.643
294630,43.654
294640,33.219
294650,35.165
294660,39.391
294670,35.301
294680,52.070
294690,33.951
294700,35.876
294710,41.851
294720,35.969
294730,54.107
294740,34.855
294750,58.323
294760,33.608
294770,35.226
294780,39.303
294790,34.986
294800,41.454
294810,52.216
294820,33.805
294830,55.573
294840,34.036
294850,35.787
294860,37.942
294870,39.041
294880,39.657
294890,39.944
294900,60.516
294910,34.384
294920,34.540
294930,37.754
294940,53.798
294950,32.966
294960,35.754
294970,35.941
294980,37.839
294990,41.673
295000,35.421
295010,55.153
295020,37.181
295030,34.904
295040,36.391
295050,38.203
295060,36.207
295070,38.198
295080,55.606
295090,34.354
295100,36.820
295110,60.987
295120,38.478
295130,35.582
295140,47.097
295150,34.318
295160,35.707
295170,36.218
295180,55.718
295190,35.160
295200,35.702
295210,45.529
295220,35.448
295230,41.864
295240,32.207
295250,34.802
295260,52.330
295270,34.588
295280,36.425
295290,41.372
295300,34.509
295310,56.238
295320,36.778
295330,59.691
295340,35.577
295350,33.041
295360,52.975
295370,35.275
295380,36.310
295390,41.961
295400,34.882
295410,57.936
295420,36.285
295430,35.306
295440,38.891
295450,34.854
295460,36.847
295470,33.367
295480,50.754
295490,35.391
295500,36.028
295510,61.957
295520,34.771
295530,34.957
295540,38.747
295550,35.875
295560,35.698
295570,38.663
295580,38.503
295590,37.686
295600,59.712
295610,34.531
295620,34.829
295630,36.070
295640,38.060
295650,34.276
295660,43.134
295670,33.853
295680,36.087
295690,44.443
295700,35.176
295710,53.342
295720,36.523
295730,34.058
295740,36.038
295750,39.758
295760,36.580
295770,38.592
295780,34.543
295790,35.879
295800,37.781
295810,37.490
295820,54.674
295830,36.581
295840,33.189
295850,37.389
295860,34.032
295870,35.265
295880,33.838
295890,47.929
295900,34.185
295910,43.122
295920,35.922
295930,58.478
295940,36.275
295950,35.111
295960,37.566
295970,57.104
295980,33.506
295990,33.697
296000,59.458
296010,36.293
296020,44.956
296030,33.815
296040,35.071
296050,35.799
296060,33.942
296070,35.531
296080,33.011
296090,43.706
296100,34.042
296110,36.589
296120,54.659
296130,35.626
296140,51.550
296150,33.610
296160,35.273
296170,38.266
296180,43.287
296190,54.435
296200,32.789
296210,51.523
296220,34.598
296230,34.590
296240,50.759
296250,37.121
296260,55.925
296270,33.760
296280,34.952
296290,52.993
296300,34.402
296310,60.407
296320,35.255
296330,33.736
296340,34.919
296350,33.271
296360,34.907
296370,36.979
296380,33.362
296390,36.054
296400,34.416
296410,36.981
296420,42.535
296430,37.396
296440,34.039
296450,34.053
296460,38.145
296470,35.333
296480,42.107
296490,35.219
296500,35.186
296510,38.013
296520,37.765
296530,38.725
296540,38.195
296550,32.903
296560,36.118
296570,47.640
296580,35.180
296590,38.580
296600,33.814
296610,54.500
296620,35.179
296630,50.097
296640,33.714
296650,36.383
296660,38.458
296670,41.448
296680,34.427
296690,37.034
296700,37.076
296710,68.000
296720,36.299
296730,35.097
296740,36.376
296750,42.052
296760,35.965
296770,59.529
296780,35.144
296790,44.910
296800,33.634
296810,58.745
296820,34.868
296830,37.198
296840,32.212
296850,35.898
296860,41.644
296870,34.764
296880,58.062
296890,34.755
296900,34.862
296910,65.246
296920,33.947
296930,34.435
296940,36.907
296950,39.510
296960,39.622
296970,48.069
296980,37.086
296990,37.225
297000,38.286
297010,38.772
297020,35.406
297030,40.427
297040,45.600
297050,34.311
297060,50.342
297070,34.734
297080,34.563
297090,46.810
297100,34.101
297110,34.907
297120,38.894
297130,36.165
297140,41.455
297150,34.345
297160,35.619
297170,37.735
297180,39.099
297190,34.750
297200,47.911
297210,33.692
297220,42.997
297230,32.765
297240,36.317
297250,36.976
297260,37.499
297270,34.844
297280,43.813
297290,33.422
297300,36.029
297310,44.882
297320,34.741
297330,35.094
297340,37.442
297350,34.661
297360,53.039
297370,33.900
297380,39.903
297390,32.953
297400,55.938
297410,35.904
297420,36.418
297430,42.681
297440,35.449
297450,35.040
297460,39.216
297470,34.949
297480,37.105
297490,34.066
297500,35.955
297510,44.749
297520,34.054
297530,43.424
297540,34.258
297550,35.471
297560,42.452
297570,54.004
297580,33.086
297590,33.027
297600,38.363
297610,39.293
297620,37.452
297630,34.982
297640,35.971
297650,36.470
297660,48.756
297670,34.607
297680,35.273
297690,38.062
297700,45.740
297710,35.870
297720,62.573
297730,33.367
297740,33.784
297750,35.226
297760,37.182
297770,36.136
297780,58.381
297790,35.267
297800,38.805
297810,37.307
297820,34.974
297830,40.279
297840,34.172
297850,36.349
297860,38.067
297870,37.367
297880,57.200
297890,33.062
297900,34.976
297910,53.060
297920,36.031
297930,57.625
297940,34.295
297950,34.607
297960,37.671
297970,35.754
297980,37.806
297990,53.090
298000,34.812
298010,45.367
298020,33.722
298030,45.376
298040,33.711
298050,36.160
298060,41.796
298070,36.402
298080,34.642
298090,36.349
298100,36.426
298110,59.628
298120,35.435
298130,35.034
298140,32.707
298150,41.325
298160,35.809
298170,36.067
298180,59.790
298190,35.168
298200,33.633
298210,39.777
298220,33.988
298230,36.324
298240,33.666
298250,38.028
298260,36.263
298270,55.490
298280,36.421
298290,49.210
298300,33.264
298310,58.799
298320,34.888
298330,36.077
298340,59.604
298350,36.810
298360,36.466
298370,54.440
298380,37.204
298390,36.545
298400,63.237
298410,34.949
298420,33.653
298430,48.023
298440,32.851
298450,51.956
298460,36.304
298470,36.049
298480,47.818
298490,33.836
298500,35.114
298510,46.227
298520,34.178
298530,56.688
298540,34.252
298550,34.671
298560,36.954
298570,55.662
298580,33.757
298590,47.023
298600,46.081
298610,33.926
298620,31.989
298630,35.657
298640,38.913
298650,33.909
298660,42.178
298670,56.969
298680,31.111
298690,33.324
298700,41.043
298710,58.567
298720,31.625
298730,32.948
298740,47.802
298750,34.043
298760,40.518
298770,31.942
298780,37.052
298790,34.446
298800,35.899
298810,60.552
298820,35.530
298830,34.430
298840,37.884
298850,46.221
298860,34.618
298870,52.822
298880,36.132
298890,47.343
298900,33.815
298910,60.359
298920,34.805
298930,35.465
298940,36.849
298950,38.643
298960,41.166
298970,36.658
298980,40.130
298990,34.548
299000,35.858
299010,44.839
299020,35.793
299030,35.582
299040,37.986
299050,38.896
299060,35.042
299070,46.444
299080,34.822
299090,60.412
299100,35.659
299110,60.719
299120,34.687
299130,33.049
299140,35.871
299150,39.110
299160,34.016
299170,60.641
299180,35.201
299190,34.418
299200,58.554
299210,36.096
299220,35.526
299230,37.386
299240,34.405
299250,36.231
299260,48.928
299270,36.158
299280,37.210
299290,36.962
299300,38.991
299310,52.532
299320,37.394
299330,36.432
299340,42.999
299350,34.563
299360,42.969
299370,34.853
299380,34.974
299390,45.213
299400,35.941
299410,37.345
299420,32.937
299430,34.399
299440,35.440
299450,49.971
299460,33.312
299470,34.637
299480,41.690
299490,34.896
299500,36.070
299510,43.482
299520,35.076
299530,35.576
299540,39.742
299550,35.116
299560,41.167
299570,34.174
299580,37.207
299590,40.047
299600,38.673
299610,54.131
299620,35.230
299630,55.599
299640,34.414
299650,33.990
299660,37.491
299670,39.156
299680,41.984
299690,35.614
299700,56.678
299710,37.111
299720,36.290
299730,38.113
299740,52.684
299750,34.928
299760,36.643
299770,40.202
299780,33.250
299790,36.695
299800,41.893
299810,36.437
299820,41.130
299830,33.806
299840,36.292
299850,45.883
299860,34.552
299870,33.861
299880,35.207
299890,40.965
299900,37.798
299910,36.145
299920,36.382
299930,37.495
299940,42.193
299950,34.453
299960,38.296
299970,38.302
299980,39.059
299990,34.146
300000,36.135
300010,35.913
300020,39.742
300030,35.338
300040,36.621
300050,54.080
300060,36.483
300070,37.091
300080,36.704
300090,38.537
300100,48.127
300110,36.459
300120,36.508
300130,39.079
300140,41.671
300150,35.285
300160,49.548
300170,32.742
300180,44.577
300190,33.160
300200,37.301
300210,49.663
300220,33.515
300230,39.588
300240,32.397
300250,36.925
300260,39.479
300270,39.138
300280,42.242
300290,36.878
300300,36.323
300310,41.652
300320,56.330
300330,34.255
300340,33.543
300350,37.292
300360,40.781
300370,35.245
300380,37.560
300390,35.808
300400,37.565
300410,62.698
300420,34.607
300430,34.275
300440,37.648
300450,41.544
300460,34.450
300470,57.324
300480,35.933
300490,47.189
300500,32.081
300510,47.252
300520,33.239
300530,51.345
300540,35.630
300550,50.809
300560,33.029
300570,35.030
300580,38.193
300590,34.115
300600,34.866
300610,36.059
300620,40.989
300630,33.819
300640,36.544
300650,34.094
300660,40.106
300670,33.988
300680,55.547
300690,34.363
300700,33.803
300710,58.467
300720,35.672
300730,39.402
300740,34.865
300750,38.790
300760,51.130
300770,35.074
300780,34.312
300790,36.814
300800,38.520
300810,43.351
300820,35.345
300830,36.399
300840,42.073
300850,34.195
300860,47.166
300870,35.535
300880,38.097
300890,33.786
300900,38.583
300910,36.067
300920,37.006
300930,41.816
300940,33.811
300950,57.732
300960,34.698
300970,34.425
300980,36.383
300990,57.682
301000,33.823
301010,36.013
301020,60.752
301030,35.353
301040,45.851
301050,31.450
301060,34.189
301070,32.958
301080,37.675
301090,33.762
301100,42.161
301110,56.047
301120,32.674
301130,34.055
301140,59.445
301150,37.571
301160,49.379
301170,35.801
301180,34.698
301190,36.527
301200,53.519
301210,36.950
301220,37.938
301230,39.103
301240,39.799
301250,34.197
301260,41.431
301270,34.386
301280,54.036
301290,36.151
301300,34.668
301310,60.834
301320,37.932
301330,34.370
301340,36.574
301350,47.856
301360,34.180
301370,37.677
301380,49.109
301390,33.037
301400,46.597
301410,34.502
301420,35.028
301430,56.651
301440,34.669
301450,35.781
301460,32.913
301470,51.887
301480,35.692
301490,34.639
301500,37.276
301510,63.339
301520,37.449
301530,35.421
301540,36.928
301550,33.945
301560,47.788
301570,37.284
301580,34.077
301590,36.361
301600,54.561
301610,37.358
301620,34.726
301630,36.132
301640,42.137
301650,35.217
301660,36.394
301670,38.909
301680,40.180
301690,34.807
301700,37.740
301710,57.528
301720,34.008
301730,34.937
301740,37.357
301750,36.037
301760,35.932
301770,38.180
301780,39.525
301790,63.922
301800,37.001
301810,36.863
301820,38.359
301830,39.264
301840,36.177
301850,38.289
301860,51.924
301870,38.396
301880,34.951
301890,37.877
301900,59.740
301910,37.370
301920,36.462
301930,45.531
301940,34.815
301950,35.759
301960,36.423
301970,39.924
301980,42.955
301990,34.906
302000,35.603
302010,44.233
302020,55.476
302030,31.268
302040,33.198
302050,58.304
302060,35.808
302070,46.413
302080,33.780
302090,34.898
302100,59.370
302110,36.190
302120,34.928
302130,50.846
302140,36.908
302150,35.994
302160,37.194
302170,61.033
302180,37.352
302190,36.353
302200,54.986
302210,35.147
302220,35.615
302230,56.304
302240,37.273
302250,56.398
302260,35.730
302270,35.020
302280,55.525
302290,36.500
302300,35.378
302310,47.897
302320,33.457
302330,55.530
302340,35.407
302350,34.753
302360,46.768
302370,35.069
302380,56.873
302390,35.514
302400,34.797
302410,41.552
302420,34.666
302430,35.237
302440,40.529
302450,35.685
302460,57.865
302470,36.056
302480,38.558
302490,34.530
302500,34.227
302510,37.218
302520,33.474
302530,36.416
302540,35.542
302550,36.533
302560,37.637
302570,35.305
302580,36.614
302590,34.770
302600,36.487
302610,41.082
302620,35.258
302630,37.723
302640,55.912
302650,33.839
302660,34.721
302670,37.452
302680,43.527
302690,31.262
302700,33.424
302710,47.466
302720,36.477
302730,35.288
302740,57.419
302750,36.710
302760,43.224
302770,34.833
302780,34.341
302790,45.749
302800,34.617
302810,55.104
302820,36.255
302830,36.070
302840,36.657
302850,38.381
302860,39.640
302870,40.615
302880,35.772
302890,40.857
302900,47.795
302910,31.106
302920,55.431
302930,34.684
302940,35.307
302950,36.915
302960,63.090
302970,37.149
302980,34.563
302990,40.084
303000,33.180
303010,58.995
303020,35.276
303030,36.266
303040,38.794
303050,34.599
303060,36.512
303070,39.973
303080,36.341
303090,40.191
303100,33.635
303110,58.531
303120,35.008
303130,35.119
303140,60.207
303150,35.561
303160,34.966
303170,59.037
303180,35.585
303190,57.311
303200,35.199
303210,57.574
303220,34.411
303230,34.521
303240,45.964
303250,34.585
303260,35.321
303270,38.815
303280,41.072
303290,34.648
303300,35.926
303310,55.382
303320,35.440
303330,37.110
303340,39.071
303350,34.147
303360,39.988
303370,35.293
303380,36.515
303390,47.945
303400,33.535
303410,36.970
303420,38.540
303430,34.939
303440,46.316
303450,34.121
303460,47.329
303470,33.457
303480,35.533
303490,36.993
303500,57.342
303510,36.014
303520,34.564
303530,37.576
303540,53.851
303550,35.453
303560,35.711
303570,62.015
303580,37.068
303590,35.823
303600,35.751
303610,47.939
303620,35.468
303630,34.564
303640,36.199
303650,32.813
303660,36.454
303670,37.866
303680,61.435
303690,38.282
303700,36.002
303710,57.471
303720,34.161
303730,34.789
303740,46.951
303750,34.100
303760,52.912
303770,32.071
303780,41.958
303790,32.904
303800,56.143
303810,37.949
303820,38.074
303830,32.634
303840,43.042
303850,31.749
303860,34.781
303870,60.240
303880,33.731
303890,33.834
303900,36.821
303910,33.726
303920,36.166
303930,34.282
303940,35.998
303950,38.245
303960,34.119
303970,36.408
303980,36.719
303990,35.059
304000,37.321
304010,57.928
304020,35.444
304030,36.487
304040,55.312
304050,37.442
304060,35.701
304070,37.199
304080,36.751
304090,37.338
304100,34.541
304110,41.267
304120,33.276
304130,40.779
304140,33.393
304150,35.802
304160,56.293
304170,34.857
304180,35.947
304190,41.437
304200,34.213
304210,55.598
304220,34.634
304230,59.543
304240,35.159
304250,33.364
304260,37.667
304270,56.071
304280,33.134
304290,34.690
304300,53.189
304310,37.724
304320,37.209
304330,39.256
304340,38.905
304350,34.293
304360,36.964
304370,38.705
304380,39.181
304390,43.217
304400,34.283
304410,37.543
304420,33.613
304430,39.112
304440,53.994
304450,33.193
304460,33.553
304470,35.685
304480,39.826
304490,34.739
304500,37.696
304510,44.250
304520,35.163
304530,35.077
304540,46.146
304550,34.844
304560,37.530
304570,34.465
304580,35.519
304590,57.899
304600,38.197
304610,36.036
304620,58.888
304630,36.344
304640,36.526
304650,38.745
304660,46.503
304670,35.718
304680,36.914
304690,36.851
304700,45.484
304710,39.195
304720,35.998
304730,50.764
304740,35.365
304750,35.266
304760,31.859
304770,45.204
304780,34.177
304790,34.939
304800,38.097
304810,48.014
304820,35.552
304830,52.988
304840,36.794
304850,34.167
304860,35.688
304870,34.524
304880,57.307
304890,34.957
304900,37.244
304910,35.068
304920,37.204
304930,63.146
304940,34.994
304950,47.726
304960,33.287
304970,42.992
304980,34.335
304990,34.424
305000,36.097
305010,43.458
305020,55.056
305030,34.650
305040,33.074
305050,35.927
305060,43.208
305070,35.299
305080,36.417
305090,32.452
305100,35.944
305110,59.291
305120,34.032
305130,35.427
305140,34.809
305150,33.196
305160,36.975
305170,33.784
305180,36.726
305190,49.656
305200,35.599
305210,39.920
305220,33.354
305230,37.694
305240,34.266
305250,39.991
305260,33.187
305270,35.021
305280,38.142
305290,39.497
305300,34.311
305310,35.410
305320,50.460
305330,32.592
305340,42.072
305350,34.149
305360,37.044
305370,48.009
305380,35.453
305390,36.750
305400,44.415
305410,36.220
305420,35.105
305430,50.878
305440,35.870
305450,35.502
305460,59.602
305470,34.973
305480,35.329
305490,37.842
305500,40.763
305510,52.964
305520,35.043
305530,35.562
305540,37.479
305550,34.138
305560,36.772
305570,53.997
305580,32.425
305590,40.463
305600,31.991
305610,43.302
305620,33.634
305630,49.297
305640,33.174
305650,35.812
305660,37.243
305670,42.233
305680,34.889
305690,35.916
305700,39.239
305710,36.574
305720,40.912
305730,33.337
305740,60.071
305750,34.985
305760,49.500
305770,32.852
305780,35.016
305790,54.791
305800,33.965
305810,34.163
305820,58.105
305830,37.302
305840,35.276
305850,47.086
305860,35.297
305870,34.623
305880,39.331
305890,33.246
305900,36.548
305910,42.239
305920,34.422
305930,36.587
305940,44.557
305950,34.860
305960,37.641
305970,31.473
305980,34.611
305990,33.039
306000,40.417
306010,35.491
306020,39.873
306030,33.005
306040,45.585
306050,34.784
306060,36.142
306070,61.617
306080,37.045
306090,34.805
306100,37.302
306110,42.842
306120,34.939
306130,36.770
306140,45.597
306150,35.447
306160,36.819
306170,37.824
306180,37.272
306190,56.091
306200,35.865
306210,35.874
306220,37.746
306230,43.435
306240,34.714
306250,36.954
306260,33.942
306270,35.452
306280,37.498
306290,38.045
306300,58.524
306310,35.221
306320,45.792
306330,33.136
306340,34.991
306350,58.332
306360,35.723
306370,54.814
306380,34.649
306390,33.785
306400,34.275
306410,32.832
306420,35.603
306430,43.134
306440,34.850
306450,56.602
306460,35.996
306470,35.328
306480,37.911
306490,38.491
306500,38.915
306510,56.126
306520,34.985
306530,36.070
306540,62.653
306550,35.498
306560,34.508
306570,56.581
306580,34.280
306590,37.102
306600,38.029
306610,58.290
306620,34.706
306630,35.564
306640,57.730
306650,34.934
306660,41.530
306670,33.294
306680,34.434
306690,36.769
306700,61.933
306710,38.212
306720,36.778
306730,42.109
306740,32.948
306750,34.723
306760,32.935
306770,52.760
306780,36.115
306790,38.970
306800,33.873
306810,41.733
306820,33.247
306830,42.934
306840,34.977
306850,39.067
306860,35.071
306870,36.020
306880,38.056
306890,34.217
306900,56.713
306910,35.633
306920,35.866
306930,37.166
306940,38.453
306950,34.975
306960,58.224
306970,35.693
306980,35.214
306990,37.530
307000,38.234
307010,58.062
307020,33.245
307030,33.897
307040,43.998
307050,35.750
307060,34.881
307070,37.949
307080,43.340
307090,35.000
307100,39.320
307110,33.867
307120,34.752
307130,33.941
307140,56.612
307150,34.857
307160,36.957
307170,33.508
307180,38.326
307190,49.169
307200,30.911
307210,51.356
307220,32.486
307230,48.473
307240,32.749
307250,36.271
307260,59.327
307270,36.682
307280,45.483
307290,33.928
307300,35.779
307310,37.406
307320,38.482
307330,35.953
307340,39.905
307350,34.904
307360,36.184
307370,41.503
307380,34.176
307390,38.911
307400,33.893
307410,41.882
307420,34.892
307430,36.636
307440,37.407
307450,35.258
307460,35.936
307470,45.152
307480,35.737
307490,36.108
307500,40.503
307510,50.291
307520,32.638
307530,55.759
307540,34.626
307550,34.359
307560,35.211
307570,33.409
307580,41.510
307590,35.112
307600,45.737
307610,36.360
307620,35.591
307630,58.432
307640,34.706
307650,36.111
307660,38.580
307670,34.313
307680,35.883
307690,44.535
307700,34.093
307710,37.034
307720,34.934
307730,38.401
307740,43.577
307750,34.295
307760,35.674
307770,61.969
307780,36.808
307790,50.343
307800,34.262
307810,37.866
307820,33.914
307830,36.555
307840,43.787
307850,34.676
307860,58.753
307870,36.968
307880,40.110
307890,33.034
307900,35.994
307910,55.543
307920,36.995
307930,35.925
307940,44.426
307950,35.673
307960,36.243
307970,39.987
307980,47.890
307990,31.325
308000,56.913
308010,37.387
308020,35.513
308030,48.389
308040,34.451
308050,36.445
308060,38.854
308070,46.398
308080,34.098
308090,60.493
308100,35.039
308110,49.189
308120,34.137
308130,36.690
308140,35.110
308150,33.744
308160,51.794
308170,34.999
308180,36.572
308190,39.529
308200,32.791
308210,53.820
308220,35.382
308230,35.764
308240,57.103
308250,31.613
308260,33.002
308270,36.499
308280,44.331
308290,34.768
308300,46.174
308310,34.081
308320,34.850
308330,38.155
308340,39.336
308350,40.253
308360,43.997
308370,36.547
308380,42.442
308390,33.740
308400,36.727
308410,50.905
308420,33.780
308430,34.680
308440,62.364
308450,36.711
308460,34.687
308470,54.805
308480,35.846
308490,34.692
308500,37.029
308510,35.036
308520,36.738
308530,41.455
308540,33.548
308550,36.323
308560,37.948
308570,43.125
308580,32.470
308590,56.277
308600,34.100
308610,35.165
308620,38.246
308630,36.934
308640,30.976
308650,35.113
308660,38.564
308670,51.663
308680,35.301
308690,34.482
308700,37.309
308710,53.541
308720,36.467
308730,36.221
308740,34.394
308750,40.351
308760,33.918
308770,34.758
308780,33.415
308790,36.677
308800,38.094
308810,40.532
308820,31.811
308830,38.526
308840,33.454
308850,36.904
308860,33.651
308870,35.659
308880,42.820
308890,34.533
308900,46.238
308910,35.101
308920,58.346
308930,35.643
308940,50.105
308950,34.571
308960,35.109
308970,40.427
308980,55.426
308990,34.343
309000,54.910
309010,35.197
309020,35.089
309030,36.199
309040,46.595
309050,35.613
309060,36.319
309070,37.849
309080,35.607
309090,38.242
309100,38.275
309110,48.004
309120,36.294
309130,36.414
309140,37.262
309150,51.575
309160,32.000
309170,50.902
309180,34.655
309190,35.833
309200,31.309
309210,51.907
309220,33.770
309230,33.931
309240,44.482
309250,35.268
309260,58.094
309270,35.014
309280,34.021
309290,36.490
309300,38.200
309310,52.876
309320,36.437
309330,37.151
309340,37.107
309350,37.134
309360,38.633
309370,35.204
309380,37.182
309390,52.816
309400,35.508
309410,51.802
309420,34.823
309430,35.328
309440,37.228
309450,37.339
309460,33.816
309470,44.063
309480,33.901
309490,59.449
309500,35.206
309510,34.856
309520,45.977
309530,34.527
309540,41.111
309550,32.602
309560,34.934
309570,37.859
309580,38.937
309590,46.652
309600,36.091
309610,50.519
309620,34.866
309630,57.610
309640,31.520
309650,52.499
309660,32.963
309670,33.601
309680,36.489
309690,33.376
309700,35.418
309710,38.991
309720,35.661
309730,35.995
309740,43.304
309750,37.769
309760,34.613
309770,49.747
309780,34.112
309790,35.746
309800,48.079
309810,33.917
309820,35.522
309830,36.883
309840,59.756
309850,35.929
309860,60.834
309870,35.695
309880,34.816
309890,36.601
309900,37.883
309910,50.182
309920,35.787
309930,57.170
309940,36.897
309950,55.728
309960,33.631
309970,35.286
309980,45.286
309990,33.872
310000,36.410
310010,41.857
310020,34.250
310030,36.617
310040,33.241
310050,54.865
310060,34.963
310070,40.372
310080,32.618
310090,36.337
310100,37.197
310110,38.518
310120,56.827
310130,33.768
310140,38.612
310150,32.714
310160,36.298
310170,33.809
310180,40.209
310190,34.507
310200,35.931
310210,48.500
310220,36.073
310230,37.638
310240,38.145
310250,39.364
310260,34.811
310270,36.408
310280,48.412
310290,34.278
310300,52.020
310310,34.173
310320,34.479
310330,36.903
310340,33.955
310350,35.809
310360,38.196
310370,34.063
310380,56.153
310390,36.716
310400,36.177
310410,51.465
310420,33.689
310430,36.567
310440,56.033
310450,32.437
310460,36.194
310470,32.683
310480,37.708
310490,33.268
310500,53.666
310510,37.498
310520,33.987
310530,36.557
310540,40.079
310550,34.374
310560,41.325
310570,33.938
310580,35.475
310590,34.000
310600,36.532
310610,43.076
310620,35.992
310630,40.669
310640,34.223
310650,58.303
310660,33.431
310670,34.529
310680,36.171
310690,38.964
310700,36.560
310710,52.025
310720,33.085
310730,45.861
310740,32.035
310750,34.424
310760,36.346
310770,39.183
310780,39.021
310790,41.820
310800,36.160
310810,39.248
310820,35.062
310830,36.858
310840,32.924
310850,55.129
310860,34.891
310870,34.815
310880,47.690
310890,34.884
310900,53.717
310910,34.917
310920,49.197
310930,33.719
310940,36.371
310950,33.616
310960,35.908
310970,36.378
310980,58.528
310990,31.737
311000,40.104
311010,33.420
311020,59.246
311030,34.692
311040,34.092
311050,44.391
311060,34.472
311070,36.763
311080,37.076
311090,35.153
311100,45.494
311110,34.460
311120,37.362
311130,34.714
311140,46.110
311150,34.212
311160,35.533
311170,45.521
311180,32.607
311190,35.517
311200,45.845
311210,37.403
311220,35.243
311230,45.293
311240,34.036
311250,38.064
311260,32.627
311270,35.754
311280,37.713
311290,33.898
311300,35.845
311310,40.006
311320,35.276
311330,52.483
311340,38.545
311350,34.124
311360,45.153
311370,35.082
311380,35.748
311390,38.013
311400,38.553
311410,38.846
311420,35.675
311430,36.915
311440,36.782
311450,34.921
311460,36.585
311470,34.501
311480,35.625
311490,37.819
311500,39.555
311510,52.972
311520,31.355
311530,32.762
311540,36.207
311550,35.326
311560,37.710
311570,34.007
311580,35.755
311590,37.481
311600,40.217
311610,52.658
311620,34.697
311630,35.551
311640,48.561
311650,34.276
311660,36.007
311670,57.365
311680,36.859
311690,36.953
311700,52.805
311710,37.273
311720,35.403
311730,37.414
311740,38.673
311750,38.220
311760,47.654
311770,35.521
311780,34.191
311790,35.436
311800,36.843
311810,34.913
311820,48.103
311830,35.756
311840,54.020
311850,34.398
311860,34.331
311870,38.885
311880,41.433
311890,55.848
311900,34.258
311910,47.725
311920,33.241
311930,57.426
311940,34.887
311950,34.498
311960,36.522
311970,47.312
311980,36.698
311990,36.910
312000,36.844
312010,44.085
312020,35.587
312030,53.247
312040,34.632
312050,35.368
312060,52.004
312070,35.245
312080,53.511
312090,34.462
312100,36.003
312110,37.788
312120,34.629
312130,38.046
312140,33.448
312150,41.942
312160,34.402
312170,36.189
312180,57.702
312190,36.979
312200,35.469
312210,46.578
312220,32.620
312230,35.304
312240,33.363
312250,35.220
312260,40.026
312270,33.865
312280,36.471
312290,38.028
312300,39.883
312310,36.266
312320,43.019
312330,34.822
312340,35.833
312350,64.489
312360,35.519
312370,34.733
312380,35.929
312390,46.513
312400,36.783
312410,37.731
312420,37.249
312430,57.463
312440,35.128
312450,40.283
312460,30.180
312470,35.214
312480,32.775
312490,38.548
312500,32.504
312510,47.410
312520,34.169
312530,40.924
312540,34.657
312550,35.747
312560,39.380
312570,35.118
312580,43.873
312590,33.994
312600,53.057
312610,45.794
312620,31.969
312630,34.627
312640,42.413
312650,33.534
312660,32.914
312670,50.307
312680,34.378
312690,36.363
312700,37.978
312710,38.760
312720,34.390
312730,42.605
312740,34.510
312750,58.629
312760,35.567
312770,46.818
312780,33.647
312790,40.678
312800,32.466
312810,36.030
312820,37.797
312830,33.299
312840,36.837
312850,38.968
312860,35.545
312870,59.639
312880,36.877
312890,57.094
312900,33.190
312910,43.055
312920,32.471
312930,41.172
312940,52.695
312950,34.075
312960,33.634
312970,58.389
312980,35.874
312990,36.393
313000,58.528
313010,37.873
313020,35.861
313030,37.035
313040,33.869
313050,38.591
313060,48.967
313070,35.764
313080,36.343
313090,49.777
313100,34.024
313110,55.706
313120,35.555
313130,33.806
313140,36.479
313150,57.966
313160,32.862
313170,33.741
313180,53.666
313190,35.421
313200,34.628
313210,57.528
313220,36.582
313230,35.269
313240,60.789
313250,33.397
313260,35.500
313270,38.347
313280,49.526
313290,31.159
313300,34.631
313310,49.059
313320,36.081
313330,35.293
313340,37.405
313350,43.530
313360,34.554
313370,36.115
313380,51.684
313390,35.297
313400,36.171
313410,44.188
313420,34.157
313430,37.242
313440,42.558
313450,34.599
313460,55.818
313470,37.045
313480,36.108
313490,37.193
313500,39.110
313510,35.430
313520,38.521
313530,39.635
313540,34.377
313550,37.228
313560,56.057
313570,35.051
313580,35.456
313590,41.154
313600,55.383
313610,33.952
313620,33.952
313630,59.248
313640,35.494
313650,35.376
313660,53.958
313670,35.150
313680,35.987
313690,38.058
313700,39.536
313710,47.113
313720,37.425
313730,49.171
313740,36.472
313750,56.186
313760,34.878
313770,34.519
313780,36.670
313790,41.701
313800,35.342
313810,59.850
313820,35.408
313830,34.138
313840,37.292
313850,38.026
313860,47.357
313870,34.409
313880,35.066
313890,42.624
313900,35.525
313910,35.421
313920,46.063
313930,36.841
313940,35.596
313950,37.650
313960,41.299
313970,34.828
313980,36.933
313990,39.318
314000,35.414
314010,46.873
314020,34.133
314030,52.510
314040,34.380
314050,58.363
314060,33.892
314070,33.880
314080,44.964
314090,33.251
314100,60.350
314110,35.879
314120,35.324
314130,36.738
314140,37.277
314150,58.795
314160,35.430
314170,34.375
314180,56.067
314190,36.905
314200,56.489
314210,33.100
314220,35.568
314230,39.272
314240,32.565
314250,35.864
314260,34.687
314270,35.607
314280,36.662
314290,34.668
314300,36.559
314310,38.153
314320,39.478
314330,34.554
314340,37.500
314350,50.037
314360,35.336
314370,40.839
314380,35.863
314390,36.302
314400,42.520
314410,35.466
314420,33.740
314430,49.385
314440,35.699
314450,35.727
314460,54.800
314470,35.369
314480,35.212
314490,37.589
314500,40.521
314510,36.067
314520,44.810
314530,34.773
314540,46.159
314550,37.019
314560,35.552
314570,42.590
314580,33.973
314590,35.404
314600,38.707
314610,44.812
314620,35.949
314630,61.042
314640,33.796
314650,35.296
314660,41.204
314670,35.161
314680,36.673
314690,54.745
314700,36.519
314710,45.419
314720,32.939
314730,57.886
314740,34.866
314750,33.874
314760,58.881
314770,38.375
314780,60.097
314790,34.929
314800,34.367
314810,44.238
314820,30.621
314830,57.236
314840,35.902
314850,33.356
314860,37.339
314870,33.577
314880,36.536
314890,35.420
314900,36.096
314910,37.487
314920,33.972
314930,36.463
314940,38.165
314950,35.770
314960,36.607
314970,37.887
314980,36.143
314990,37.129
315000,38.462
315010,35.094
315020,38.161
315030,52.000
315040,37.728
315050,46.036
315060,34.166
315070,34.471
315080,56.300
315090,36.650
315100,35.307
315110,46.197
315120,35.005
315130,56.307
315140,35.334
315150,35.180
315160,39.982
315170,34.149
315180,59.386
315190,34.867
315200,35.282
315210,37.657
315220,38.690
315230,36.642
315240,57.216
315250,35.176
315260,37.294
315270,55.683
315280,36.592
315290,33.995
315300,41.714
315310,36.053
315320,36.927
315330,33.473
315340,44.066
315350,34.700
315360,35.804
315370,46.442
315380,35.740
315390,55.025
315400,35.239
315410,35.125
315420,56.131
315430,34.943
315440,34.289
315450,36.168
315460,39.282
315470,35.341
315480,37.106
315490,36.942
315500,34.852
315510,36.479
315520,47.455
315530,35.327
315540,36.341
315550,58.654
315560,36.009
315570,40.256
315580,34.257
315590,36.340
315600,52.807
315610,35.746
315620,34.886
315630,33.849
315640,37.940
315650,50.040
315660,37.561
315670,35.600
315680,38.062
315690,40.818
315700,57.082
315710,34.506
315720,34.551
315730,37.196
315740,34.700
315750,56.072
315760,35.651
315770,34.591
315780,45.805
315790,33.452
315800,36.371
315810,38.249
315820,36.036
315830,37.167
315840,43.794
315850,46.190
315860,35.170
315870,33.591
315880,39.147
315890,35.377
315900,36.774
315910,43.954
315920,34.832
315930,57.786
315940,33.045
315950,34.772
315960,37.696
315970,36.526
315980,40.585
315990,36.817
316000,42.234
316010,36.125
316020,35.307
316030,38.950
316040,39.504
316050,43.561
316060,36.131
316070,35.750
316080,34.206
316090,52.554
316100,34.836
316110,42.286
316120,33.447
316130,59.146
316140,34.688
316150,35.657
316160,35.992
316170,34.641
316180,58.759
316190,35.698
316200,36.111
316210,42.411
316220,34.983
316230,35.661
316240,36.856
316250,34.686
316260,36.840
316270,37.112
316280,56.754
316290,35.717
316300,33.988
316310,37.260
316320,38.756
316330,35.546
316340,38.843
316350,33.497
316360,39.043
316370,41.524
316380,31.704
316390,34.780
316400,38.399
316410,47.963
316420,36.961
316430,42.827
316440,33.164
316450,52.306
316460,32.644
316470,35.871
316480,43.291
316490,33.798
316500,38.979
316510,34.011
316520,37.158
316530,37.455
316540,47.265
316550,36.608
316560,59.517
316570,35.829
316580,35.348
316590,38.046
316600,34.965
316610,42.699
316620,33.798
316630,55.052
316640,35.192
316650,34.882
316660,37.692
316670,41.570
316680,34.676
316690,47.027
316700,35.222
316710,35.321
316720,39.288
316730,33.590
316740,35.543
316750,48.321
316760,35.414
316770,37.028
316780,42.107
316790,33.889
316800,35.691
316810,44.512
316820,31.635
316830,35.565
316840,55.615
316850,35.801
316860,35.238
316870,36.370
316880,39.022
316890,41.823
316900,36.154
316910,37.030
316920,59.765
316930,34.286
316940,33.309
316950,47.107
316960,35.309
316970,35.819
316980,37.880
316990,34.793
317000,35.201
317010,42.899
317020,50.821
317030,33.305
317040,35.975
317050,56.509
317060,36.159
317070,35.107
317080,35.756
317090,38.394
317100,37.619
317110,35.336
317120,36.019
317130,36.833
317140,42.383
317150,35.007
317160,36.238
317170,38.060
317180,43.145
317190,35.654
317200,55.614
317210,34.305
317220,35.055
317230,37.982
317240,33.558
317250,36.241
317260,44.394
317270,34.892
317280,48.295
317290,33.813
317300,40.880
317310,33.592
317320,38.059
317330,32.694
317340,35.750
317350,49.070
317360,35.063
317370,40.097
317380,33.223
317390,36.437
317400,37.148
317410,46.593
317420,35.083
317430,36.610
317440,38.540
317450,46.884
317460,34.860
317470,35.789
317480,41.650
317490,34.852
317500,36.242
317510,46.370
317520,34.315
317530,43.124
317540,35.112
317550,36.429
317560,50.435
317570,34.753
317580,59.014
317590,35.469
317600,39.076
317610,34.770
317620,35.408
317630,36.338
317640,41.537
317650,33.509
317660,36.734
317670,42.525
317680,33.837
317690,36.948
317700,46.444
317710,57.177
317720,34.087
317730,32.854
317740,50.142
317750,35.572
317760,34.254
317770,56.016
317780,36.613
317790,42.934
317800,33.482
317810,34.535
317820,44.312
317830,34.341
317840,53.127
317850,35.480
317860,33.663
317870,56.103
317880,36.207
317890,48.107
317900,33.197
317910,38.083
317920,34.189
317930,35.045
317940,61.762
317950,36.351
317960,34.628
317970,37.048
317980,35.493
317990,36.422
318000,59.622
318010,35.869
318020,35.214
318030,47.813
318040,34.536
318050,34.912
318060,37.237
318070,42.452
318080,35.044
318090,59.284
318100,35.783
318110,35.421
318120,39.775
318130,33.746
318140,36.867
318150,40.717
318160,35.005
318170,51.746
318180,34.231
318190,42.863
318200,33.264
318210,43.002
318220,34.013
318230,35.620
318240,37.678
318250,36.499
318260,37.249
318270,38.902
318280,34.311
318290,37.265
318300,39.216
318310,38.248
318320,33.183
318330,57.521
318340,35.385
318350,35.153
318360,40.832
318370,34.706
318380,36.526
318390,51.399
318400,34.322
318410,44.228
318420,34.117
318430,35.065
318440,44.429
318450,35.446
318460,35.821
318470,37.011
318480,47.278
318490,33.632
318500,36.408
318510,36.888
318520,46.895
318530,32.816
318540,35.499
318550,36.744
318560,57.110
318570,33.851
318580,35.700
318590,39.705
318600,34.153
318610,48.817
318620,35.849
318630,36.103
318640,59.307
318650,54.034
318660,31.696
318670,32.936
318680,37.078
318690,33.128
318700,34.635
318710,43.219
318720,36.158
318730,41.168
318740,35.564
318750,45.249
318760,35.814
318770,57.613
318780,33.619
318790,56.838
318800,34.238
318810,39.278
318820,31.513
318830,34.553
318840,35.825
318850,38.210
318860,34.680
318870,42.877
318880,33.151
318890,36.142
318900,41.679
318910,33.993
318920,36.297
318930,40.227
318940,34.263
318950,40.100
318960,33.766
318970,37.109
318980,62.047
318990,34.915
319000,51.628
319010,36.652
319020,56.772
319030,34.721
319040,36.244
319050,38.450
319060,33.805
319070,33.954
319080,48.020
319090,34.906
319100,39.619
319110,36.730
319120,34.868
319130,36.718
319140,37.881
319150,36.954
319160,34.225
319170,43.824
319180,33.749
319190,35.787
319200,36.499
319210,35.611
319220,39.093
319230,34.491
319240,59.066
319250,35.219
319260,59.537
319270,31.619
319280,34.453
319290,51.270
319300,35.585
319310,41.613
319320,33.804
319330,54.058
319340,35.745
319350,35.675
319360,37.471
319370,44.274
319380,49.388
319390,34.242
319400,33.762
319410,37.312
319420,40.342
319430,35.505
319440,36.787
319450,38.463
319460,60.959
319470,36.104
319480,35.014
319490,37.243
319500,56.127
319510,37.905
319520,56.557
319530,35.820
319540,36.307
319550,40.959
319560,32.916
319570,35.689
319580,39.087
319590,40.147
319600,43.540
319610,50.318
319620,34.562
319630,50.777
319640,32.986
319650,36.089
319660,48.931
319670,33.910
319680,58.921
319690,34.139
319700,34.279
319710,42.123
319720,34.209
319730,35.109
319740,37.109
319750,58.977
319760,36.782
319770,53.968
319780,33.818
319790,36.057
319800,36.311
319810,44.439
319820,34.951
319830,41.768
319840,33.055
319850,44.955
319860,33.841
319870,47.335
319880,34.408
319890,35.399
319900,38.173
319910,40.516
319920,40.241
319930,35.430
319940,35.782
319950,59.301
319960,36.158
319970,35.373
319980,59.098
319990,35.942
320000,53.320
320010,34.759
320020,47.904
320030,33.689
320040,36.142
320050,37.752
320060,38.026
320070,38.884
320080,39.175
320090,35.977
320100,52.816
320110,34.851
320120,36.124
320130,55.775
320140,37.162
320150,36.104
320160,59.111
320170,34.151
320180,33.814
320190,61.153
320200,34.757
320210,40.087
320220,34.791
320230,43.117
320240,32.817
320250,34.094
320260,40.051
320270,36.914
320280,54.751
320290,34.770
320300,34.153
320310,47.230
320320,34.118
320330,35.856
320340,36.708
320350,38.187
320360,35.637
320370,59.653
320380,36.164
320390,34.415
320400,36.623
320410,39.866
320420,54.323
320430,33.027
320440,33.164
320450,39.712
320460,35.473
320470,36.347
320480,36.424
320490,33.654
320500,37.055
320510,42.533
320520,35.154
320530,37.439
320540,34.954
320550,40.794
320560,32.769
320570,48.316
320580,35.136
320590,56.241
320600,35.099
320610,36.162
320620,42.918
320630,34.080
320640,33.862
320650,34.691
320660,36.450
320670,55.200
320680,35.144
320690,34.440
320700,60.916
320710,38.249
320720,36.373
320730,38.663
320740,45.173
320750,35.370
320760,34.621
320770,43.531
320780,34.563
320790,36.317
320800,46.401
320810,35.844
320820,36.568
320830,37.313
320840,40.848
320850,36.387
320860,56.790
320870,37.201
320880,35.677
320890,48.192
320900,33.557
320910,40.161
320920,54.769
320930,32.878
320940,33.044
320950,55.134
320960,34.579
320970,33.320
320980,46.110
320990,34.468
321000,44.675
321010,34.020
321020,37.284
321030,56.670
321040,36.310
321050,33.777
321060,35.088
321070,49.092
321080,32.761
321090,39.656
321100,32.359
321110,42.251
321120,34.049
321130,36.546
321140,41.997
321150,35.392
321160,2160.472
321170,3580.112
321180,4092.220
321190,4271.265
321200,4331.657
321210,4350.119
321220,4493.308
321230,4391.994
321240,4348.029
321250,4325.498
321260,4318.873
321270,4308.191
321280,4296.642
321290,4288.405
321300,4281.565
321310,4585.247
321320,4769.182
321330,4827.626
321340,4860.026
321350,4683.490
321360,4402.967
321370,4298.811
321380,4254.591
321390,4233.471
321400,4219.142
321410,4209.543
321420,4207.865
321430,4198.106
321440,4561.484
321450,4744.844
321460,4820.764
321470,4822.350
321480,4678.439
321490,4530.527
321500,4465.441
321510,5047.609
321520,32393.852
321530,69070.531
321540,82588.063
321550,87526.508
321560,89313.063
321570,56654.602
321580,25031.318
321590,15276.509
321600,11679.899
321610,10365.292
321620,9873.141
321630,9565.836
321640,9337.983
321650,8294.102
321660,3215.437
321670,1185.720
321680,438.691
321690,163.760
321700,62.547
321710,25.311
321720,11.574
321730,6.594
321740,4.784
321750,4.412
321760,12.310
321770,27.265
321780,34.758
321790,38.380
321800,34.601
321810,39.688
321820,33.347
321830,34.499
321840,33.364
321850,37.078
321860,38.803
321870,39.584
321880,47.422
321890,35.397
321900,57.598
321910,37.543
321920,48.443
321930,32.182
321940,57.250
321950,34.587
321960,35.895
321970,53.853
321980,37.151
321990,39.845
322000,33.082
322010,35.412
322020,55.985
322030,35.400
322040,39.752
322050,33.351
322060,35.084
322070,37.163
322080,50.875
322090,38.335
322100,42.377
322110,33.094
322120,32.651
322130,46.894
322140,35.527
322150,41.769
322160,33.998
322170,45.625
322180,33.090
322190,38.175
322200,33.973
322210,37.641
322220,33.144
322230,55.816
322240,33.964
322250,35.133
322260,36.414
322270,34.869
322280,38.136
322290,33.963
322300,35.603
322310,66.612
322320,33.974
322330,34.856
322340,38.925
322350,32.400
322360,52.956
322370,32.627
322380,34.150
322390,36.588
322400,50.711
322410,35.530
322420,38.235
322430,34.179
322440,35.233
322450,44.526
322460,33.536
322470,34.430
322480,36.263
322490,50.528
322500,35.569
322510,53.520
322520,36.402
322530,35.308
322540,45.029
322550,34.003
322560,37.401
322570,32.537
322580,52.215
322590,36.581
322600,35.760
322610,41.479
322620,33.672
322630,36.822
322640,58.660
322650,36.981
322660,35.999
322670,40.860
322680,35.038
322690,34.567
322700,44.007
322710,35.324
322720,37.650
322730,42.586
322740,35.380
322750,37.531
322760,57.638
322770,38.557
322780,36.335
322790,47.690
322800,32.540
322810,35.163
322820,40.050
322830,32.791
322840,57.063
322850,33.474
322860,36.051
322870,57.885
322880,38.378
322890,35.324
322900,41.100
322910,33.371
322920,39.289
322930,33.838
322940,35.131
322950,36.981
322960,39.790
322970,35.837
322980,38.049
322990,59.958
323000,35.780
323010,34.552
323020,38.033
323030,38.800
323040,38.584
323050,52.042
323060,33.586
323070,58.092
323080,35.836
323090,35.267
323100,38.627
323110,53.225
323120,34.747
323130,32.600
323140,42.303
323150,34.104
323160,35.615
323170,33.582
323180,34.945
323190,36.321
323200,32.900
323210,50.929
323220,34.491
323230,44.961
323240,52.921
323250,31.634
323260,33.412
323270,36.857
323280,34.974
323290,42.562
323300,34.452
323310,36.147
323320,60.752
323330,36.743
323340,34.636
323350,38.023
323360,34.523
323370,34.967
323380,40.890
323390,35.286
323400,35.407
323410,34.067
323420,39.842
323430,54.541
323440,32.924
323450,34.207
323460,36.807
323470,34.183
323480,36.079
323490,47.832
323500,34.696
323510,35.669
323520,37.123
323530,34.472
323540,36.254
323550,34.531
323560,37.431
323570,34.160
323580,36.546
323590,60.612
323600,35.126
323610,43.490
323620,32.962
323630,35.813
323640,37.645
323650,57.657
323660,35.897
323670,35.518
323680,60.616
323690,35.400
323700,55.689
323710,33.931
323720,35.037
323730,52.478
323740,34.621
323750,51.188
323760,34.547
323770,47.062
323780,32.732
323790,50.425
323800,32.525
323810,36.059
323820,37.994
323830,40.157
323840,35.403
323850,63.477
323860,35.269
323870,35.725
323880,37.514
323890,46.087
323900,35.570
323910,35.206
323920,46.598
323930,34.750
323940,36.163
323950,63.964
323960,35.821
323970,35.696
323980,57.417
323990,35.358
324000,57.353
324010,34.212
324020,45.914
324030,34.076
324040,35.921
324050,45.130
324060,34.966
324070,36.481
324080,53.525
324090,36.811
324100,35.433
324110,38.139
324120,34.668
324130,56.999
324140,35.521
324150,40.316
324160,31.898
324170,54.485
324180,35.980
324190,34.657
324200,57.926
324210,35.239
324220,34.822
324230,37.654
324240,32.815
324250,35.790
324260,34.190
324270,36.812
324280,35.272
324290,37.206
324300,57.029
324310,35.768
324320,35.043
324330,37.763
324340,58.101
324350,36.613
324360,32.702
324370,32.419
324380,58.707
324390,36.732
324400,47.585
324410,33.318
324420,58.461
324430,35.371
324440,34.140
324450,57.559
324460,35.234
324470,35.397
324480,41.986
324490,32.956
324500,35.710
324510,40.186
324520,36.069
324530,35.435
324540,37.151
324550,33.151
324560,50.515
324570,35.018
324580,48.592
324590,33.264
324600,35.525
324610,65.919
324620,36.191
324630,34.581
324640,56.407
324650,35.295
324660,41.262
324670,31.870
324680,35.958
324690,36.570
324700,34.558
324710,37.376
324720,32.526
324730,62.207
324740,36.131
324750,34.454
324760,45.571
324770,33.284
324780,46.912
324790,35.405
324800,35.897
324810,40.469
324820,34.557
324830,37.108
324840,38.523
324850,55.033
324860,33.111
324870,34.098
324880,37.007
324890,35.158
324900,36.986
324910,53.591
324920,36.775
324930,50.271
324940,34.002
324950,34.614
324960,44.758
324970,36.351
324980,53.700
324990,34.320
325000,35.533
325010,32.927
325020,35.363
325030,38.504
325040,60.926
325050,37.315
325060,34.773
325070,55.637
325080,35.573
325090,54.088
325100,33.532
325110,36.002
325120,47.729
325130,33.368
325140,35.652
325150,58.525
325160,35.993
325170,35.364
325180,37.881
325190,35.242
325200,37.548
325210,39.075
325220,39.457
325230,36.488
325240,36.030
325250,35.386
325260,37.529
325270,37.324
325280,43.762
325290,50.340
325300,32.330
325310,39.481
325320,32.823
325330,34.302
325340,38.086
325350,34.786
325360,36.716
325370,46.504
325380,34.606
325390,35.762
325400,36.924
325410,45.568
325420,35.004
325430,36.264
325440,39.763
325450,34.536
325460,35.439
325470,35.250
325480,37.419
325490,38.547
325500,35.018
325510,36.207
325520,41.776
325530,35.363
325540,44.788
325550,33.154
325560,32.679
325570,33.217
325580,37.992
325590,31.684
325600,37.865
325610,33.653
325620,33.755
325630,41.401
325640,34.072
325650,48.444
325660,34.216
325670,34.614
325680,38.327
325690,35.623
325700,36.853
325710,42.706
325720,34.094
325730,37.186
325740,33.848
325750,58.484
325760,37.041
325770,34.857
325780,42.563
325790,32.907
325800,38.547
325810,33.666
325820,38.187
325830,33.211
325840,37.213
325850,51.355
325860,36.142
325870,57.599
325880,33.682
325890,35.178
325900,37.337
325910,55.824
325920,34.880
325930,35.186
325940,45.490
325950,35.129
325960,36.283
325970,48.550
325980,36.623
325990,35.641
326000,36.104
326010,46.300
326020,35.452
326030,36.889
326040,44.555
326050,34.390
326060,36.445
326070,31.889
326080,56.426
326090,35.477
326100,35.190
326110,36.937
326120,51.908
326130,36.476
326140,38.436
326150,32.306
326160,36.684
326170,37.018
326180,38.492
326190,58.261
326200,34.402
326210,34.451
326220,54.281
326230,34.142
326240,44.107
326250,33.930
326260,35.879
326270,41.827
326280,33.797
326290,35.560
326300,40.843
326310,35.464
326320,36.999
326330,33.555
326340,43.154
326350,34.058
326360,35.383
326370,38.551
326380,33.906
326390,36.131
326400,39.608
326410,34.290
326420,56.625
326430,36.468
326440,34.755
326450,42.629
326460,35.865
326470,52.788
326480,36.401
326490,34.347
326500,58.218
326510,35.988
326520,35.777
326530,42.211
326540,33.525
326550,36.084
326560,31.919
326570,32.161
326580,35.729
326590,40.083
326600,33.756
326610,37.099
326620,40.744
326630,34.227
326640,43.701
326650,33.755
326660,36.353
326670,44.577
326680,35.414
326690,36.354
326700,38.061
326710,41.504
326720,33.920
326730,35.217
326740,61.731
326750,36.127
326760,34.301
326770,51.879
326780,34.997
326790,35.458
326800,40.483
326810,36.396
326820,56.803
326830,34.181
326840,35.232
326850,37.178
326860,51.073
326870,35.374
326880,35.399
326890,47.840
326900,33.889
326910,36.128
326920,38.388
326930,48.051
326940,39.220
326950,35.055
326960,34.674
326970,35.453
326980,34.456
326990,60.271
327000,34.779
327010,56.758
327020,36.967
327030,45.442
327040,34.685
327050,34.872
327060,35.083
327070,33.585
327080,36.059
327090,40.005
327100,34.913
327110,36.685
327120,34.811
327130,36.404
327140,37.638
327150,40.462
327160,36.069
327170,36.822
327180,48.470
327190,34.016
327200,57.325
327210,36.632
327220,57.724
327230,35.163
327240,33.262
327250,46.165
327260,34.746
327270,35.864
327280,53.034
327290,36.892
327300,34.912
327310,50.921
327320,33.863
327330,35.322
327340,37.500
327350,43.680
327360,36.436
327370,57.597
327380,36.695
327390,34.431
327400,37.075
327410,50.621
327420,36.499
327430,34.955
327440,58.646
327450,37.986
327460,36.588
327470,37.181
327480,40.515
327490,34.776
327500,54.622
327510,33.697
327520,50.084
327530,35.156
327540,35.296
327550,41.870
327560,37.327
327570,36.136
327580,42.221
327590,34.147
327600,46.553
327610,34.844
327620,35.557
327630,63.035
327640,36.112
327650,35.282
327660,38.012
327670,39.861
327680,44.815
327690,36.229
327700,41.400
327710,33.123
327720,35.157
327730,42.322
327740,38.066
327750,34.985
327760,41.617
327770,47.769
327780,33.615
327790,57.400
327800,35.017
327810,34.915
327820,38.215
327830,33.283
327840,36.970
327850,45.569
327860,33.874
327870,34.421
327880,49.490
327890,35.527
327900,34.579
327910,38.164
327920,44.782
327930,49.530
327940,34.290
327950,33.487
327960,36.069
327970,32.496
327980,39.255
327990,34.016
328000,35.543
328010,37.415
328020,34.980
328030,36.479
328040,54.352
328050,35.581
328060,36.506
328070,38.454
328080,33.423
328090,43.755
328100,34.226
328110,34.927
328120,58.343
328130,35.745
328140,39.614
328150,49.744
328160,34.490
328170,33.761
328180,56.957
328190,34.544
328200,37.749
328210,32.437
328220,35.391
328230,37.793
328240,34.191
328250,36.408
328260,38.143
328270,34.605
328280,49.436
328290,36.459
328300,51.416
328310,34.631
328320,35.273
328330,46.255
328340,33.929
328350,35.966
328360,47.190
328370,35.262
328380,34.635
328390,42.540
328400,35.388
328410,38.203
328420,37.942
328430,50.060
328440,37.353
328450,35.812
328460,44.886
328470,34.509
328480,39.875
328490,32.861
328500,43.418
328510,33.841
328520,53.192
328530,33.717
328540,36.104
328550,51.430
328560,36.727
328570,58.456
328580,34.654
328590,34.129
328600,36.698
328610,35.685
328620,52.280
328630,34.032
328640,59.321
328650,34.705
328660,34.374
328670,37.595
328680,59.147
328690,34.998
328700,54.520
328710,36.332
328720,34.866
328730,70.439
328740,31.698
328750,46.380
328760,33.328
328770,33.781
328780,43.839
328790,33.702
328800,34.687
328810,37.271
328820,62.723
328830,36.924
328840,35.872
328850,45.566
328860,47.497
328870,37.104
328880,33.921
328890,35.051
328900,53.045
328910,34.491
328920,35.231
328930,36.690
328940,35.748
328950,41.520
328960,34.029
328970,41.330
328980,33.864
328990,39.113
329000,33.574
329010,35.919
329020,53.803
329030,35.422
329040,33.013
329050,33.741
329060,36.186
329070,47.226
329080,36.465
329090,36.762
329100,39.417
329110,34.779
329120,35.758
329130,34.425
329140,36.903
329150,57.952
329160,36.712
329170,34.588
329180,36.590
329190,37.926
329200,39.504
329210,41.326
329220,34.274
329230,37.600
329240,39.409
329250,34.762
329260,45.838
329270,36.100
329280,35.934
329290,37.852
329300,54.915
329310,36.430
329320,37.440
329330,33.205
329340,35.567
329350,39.272
329360,36.173
329370,36.182
329380,55.145
329390,32.566
329400,35.570
329410,42.658
329420,36.346
329430,34.878
329440,37.382
329450,70.104
329460,35.347
329470,34.699
329480,35.979
329490,39.848
329500,35.313
329510,36.272
329520,39.948
329530,34.958
329540,60.375
329550,35.896
329560,36.521
329570,39.680
329580,32.887
329590,34.565
329600,44.240
329610,33.340
329620,56.419
329630,33.723
329640,34.164
329650,37.990
329660,36.318
329670,51.235
329680,33.832
329690,34.986
329700,38.786
329710,32.651
329720,33.952
329730,34.773
329740,52.783
329750,36.015
329760,35.612
329770,60.251
329780,35.251
329790,33.810
329800,36.208
329810,34.698
329820,45.692
329830,34.193
329840,34.929
329850,40.561
329860,34.550
329870,40.680
329880,40.960
329890,32.458
329900,32.246
329910,36.416
329920,44.545
329930,35.833
329940,37.291
329950,39.561
329960,47.713
329970,36.486
329980,56.045
329990,34.282
330000,35.855
330010,47.053
330020,33.607
330030,36.343
330040,38.991
330050,33.537
330060,35.999
330070,38.136
330080,34.152
330090,36.531
330100,54.676
330110,37.316
330120,35.255
330130,39.262
330140,33.187
330150,35.879
330160,35.800
330170,49.961
330180,33.687
330190,56.485
330200,36.557
330210,34.110
330220,45.728
330230,36.172
330240,35.996
330250,50.420
330260,38.219
330270,35.725
330280,37.152
330290,58.876
330300,36.457
330310,58.843
330320,33.691
330330,36.484
330340,32.032
330350,59.732
330360,34.777
330370,35.382
330380,44.580
330390,34.144
330400,35.980
330410,44.947
330420,34.439
330430,51.175
330440,31.532
330450,33.398
330460,35.305
330470,35.395
330480,37.433
330490,38.891
330500,56.630
330510,39.161
330520,51.208
330530,35.474
330540,33.737
330550,36.954
330560,34.580
330570,50.172
330580,35.267
330590,56.064
330600,34.484
330610,34.809
330620,38.763
330630,34.464
330640,35.970
330650,37.497
330660,35.782
330670,52.264
330680,33.572
330690,34.562
330700,38.495
330710,34.700
330720,40.325
330730,34.122
330740,35.459
330750,61.713
330760,35.677
330770,34.964
330780,55.444
330790,37.398
330800,34.386
330810,36.033
330820,59.151
330830,33.988
330840,34.796
330850,39.126
330860,34.254
330870,47.563
330880,34.815
330890,34.754
330900,53.823
330910,36.144
330920,40.739
330930,32.839
330940,35.576
330950,38.853
330960,39.498
330970,51.243
330980,36.084
330990,40.447
331000,33.217
331010,46.448
331020,36.256
331030,34.932
331040,38.014
331050,33.343
331060,35.147
331070,33.241
331080,36.365
331090,37.984
331100,56.746
331110,34.580
331120,39.282
331130,31.843
331140,33.375
331150,35.657
331160,35.056
331170,36.463
331180,38.457
331190,47.100
331200,40.445
331210,36.208
331220,47.088
331230,31.538
331240,31.978
331250,51.516
331260,34.549
331270,36.049
331280,38.570
331290,34.213
331300,39.539
331310,34.201
331320,37.356
331330,34.554
331340,35.798
331350,37.073
331360,34.596
331370,60.626
331380,37.028
331390,34.237
331400,39.468
331410,33.194
331420,35.974
331430,41.682
331440,36.924
331450,48.864
331460,36.160
331470,39.109
331480,31.612
331490,34.676
331500,37.189
331510,38.409
331520,35.297
331530,36.954
331540,37.716
331550,43.075
331560,36.644
331570,39.837
331580,33.273
331590,38.931
331600,34.910
331610,36.696
331620,37.275
331630,34.607
331640,41.232
331650,52.806
331660,32.328
331670,33.563
331680,40.718
331690,34.452
331700,61.015
331710,34.699
331720,35.776
331730,37.144
331740,62.657
331750,36.070
331760,45.492
331770,32.739
331780,41.034
331790,32.620
331800,34.388
331810,45.165
331820,33.470
331830,43.526
331840,33.623
331850,46.568
331860,34.455
331870,35.021
331880,55.968
331890,34.966
331900,40.541
331910,33.589
331920,36.264
331930,56.901
331940,33.331
331950,55.635
331960,35.032
331970,34.079
331980,37.009
331990,51.201
332000,35.839
332010,37.932
332020,33.420
332030,36.423
332040,49.082
332050,34.698
332060,35.785
332070,42.701
332080,32.964
332090,45.761
332100,32.766
332110,34.918
332120,50.868
332130,36.429
332140,34.997
332150,44.019
332160,33.672
332170,35.651
332180,52.497
332190,35.878
332200,56.193
332210,35.340
332220,34.400
332230,56.171
332240,36.539
332250,35.265
332260,56.083
332270,35.705
332280,35.831
332290,41.037
332300,34.082
332310,36.800
332320,57.272
332330,32.132
332340,32.723
332350,64.511
332360,35.104
332370,34.409
332380,38.992
332390,34.848
332400,61.448
332410,35.772
332420,34.159
332430,37.559
332440,38.027
332450,41.233
332460,35.602
332470,35.717
332480,50.441
332490,34.628
332500,42.508
332510,33.345
332520,35.665
332530,32.921
332540,39.358
332550,36.908
332560,35.997
332570,41.010
332580,35.132
332590,35.644
332600,38.311
332610,41.074
332620,35.566
332630,54.115
332640,33.365
332650,36.136
332660,40.290
332670,34.440
332680,35.249
332690,38.751
332700,47.690
332710,31.515
332720,35.079
332730,45.028
332740,34.559
332750,63.189
332760,32.752
332770,36.818
332780,32.324
332790,35.232
332800,51.272
332810,33.964
332820,34.609
332830,42.434
332840,36.679
332850,58.452
332860,36.008
332870,34.201
332880,42.843
332890,34.272
332900,36.784
332910,38.582
332920,39.443
332930,34.897
332940,48.864
332950,35.200
332960,57.193
332970,36.160
332980,34.643
332990,45.029
333000,32.930
333010,44.089
333020,35.726
333030,35.581
333040,42.350
333050,35.949
333060,55.478
333070,32.873
333080,35.031
333090,38.129
333100,51.535
333110,34.834
333120,56.354
333130,53.727
333140,32.274
333150,53.389
333160,33.764
333170,33.580
333180,38.770
333190,33.691
333200,36.514
333210,38.518
333220,42.354
333230,35.495
333240,57.778
333250,37.234
333260,36.656
333270,37.644
333280,51.384
333290,36.285
333300,34.678
333310,38.241
333320,39.088
333330,48.400
333340,35.158
333350,36.265
333360,38.275
333370,34.671
333380,36.780
333390,52.261
333400,35.716
333410,35.511
333420,37.548
333430,38.291
333440,42.056
333450,37.773
333460,36.409
333470,40.171
333480,35.736
333490,44.203
333500,35.561
333510,35.557
333520,36.358
333530,38.796
333540,36.360
333550,59.010
333560,36.903
333570,35.178
333580,45.147
333590,34.767
333600,36.279
333610,33.113
333620,34.591
333630,36.113
333640,33.804
333650,39.683
333660,34.675
333670,35.315
333680,44.428
333690,35.397
333700,36.706
333710,37.300
333720,44.520
333730,36.791
333740,57.215
333750,35.179
333760,42.762
333770,33.664
333780,58.516
333790,34.813
333800,38.082
333810,34.734
333820,34.953
333830,51.978
333840,38.223
333850,51.800
333860,33.853
333870,34.420
333880,47.026
333890,33.979
333900,34.850
333910,36.379
333920,33.180
333930,37.765
333940,36.902
333950,56.832
333960,32.552
333970,33.077
333980,50.138
333990,34.361
334000,34.759
334010,33.810
334020,35.545
334030,52.033
334040,34.257
334050,61.705
334060,36.356
334070,54.639
334080,34.548
334090,34.975
334100,54.271
334110,36.928
334120,35.293
334130,44.207
334140,34.205
334150,61.967
334160,34.899
334170,42.250
334180,32.237
334190,53.767
334200,35.377
334210,34.199
334220,37.061
334230,41.462
334240,34.786
334250,42.954
334260,48.519
334270,31.006
334280,39.920
334290,32.757
334300,55.913
334310,35.018
334320,47.290
334330,34.975
334340,32.988
334350,39.228
334360,35.116
334370,44.352
334380,34.606
334390,60.686
334400,36.956
334410,32.587
334420,42.165
334430,37.172
334440,34.865
334450,41.325
334460,34.538
334470,35.671
334480,37.217
334490,41.392
334500,31.958
334510,35.444
334520,39.102
334530,33.656
334540,54.569
334550,34.006
334560,35.589
334570,33.913
334580,41.602
334590,33.603
334600,55.496
334610,34.263
334620,34.197
334630,49.942
334640,48.479
334650,36.697
334660,34.958
334670,35.256
334680,37.614
334690,36.985
334700,35.034
334710,37.154
334720,33.799
334730,49.061
334740,33.639
334750,57.619
334760,35.646
334770,33.478
334780,40.494
334790,35.439
334800,39.730
334810,32.283
334820,34.503
334830,45.419
334840,33.369
334850,46.414
334860,35.464
334870,36.836
334880,37.417
334890,38.411
334900,34.809
334910,38.169
334920,42.946
334930,43.866
334940,31.667
334950,58.467
334960,36.455
334970,34.681
334980,35.616
334990,37.861
335000,40.135
335010,41.535
335020,33.234
335030,48.486
335040,34.396
335050,35.663
335060,38.347
335070,34.144
335080,36.818
335090,45.638
335100,34.264
335110,49.838
335120,36.026
335130,35.354
335140,35.855
335150,36.038
335160,51.805
335170,35.444
335180,56.786
335190,34.387
335200,35.518
335210,43.290
335220,35.449
335230,35.313
335240,38.007
335250,36.906
335260,42.316
335270,34.811
335280,35.300
335290,38.514
335300,35.388
335310,36.765
335320,37.656
335330,44.999
335340,36.936
335350,36.656
335360,41.130
335370,56.563
335380,33.792
335390,33.226
335400,35.592
335410,34.596
335420,39.765
335430,33.553
335440,35.598
335450,43.818
335460,34.323
335470,36.507
335480,41.608
335490,34.616
335500,48.221
335510,34.454
335520,35.571
335530,40.143
335540,34.388
335550,61.844
335560,36.410
335570,34.974
335580,50.418
335590,35.358
335600,44.976
335610,32.509
335620,56.740
335630,35.466
335640,34.440
335650,37.184
335660,39.804
335670,52.548
335680,33.918
335690,34.117
335700,35.092
335710,32.955
335720,36.202
335730,51.329
335740,36.344
335750,61.833
335760,36.169
335770,34.295
335780,35.957
335790,37.005
335800,35.112
335810,35.424
335820,37.244
335830,35.521
335840,56.634
335850,36.044
335860,48.562
335870,33.296
335880,45.749
335890,33.191
335900,36.172
335910,40.681
335920,33.760
335930,56.891
335940,34.963
335950,36.509
335960,38.640
335970,37.064
335980,34.849
335990,37.411
336000,59.369
336010,36.520
336020,35.963
336030,38.214
336040,41.638
336050,58.681
336060,34.460
336070,55.670
336080,34.129
336090,33.851
336100,35.041
336110,54.783
336120,33.712
336130,34.570
336140,40.681
336150,33.843
336160,36.154
336170,34.424
336180,36.681
336190,40.323
336200,45.720
336210,36.230
336220,33.246
336230,41.211
336240,33.927
336250,60.237
336260,35.296
336270,56.268
336280,34.567
336290,34.282
336300,46.555
336310,35.058
336320,44.942
336330,32.934
336340,35.562
336350,42.747
336360,34.750
336370,56.559
336380,36.429
336390,35.953
336400,40.532
336410,33.209
336420,36.657
336430,44.556
336440,35.282
336450,35.958
336460,38.529
336470,46.629
336480,35.981
336490,47.545
336500,36.437
336510,40.648
336520,32.615
336530,34.705
336540,40.005
336550,59.769
336560,33.787
336570,33.926
336580,59.237
336590,36.138
336600,34.906
336610,36.912
336620,39.354
336630,40.796
336640,44.210
336650,33.042
336660,57.848
336670,35.176
336680,35.676
336690,39.697
336700,34.191
336710,41.827
336720,34.703
336730,39.760
336740,32.093
336750,37.926
336760,32.543
336770,39.619
336780,34.552
336790,34.397
336800,58.744
336810,35.177
336820,56.942
336830,35.580
336840,35.810
336850,58.962
336860,35.641
336870,35.960
336880,36.875
336890,33.961
336900,55.127
336910,35.575
336920,36.185
336930,36.611
336940,36.440
336950,36.124
336960,51.693
336970,34.225
336980,39.339
336990,34.110
337000,56.324
337010,35.154
337020,34.051
337030,32.403
337040,33.606
337050,55.816
337060,35.084
337070,34.282
337080,36.499
337090,40.792
337100,34.041
337110,37.095
337120,37.910
337130,42.147
337140,36.433
337150,43.337
337160,32.410
337170,57.138
337180,35.878
337190,60.013
337200,34.263
337210,33.753
337220,47.649
337230,35.060
337240,35.185
337250,44.127
337260,34.766
337270,41.720
337280,31.212
337290,40.081
337300,34.468
337310,47.952
337320,34.768
337330,54.268
337340,35.396
337350,36.542
337360,37.025
337370,39.116
337380,42.908
337390,36.418
337400,37.476
337410,38.686
337420,38.329
337430,35.390
337440,57.655
337450,35.668
337460,35.310
337470,39.204
337480,37.077
337490,31.826
337500,37.792
337510,34.074
337520,36.507
337530,41.228
337540,35.203
337550,56.992
337560,36.047
337570,35.786
337580,57.682
337590,34.043
337600,35.231
337610,58.077
337620,36.027
337630,35.994
337640,37.256
337650,42.010
337660,35.276
337670,39.012
337680,35.083
337690,36.175
337700,40.673
337710,33.832
337720,53.206
337730,35.065
337740,56.687
337750,36.357
337760,41.496
337770,36.546
337780,35.585
337790,38.137
337800,44.952
337810,33.339
337820,34.661
337830,60.535
337840,35.849
337850,36.201
337860,57.627
337870,35.302
337880,35.386
337890,55.579
337900,35.447
337910,34.583
337920,37.832
337930,46.174
337940,34.385
337950,55.928
337960,35.779
337970,36.744
337980,38.620
337990,38.523
338000,39.175
338010,34.624
338020,37.850
338030,34.860
338040,36.429
338050,46.502
338060,35.891
338070,56.709
338080,34.755
338090,35.424
338100,43.677
338110,34.427
338120,38.473
338130,33.612
338140,36.366
338150,39.649
338160,35.470
338170,36.435
338180,37.267
338190,39.562
338200,35.721
338210,48.136
338220,33.813
338230,56.429
338240,35.807
338250,36.118
338260,50.178
338270,36.252
338280,35.527
338290,37.251
338300,38.702
338310,61.139
338320,36.550
338330,35.543
338340,36.532
338350,60.680
338360,33.671
338370,34.805
338380,37.442
338390,35.375
338400,44.893
338410,32.985
338420,35.161
338430,36.947
338440,38.910
338450,37.404
338460,40.935
338470,33.196
338480,36.618
338490,41.153
338500,35.143
338510,57.645
338520,34.411
338530,46.900
338540,33.177
338550,39.947
338560,34.673
338570,44.078
338580,34.417
338590,38.659
338600,33.050
338610,34.601
338620,37.223
338630,38.821
338640,61.374
338650,37.382
338660,36.655
338670,58.291
338680,36.284
338690,52.260
338700,33.724
338710,34.920
338720,37.678
338730,34.952
338740,34.220
338750,34.514
338760,47.208
338770,33.544
338780,36.097
338790,37.506
338800,39.209
338810,39.924
338820,47.064
338830,36.956
338840,35.194
338850,59.757
338860,34.745
338870,36.192
338880,37.398
338890,34.407
338900,36.300
338910,36.946
338920,43.746
338930,36.258
338940,60.112
338950,38.475
338960,35.137
338970,37.774
338980,57.663
338990,35.880
339000,35.529
339010,39.019
339020,41.117
339030,34.880
339040,36.951
339050,57.212
339060,33.832
339070,34.284
339080,36.278
339090,38.796
339100,35.669
339110,37.420
339120,54.756
339130,35.296
339140,34.796
339150,42.886
339160,34.530
339170,35.530
339180,35.046
339190,33.803
339200,38.772
339210,33.301
339220,58.355
339230,35.863
339240,57.436
339250,36.113
339260,36.012
339270,43.849
339280,34.161
339290,51.333
339300,36.036
339310,40.181
339320,32.751
339330,35.707
339340,37.317
339350,59.472
339360,35.258
339370,42.167
339380,55.816
339390,32.534
339400,48.096
339410,32.741
339420,35.133
339430,38.792
339440,35.425
339450,54.712
339460,34.315
339470,37.200
339480,32.966
339490,35.722
339500,36.624
339510,33.870
339520,60.748
339530,35.093
339540,34.439
339550,37.787
339560,34.371
339570,35.873
339580,37.735
339590,32.497
339600,36.143
339610,40.714
339620,34.689
339630,35.852
339640,40.220
339650,37.038
339660,41.394
339670,35.901
339680,36.508
339690,42.570
339700,33.301
339710,39.379
339720,32.478
339730,42.853
339740,37.439
339750,55.817
339760,33.072
339770,34.481
339780,35.324
339790,42.331
339800,34.388
339810,39.378
339820,34.055
339830,47.588
339840,34.860
339850,36.147
339860,38.221
339870,39.748
339880,36.404
339890,42.603
339900,34.294
339910,56.352
339920,35.790
339930,34.941
339940,50.765
339950,35.981
339960,34.460
339970,39.802
339980,34.491
339990,51.337
340000,35.533
340010,34.904
340020,36.805
340030,39.041
340040,35.314
340050,42.247
340060,34.711
340070,34.918
340080,38.086
340090,33.679
340100,35.519
340110,37.345
340120,35.696
340130,38.385
340140,34.811
340150,36.631
340160,37.399
340170,52.691
340180,36.436
340190,36.445
340200,37.158
340210,38.585
340220,63.260
340230,36.751
340240,35.486
340250,47.262
340260,35.303
340270,35.184
340280,48.009
340290,34.897
340300,36.078
340310,41.934
340320,33.747
340330,53.614
340340,36.504
340350,36.139
340360,37.276
340370,44.821
340380,34.762
340390,36.543
340400,59.903
340410,39.441
340420,36.791
340430,38.394
340440,33.005
340450,42.721
340460,33.799
340470,49.684
340480,33.673
340490,45.518
340500,33.887
340510,43.789
340520,55.290
340530,31.806
340540,33.589
340550,56.748
340560,35.872
340570,35.482
340580,36.672
340590,37.025
340600,34.842
340610,37.136
340620,33.806
340630,53.791
340640,35.360
340650,34.547
340660,39.265
340670,34.836
340680,52.353
340690,35.408
340700,33.831
340710,58.247
340720,35.887
340730,35.156
340740,56.450
340750,37.520
340760,41.341
340770,31.800
340780,40.874
340790,34.058
340800,34.621
340810,36.790
340820,36.387
340830,47.651
340840,34.188
340850,52.778
340860,34.513
340870,44.674
340880,33.499
340890,56.811
340900,33.885
340910,33.597
340920,50.168
340930,34.377
340940,34.794
340950,54.096
340960,32.591
340970,35.676
340980,40.673
340990,34.488
341000,48.677
341010,34.313
341020,35.473
341030,36.318
341040,38.315
341050,58.308
341060,35.248
341070,47.400
341080,33.051
341090,44.963
341100,35.220
341110,34.941
341120,58.473
341130,35.091
341140,35.310
341150,53.960
341160,35.173
341170,36.583
341180,44.626
341190,34.778
341200,36.582
341210,33.572
341220,38.727
341230,37.039
341240,35.927
341250,53.265
341260,36.088
341270,33.566
341280,39.503
341290,35.006
341300,53.804
341310,36.016
341320,34.742
341330,35.339
341340,34.376
341350,43.075
341360,34.836
341370,60.667
341380,34.141
341390,34.458
341400,56.504
341410,37.299
341420,34.937
341430,46.380
341440,32.608
341450,34.842
341460,36.530
341470,39.520
341480,35.142
341490,57.044
341500,37.180
341510,53.007
341520,32.790
341530,43.081
341540,33.916
341550,36.438
341560,32.940
341570,34.934
341580,39.228
341590,34.438
341600,41.809
341610,34.883
341620,47.874
341630,32.330
341640,34.050
341650,46.885
341660,34.766
341670,46.116
341680,34.544
341690,44.227
341700,34.770
341710,43.875
341720,34.059
341730,34.423
341740,35.364
341750,50.189
341760,35.639
341770,35.427
341780,37.696
341790,34.150
341800,63.176
341810,33.115
341820,33.134
341830,36.431
341840,35.618
341850,54.621
341860,34.301
341870,34.397
341880,42.940
341890,34.146
341900,50.349
341910,34.619
341920,36.035
341930,59.352
341940,36.615
341950,35.324
341960,58.400
341970,35.062
341980,52.068
341990,49.889
342000,33.023
342010,32.995
342020,56.720
342030,34.975
342040,35.294
342050,38.262
342060,34.126
342070,35.658
342080,39.017
342090,35.092
342100,35.955
342110,37.369
342120,34.142
342130,39.497
342140,33.108
342150,55.386
342160,34.765
342170,35.273
342180,42.555
342190,34.227
342200,34.777
342210,40.838
342220,35.082
342230,35.904
342240,59.418
342250,35.092
342260,36.120
342270,41.788
342280,34.098
342290,36.433
342300,61.269
342310,35.603
342320,35.652
342330,59.159
342340,37.379
342350,52.393
342360,34.202
342370,34.743
342380,35.354
342390,34.626
342400,36.458
342410,37.287
342420,40.235
342430,34.296
342440,39.749
342450,34.882
342460,38.046
342470,44.669
342480,34.857
342490,37.628
342500,37.902
342510,41.769
342520,58.038
342530,34.037
342540,32.883
342550,36.522
342560,35.560
342570,36.908
342580,36.517
342590,35.168
342600,53.153
342610,35.165
342620,58.912
342630,33.921
342640,35.264
342650,45.694
342660,34.274
342670,36.301
342680,39.952
342690,51.895
342700,38.699
342710,50.269
342720,34.554
342730,43.494
342740,33.146
342750,54.350
342760,33.256
342770,35.041
342780,60.815
342790,35.087
342800,36.319
342810,57.096
342820,36.783
342830,35.021
342840,43.923
342850,36.739
342860,37.434
342870,34.106
342880,51.401
342890,35.100
342900,34.092
342910,36.419
342920,64.476
342930,36.335
342940,34.858
342950,44.139
342960,36.174
342970,45.071
342980,33.538
342990,34.555
343000,36.628
343010,37.781
343020,33.568
343030,35.734
343040,34.426
343050,49.918
343060,34.464
343070,39.248
343080,33.422
343090,44.523
343100,33.004
343110,51.938
343120,34.368
343130,35.215
343140,37.903
343150,56.069
343160,34.229
343170,54.503
343180,36.315
343190,34.847
343200,42.308
343210,34.228
343220,37.514
343230,60.505
343240,38.281
343250,52.029
343260,34.661
343270,35.481
343280,38.889
343290,34.049
343300,46.451
343310,34.386
343320,34.874
343330,39.398
343340,36.256
343350,40.823
343360,34.787
343370,44.267
343380,34.753
343390,34.646
343400,60.435
343410,34.840
343420,57.480
343430,34.862
343440,34.436
343450,37.992
343460,35.046
343470,44.992
343480,33.901
343490,43.642
343500,33.847
343510,35.765
343520,60.962
343530,35.777
343540,34.245
343550,56.566
343560,35.831
343570,46.910
343580,33.032
343590,35.539
343600,42.448
343610,35.036
343620,37.175
343630,34.225
343640,35.812
343650,38.047
343660,39.508
343670,35.651
343680,42.533
343690,34.727
343700,57.465
343710,35.718
343720,56.380
343730,35.409
343740,35.832
343750,53.789
343760,34.098
343770,35.081
343780,39.782
343790,33.696
343800,38.537
343810,32.206
343820,47.424
343830,36.680
343840,34.716
343850,43.828
343860,33.797
343870,35.671
343880,63.059
343890,35.792
343900,34.624
343910,39.407
343920,40.244
343930,34.194
343940,51.712
343950,35.788
343960,35.924
343970,36.672
343980,45.335
343990,34.845
344000,35.337
344010,36.154
344020,38.744
344030,45.580
344040,36.072
344050,43.773
344060,53.849
344070,33.522
344080,34.619
344090,41.037
344100,32.515
344110,55.297
344120,36.149
344130,35.137
344140,43.422
344150,33.841
344160,36.634
344170,55.539
344180,37.485
344190,44.040
344200,32.780
344210,55.036
344220,35.192
344230,46.542
344240,33.032
344250,35.406
344260,39.291
344270,35.000
344280,50.345
344290,34.960
344300,35.051
344310,53.347
344320,34.812
344330,56.691
344340,33.816
344350,35.511
344360,56.903
344370,34.165
344380,48.857
344390,34.882
344400,34.639
344410,36.842
344420,48.148
344430,56.348
344440,33.070
344450,38.442
344460,34.285
344470,51.350
344480,33.043
344490,33.205
344500,44.385
344510,34.428
344520,40.400
344530,54.415
344540,32.352
344550,34.129
344560,37.174
344570,32.609
344580,34.367
344590,33.466
344600,36.680
344610,43.125
344620,35.336
344630,36.725
344640,36.800
344650,50.110
344660,34.782
344670,35.776
344680,45.502
344690,34.368
344700,47.430
344710,33.284
344720,45.624
344730,32.457
344740,35.116
344750,53.730
344760,34.758
344770,35.751
344780,38.637
344790,31.734
344800,35.576
344810,32.268
344820,58.351
344830,34.383
344840,41.477
344850,33.731
344860,35.161
344870,44.106
344880,34.340
344890,35.955
344900,45.889
344910,34.271
344920,34.291
344930,50.443
344940,31.480
344950,38.186
344960,32.438
344970,34.758
344980,37.831
344990,37.150
345000,36.430
345010,38.575
345020,33.811
345030,38.054
345040,34.376
345050,41.027
345060,36.003
345070,35.935
345080,42.769
345090,34.068
345100,47.936
345110,33.124
345120,35.965
345130,38.702
345140,41.181
345150,47.903
345160,32.929
345170,34.059
345180,48.996
345190,35.304
345200,36.497
345210,59.834
345220,37.075
345230,34.603
345240,59.905
345250,38.425
345260,35.151
345270,35.350
345280,33.579
345290,36.797
345300,51.744
345310,37.334
345320,34.704
345330,43.760
345340,35.580
345350,36.412
345360,44.602
345370,33.321
345380,35.538
345390,37.236
345400,38.926
345410,36.299
345420,35.333
345430,37.611
345440,41.655
345450,36.318
345460,40.045
345470,33.308
345480,47.804
345490,33.767
345500,34.647
345510,39.099
345520,38.579
345530,32.201
345540,51.279
345550,36.658
345560,34.859
345570,37.309
345580,45.177
345590,36.044
345600,35.764
345610,42.460
345620,36.424
345630,36.547
345640,56.618
345650,35.111
345660,36.805
345670,48.116
345680,38.059
345690,35.592
345700,38.820
345710,33.612
345720,45.833
345730,33.903
345740,35.273
345750,53.187
345760,36.359
345770,35.479
345780,41.070
345790,34.108
345800,37.301
345810,38.132
345820,35.571
345830,35.680
345840,37.565
345850,48.025
345860,31.708
345870,46.720
345880,31.086
345890,32.758
345900,40.453
345910,32.571
345920,52.695
345930,36.408
345940,36.282
345950,42.038
345960,34.166
345970,35.969
345980,48.003
345990,34.970
346000,37.195
346010,44.001
346020,52.422
346030,32.624
346040,33.234
346050,47.624
346060,35.568
346070,55.742
346080,33.810
346090,35.286
346100,35.759
346110,33.786
346120,36.555
346130,46.808
346140,35.579
346150,40.024
346160,35.341
346170,35.141
346180,47.585
346190,34.664
346200,36.987
346210,54.794
346220,34.049
346230,55.717
346240,35.524
346250,50.869
346260,35.137
346270,36.140
346280,46.547
346290,34.906
346300,35.739
346310,37.201
346320,38.293
346330,34.126
346340,35.584
346350,40.386
346360,35.084
346370,44.212
346380,34.011
346390,49.355
346400,34.224
346410,57.814
346420,35.396
346430,44.918
346440,33.924
346450,48.624
346460,31.673
346470,51.932
346480,33.386
346490,56.706
346500,33.977
346510,57.898
346520,34.069
346530,34.634
346540,54.340
346550,34.603
346560,58.360
346570,34.493
346580,34.945
346590,36.792
346600,44.760
346610,32.522
346620,35.011
346630,37.635
346640,35.058
346650,48.536
346660,35.350
346670,41.759
346680,32.496
346690,34.953
346700,38.229
346710,40.428
346720,35.605
346730,35.352
346740,41.268
346750,35.029
346760,48.452
346770,34.833
346780,35.957
346790,42.821
346800,35.517
346810,36.050
346820,38.633
346830,34.828
346840,36.532
346850,47.211
346860,31.682
346870,34.534
346880,40.401
346890,34.025
346900,53.493
346910,32.502
346920,34.183
346930,36.582
346940,40.664
346950,42.388
346960,35.495
346970,34.715
346980,53.753
346990,34.753
347000,33.903
347010,36.920
347020,34.860
347030,36.724
347040,55.428
347050,35.378
347060,37.116
347070,33.135
347080,33.982
347090,37.710
347100,38.520
347110,44.839
347120,34.998
347130,40.224
347140,42.562
347150,35.703
347160,35.405
347170,35.225
347180,44.742
347190,32.196
347200,34.340
347210,37.452
347220,41.091
347230,34.989
347240,36.247
347250,42.589
347260,33.489
347270,50.168
347280,56.156
347290,32.194
347300,32.707
347310,63.384
347320,33.657
347330,56.245
347340,34.378
347350,49.933
347360,33.170
347370,38.691
347380,32.885
347390,35.881
347400,41.160
347410,35.060
347420,54.780
347430,36.060
347440,35.783
347450,50.901
347460,34.181
347470,35.143
347480,58.371
347490,36.663
347500,34.626
347510,38.077
347520,33.694
347530,49.570
347540,35.753
347550,48.716
347560,32.320
347570,41.027
347580,32.182
347590,35.243
347600,41.717
347610,45.076
347620,31.792
347630,34.833
347640,51.446
347650,35.696
347660,44.056
347670,34.892
347680,59.035
347690,33.836
347700,35.088
347710,39.822
347720,33.479
347730,34.735
347740,38.524
347750,49.185
347760,34.226
347770,35.754
347780,45.283
347790,37.789
347800,53.117
347810,35.151
347820,34.533
347830,48.584
347840,34.582
347850,46.382
347860,33.801
347870,34.351
347880,56.794
347890,36.021
347900,56.491
347910,36.401
347920,41.088
347930,33.147
347940,35.175
347950,49.758
347960,33.694
347970,35.646
347980,57.737
347990,36.659
348000,33.759
348010,37.221
348020,41.483
348030,34.839
348040,36.784
348050,49.162
348060,34.594
348070,35.575
348080,37.593
348090,44.230
348100,34.942
348110,36.871
348120,41.000
348130,38.675
348140,33.451
348150,41.760
348160,35.714
348170,37.038
348180,61.625
348190,36.897
348200,41.733
348210,31.913
348220,33.524
348230,33.052
348240,40.974
348250,34.260
348260,48.461
348270,35.908
348280,35.672
348290,43.254
348300,34.540
348310,35.285
348320,58.784
348330,36.461
348340,35.352
348350,47.323
348360,34.150
348370,36.108
348380,40.197
348390,33.363
348400,35.754
348410,43.015
348420,34.182
348430,35.784
348440,43.765
348450,35.691
348460,36.645
348470,61.611
348480,34.702
348490,47.733
348500,34.153
348510,34.835
348520,36.566
348530,37.599
348540,38.333
348550,43.834
348560,35.198
348570,37.249
348580,38.508
348590,38.269
348600,61.821
348610,36.811
348620,52.032
348630,34.456
348640,36.488
348650,46.747
348660,33.813
348670,35.457
348680,46.950
348690,34.780
348700,57.192
348710,35.145
348720,34.106
348730,49.637
348740,34.135
348750,45.015
348760,33.112
348770,48.626
348780,44.421
348790,32.188
348800,32.717
348810,57.702
348820,33.873
348830,38.668
348840,32.698
348850,44.111
348860,32.324
348870,56.828
348880,35.602
348890,33.494
348900,44.748
348910,34.412
348920,34.332
348930,38.585
348940,35.754
348950,45.340
348960,34.293
348970,36.987
348980,58.553
348990,35.032
349000,35.694
349010,35.460
349020,39.852
349030,52.246
349040,34.081
349050,46.107
349060,33.772
349070,36.376
349080,37.711
349090,49.297
349100,35.137
349110,55.075
349120,33.050
349130,35.431
349140,36.301
349150,49.480
349160,35.305
349170,36.553
349180,38.221
349190,34.697
349200,63.007
349210,35.532
349220,34.151
349230,36.419
349240,33.360
349250,41.679
349260,31.773
349270,36.015
349280,37.662
349290,38.730
349300,48.223
349310,35.765
349320,36.319
349330,38.674
349340,39.897
349350,64.489
349360,36.559
349370,34.342
349380,36.555
349390,35.081
349400,44.011
349410,33.853
349420,59.605
349430,33.817
349440,47.702
349450,33.867
349460,34.884
349470,32.317
349480,43.945
349490,34.461
349500,34.145
349510,36.571
349520,34.055
349530,58.731
349540,36.483
349550,43.044
349560,33.263
349570,34.098
349580,38.645
349590,35.269
349600,36.346
349610,39.062
349620,33.634
349630,59.353
349640,34.831
349650,44.393
349660,33.113
349670,34.114
349680,63.107
349690,36.860
349700,34.209
349710,36.619
349720,34.037
349730,37.718
349740,45.982
349750,35.329
349760,35.310
349770,38.709
349780,34.637
349790,48.561
349800,35.200
349810,34.473
349820,39.601
349830,34.229
349840,36.818
349850,35.788
349860,58.216
349870,35.090
349880,60.401
349890,32.793
349900,33.714
349910,57.096
349920,35.165
349930,35.410
349940,43.977
349950,34.973
349960,35.798
349970,63.037
349980,36.403
349990,35.185
350000,39.315
350010,32.627
350020,34.465
350030,46.352
350040,35.751
350050,45.616
350060,34.237
350070,36.120
350080,46.372
350090,35.842
350100,34.965
350110,41.390
350120,33.169
350130,43.879
350140,33.706
350150,35.182
350160,60.057
350170,38.518
350180,32.743
350190,35.971
350200,34.335
350210,36.037
350220,47.253
350230,33.544
350240,35.337
350250,38.952
350260,35.027
350270,36.642
350280,34.129
350290,58.018
350300,35.099
350310,37.916
350320,32.386
350330,34.567
350340,37.133
350350,39.771
350360,47.232
350370,35.365
350380,45.945
350390,33.661
350400,40.527
350410,34.508
350420,51.033
350430,33.934
350440,36.561
350450,37.023
350460,39.243
350470,40.387
350480,40.707
350490,35.551
350500,52.733
350510,34.205
350520,35.464
350530,48.158
350540,36.532
350550,35.351
350560,36.705
350570,35.213
350580,37.688
350590,43.728
350600,36.050
350610,35.793
350620,38.065
350630,38.567
350640,46.158
350650,36.689
350660,36.539
350670,49.806
350680,35.613
350690,35.098
350700,41.185
350710,34.231
350720,36.199
350730,41.253
350740,35.437
350750,36.235
350760,32.685
350770,42.492
350780,33.894
350790,53.198
350800,35.962
350810,34.492
350820,43.801
350830,34.724
350840,36.941
350850,39.252
350860,41.221
350870,36.260
350880,36.657
350890,38.043
350900,46.856
350910,33.985
350920,38.988
350930,34.023
350940,35.995
350950,37.888
350960,62.473
350970,38.681
350980,35.848
350990,35.717
351000,39.369
351010,53.991
351020,34.882
351030,33.636
351040,57.182
351050,36.533
351060,36.457
351070,58.031
351080,34.712
351090,60.215
351100,35.843
351110,35.346
351120,38.409
351130,32.482
351140,35.447
351150,38.756
351160,53.623
351170,34.732
351180,47.894
351190,32.026
351200,34.513
351210,36.679
351220,42.648
351230,36.618
351240,35.273
351250,39.800
351260,35.623
351270,48.780
351280,36.982
351290,34.508
351300,43.565
351310,34.054
351320,36.687
351330,41.021
351340,33.968
351350,43.718
351360,33.693
351370,35.166
351380,49.198
351390,36.687
351400,50.113
351410,33.639
351420,36.327
351430,46.279
351440,34.924
351450,35.149
351460,33.012
351470,47.672
351480,35.638
351490,36.753
351500,37.860
351510,59.070
351520,38.317
351530,57.007
351540,34.399
351550,33.818
351560,36.832
351570,43.627
351580,36.115
351590,54.160
351600,35.511
351610,36.338
351620,60.696
351630,35.732
351640,36.377
351650,800.719
351660,3708.466
351670,21344.217
351680,65333.379
351690,81478.289
351700,87418.375
351710,89593.609
351720,66484.016
351730,28218.820
351740,16558.162
351750,12272.328
351760,10700.395
351770,10114.579
351780,9860.754
351790,9535.308
351800,9448.316
351810,4103.805
351820,1512.684
351830,559.018
351840,208.035
351850,78.851
351860,31.347
351870,13.866
351880,7.401
351890,5.087
351900,4.425
351910,9.865
351920,23.713
351930,31.592
351940,42.764
351950,33.755
351960,34.796
351970,37.511
351980,51.251
351990,37.436
352000,35.431
352010,41.930
352020,34.786
352030,36.206
352040,33.904
352050,34.787
352060,48.685
352070,34.376
352080,36.124
352090,37.433
352100,34.849
352110,59.506
352120,34.196
352130,35.283
352140,40.663
352150,34.582
352160,36.632
352170,38.443
352180,32.949
352190,36.394
352200,37.972
352210,35.545
352220,36.464
352230,65.303
352240,35.654
352250,33.939
352260,56.340
352270,36.761
352280,55.440
352290,33.943
352300,35.898
352310,43.306
352320,56.596
352330,33.512
352340,35.515
352350,36.675
352360,52.849
352370,38.199
352380,34.882
352390,44.113
352400,34.197
352410,38.937
352420,35.724
352430,42.785
352440,33.711
352450,51.983
352460,35.423
352470,36.473
352480,53.890
352490,36.524
352500,53.840
352510,35.010
352520,39.834
352530,33.103
352540,35.988
352550,63.449
352560,36.301
352570,35.742
352580,36.697
352590,41.612
352600,35.184
352610,40.425
352620,34.823
352630,35.563
352640,33.745
352650,35.767
352660,39.976
352670,34.537
352680,37.107
352690,46.736
352700,32.551
352710,32.308
352720,35.817
352730,35.561
352740,50.826
352750,36.612
352760,55.719
352770,33.536
352780,33.295
352790,32.809
352800,36.422
352810,41.939
352820,35.940
352830,44.105
352840,33.110
352850,35.520
352860,41.419
352870,34.145
352880,42.500
352890,33.917
352900,56.574
352910,37.639
352920,34.559
352930,42.579
352940,32.190
352950,35.468
352960,36.815
352970,38.290
352980,56.373
352990,34.696
353000,34.004
353010,41.021
353020,34.597
353030,37.335
353040,38.035
353050,51.123
353060,34.327
353070,34.384
353080,39.563
353090,33.563
353100,44.910
353110,32.212
353120,54.821
353130,35.284
353140,34.010
353150,52.566
353160,34.191
353170,47.502
353180,32.852
353190,34.608
353200,39.434
353210,37.720
353220,33.412
353230,43.297
353240,32.781
353250,58.978
353260,35.262
353270,35.028
353280,57.874
353290,36.145
353300,35.741
353310,41.513
353320,34.917
353330,37.840
353340,38.330
353350,52.091
353360,38.700
353370,59.166
353380,34.883
353390,35.021
353400,37.938
353410,33.701
353420,38.980
353430,34.445
353440,45.513
353450,34.040
353460,34.305
353470,38.474
353480,34.343
353490,38.611
353500,32.861
353510,39.943
353520,33.880
353530,51.320
353540,32.297
353550,48.426
353560,32.030
353570,35.057
353580,40.057
353590,33.835
353600,58.311
353610,35.401
353620,35.207
353630,56.917
353640,35.549
353650,35.604
353660,37.146
353670,34.449
353680,37.478
353690,33.569
353700,35.695
353710,43.867
353720,34.728
353730,35.888
353740,39.318
353750,34.589
353760,35.697
353770,32.489
353780,39.410
353790,34.178
353800,36.375
353810,61.699
353820,36.637
353830,34.734
353840,36.328
353850,34.355
353860,35.626
353870,37.813
353880,34.377
353890,36.927
353900,39.541
353910,34.884
353920,36.715
353930,58.284
353940,36.496
353950,36.050
353960,38.191
353970,33.035
353980,42.189
353990,33.824
354000,60.296
354010,35.151
354020,33.472
354030,52.219
354040,34.789
354050,41.709
354060,32.882
354070,36.331
354080,33.932
354090,36.623
354100,37.921
354110,58.462
354120,34.117
354130,32.251
354140,36.264
354150,38.563
354160,39.091
354170,37.017
354180,37.673
354190,44.171
354200,33.120
354210,41.839
354220,33.814
354230,31.001
354240,31.179
354250,46.630
354260,33.569
354270,38.958
354280,35.713
354290,44.735
354300,33.041
354310,38.891
354320,34.821
354330,35.476
354340,35.954
354350,35.133
354360,39.517
354370,33.933
354380,37.545
354390,33.443
354400,46.733
354410,34.062
354420,50.115
354430,34.141
354440,55.231
354450,35.114
354460,51.074
354470,31.588
354480,33.078
354490,37.193
354500,36.174
354510,39.316
354520,34.388
354530,36.397
354540,38.131
354550,62.181
354560,36.792
354570,36.848
354580,53.261
354590,35.791
354600,36.901
354610,42.141
354620,35.502
354630,34.907
354640,37.026
354650,38.368
354660,41.060
354670,35.159
354680,35.695
354690,37.592
354700,34.806
354710,54.358
354720,35.849
354730,62.879
354740,33.151
354750,33.817
354760,34.449
354770,56.074
354780,34.197
354790,37.378
354800,33.195
354810,36.788
354820,45.669
354830,35.186
354840,54.097
354850,36.025
354860,34.146
354870,52.584
354880,37.555
354890,35.964
354900,36.348
354910,44.381
354920,34.718
354930,35.782
354940,57.521
354950,36.600
354960,34.751
354970,68.940
354980,35.519
354990,32.675
355000,59.550
355010,34.931
355020,34.437
355030,36.363
355040,33.957
355050,37.638
355060,38.616
355070,47.794
355080,36.137
355090,35.737
355100,37.680
355110,36.674
355120,47.408
355130,34.879
355140,55.994
355150,34.880
355160,34.901
355170,40.945
355180,38.673
355190,35.657
355200,60.233
355210,35.366
355220,56.871
355230,33.195
355240,33.055
355250,40.579
355260,49.932
355270,32.137
355280,55.000
355290,34.254
355300,34.458
355310,40.159
355320,33.722
355330,41.138
355340,34.430
355350,34.828
355360,39.702
355370,34.984
355380,49.730
355390,34.896
355400,35.278
355410,36.476
355420,36.106
355430,38.753
355440,34.407
355450,37.011
355460,39.151
355470,32.625
355480,41.790
355490,33.758
355500,41.892
355510,35.221
355520,55.970
355530,32.617
355540,48.796
355550,32.630
355560,33.661
355570,36.733
355580,33.982
355590,54.930
355600,36.279
355610,53.847
355620,34.423
355630,57.776
355640,34.572
355650,34.835
355660,50.665
355670,34.681
355680,36.967
355690,57.936
355700,36.347
355710,34.082
355720,48.256
355730,34.998
355740,35.013
355750,42.479
355760,35.170
355770,35.754
355780,37.465
355790,62.377
355800,37.532
355810,57.767
355820,34.478
355830,40.249
355840,57.168
355850,33.420
355860,34.253
355870,44.798
355880,34.095
355890,58.356
355900,34.667
355910,35.216
355920,35.177
355930,54.271
355940,34.457
355950,37.773
355960,34.292
355970,33.823
355980,43.863
355990,34.393
356000,36.074
356010,36.379
356020,34.374
356030,60.933
356040,34.483
356050,35.436
356060,49.892
356070,35.449
356080,35.288
356090,34.347
356100,40.980
356110,34.928
356120,37.010
356130,38.004
356140,38.265
356150,34.599
356160,47.482
356170,35.076
356180,34.609
356190,55.076
356200,35.939
356210,35.397
356220,36.542
356230,38.396
356240,57.011
356250,33.678
356260,35.834
356270,36.005
356280,37.184
356290,37.825
356300,36.258
356310,37.349
356320,39.057
356330,39.644
356340,53.698
356350,33.581
356360,40.762
356370,31.841
356380,35.282
356390,53.158
356400,36.270
356410,54.653
356420,34.513
356430,34.977
356440,36.966
356450,34.115
356460,37.347
356470,38.840
356480,38.932
356490,35.823
356500,37.904
356510,33.823
356520,35.672
356530,51.017
356540,34.799
356550,42.019
356560,32.983
356570,45.980
356580,32.461
356590,35.417
356600,42.189
356610,38.257
356620,60.256
356630,34.755
356640,50.171
356650,32.128
356660,36.056
356670,37.028
356680,39.273
356690,39.204
356700,36.747
356710,41.938
356720,33.377
356730,35.454
356740,60.231
356750,34.122
356760,34.721
356770,44.162
356780,33.881
356790,37.260
356800,42.615
356810,35.856
356820,36.865
356830,51.761
356840,32.214
356850,34.539
356860,51.476
356870,35.687
356880,35.736
356890,37.507
356900,33.862
356910,56.188
356920,37.015
356930,35.781
356940,55.760
356950,36.027
356960,36.127
356970,41.374
356980,34.423
356990,47.865
357000,33.553
357010,44.624
357020,36.981
357030,35.398
357040,51.189
357050,34.039
357060,34.334
357070,35.960
357080,38.017
357090,33.024
357100,57.291
357110,34.996
357120,47.488
357130,34.511
357140,34.175
357150,43.234
357160,34.373
357170,36.560
357180,39.208
357190,34.093
357200,36.105
357210,55.511
357220,35.027
357230,34.270
357240,43.164
357250,35.082
357260,33.246
357270,42.548
357280,34.498
357290,38.980
357300,32.631
357310,37.317
357320,33.125
357330,34.932
357340,33.933
357350,59.394
357360,35.142
357370,34.639
357380,51.672
357390,33.791
357400,34.231
357410,38.484
357420,53.897
357430,33.746
357440,35.092
357450,37.275
357460,34.870
357470,39.447
357480,33.315
357490,50.429
357500,34.196
357510,58.080
357520,34.903
357530,35.962
357540,38.349
357550,41.996
357560,35.679
357570,37.865
357580,43.479
357590,34.839
357600,58.597
357610,35.013
357620,33.934
357630,36.766
357640,35.200
357650,44.645
357660,31.936
357670,35.570
357680,33.852
357690,52.444
357700,36.201
357710,33.202
357720,52.411
357730,37.976
357740,35.162
357750,35.987
357760,43.326
357770,54.512
357780,32.431
357790,49.256
357800,35.800
357810,44.287
357820,34.003
357830,35.124
357840,51.483
357850,37.185
357860,37.702
357870,32.282
357880,33.833
357890,42.503
357900,32.478
357910,37.893
357920,34.344
357930,48.436
357940,34.130
357950,55.132
357960,34.060
357970,34.953
357980,42.603
357990,35.582
358000,35.966
358010,37.645
358020,41.581
358030,35.109
358040,36.890
358050,57.582
358060,37.573
358070,35.999
358080,38.040
358090,47.765
358100,35.518
358110,58.283
358120,34.984
358130,35.796
358140,38.782
358150,33.674
358160,35.023
358170,34.400
358180,36.469
358190,55.995
358200,35.996
358210,37.817
358220,33.427
358230,45.411
358240,34.597
358250,35.344
358260,37.681
358270,34.011
358280,41.996
358290,35.687
358300,47.416
358310,34.311
358320,47.212
358330,35.843
358340,38.131
358350,32.539
358360,49.044
358370,34.943
358380,35.538
358390,37.179
358400,39.215
358410,35.904
358420,36.221
358430,37.598
358440,44.204
358450,34.967
358460,36.380
358470,41.069
358480,34.414
358490,44.742
358500,33.952
358510,36.487
358520,32.655
358530,39.142
358540,34.400
358550,45.367
358560,34.748
358570,34.894
358580,37.168
358590,37.761
358600,55.880
358610,37.284
358620,34.420
358630,45.701
358640,34.523
358650,42.916
358660,34.373
358670,36.669
358680,49.404
358690,34.713
358700,44.199
358710,34.564
358720,35.138
358730,46.550
358740,32.976
358750,34.632
358760,34.218
358770,53.336
358780,35.315
358790,40.290
358800,33.966
358810,36.941
358820,33.141
358830,38.220
358840,33.949
358850,34.991
358860,37.157
358870,37.145
358880,46.049
358890,32.554
358900,35.213
358910,56.592
358920,34.885
358930,35.914
358940,42.187
358950,33.389
358960,36.218
358970,32.694
358980,35.485
358990,38.613
359000,34.999
359010,36.425
359020,33.615
359030,36.440
359040,39.001
359050,34.368
359060,36.711
359070,36.597
359080,34.721
359090,47.722
359100,36.487
359110,35.229
359120,59.976
359130,37.139
359140,51.816
359150,32.853
359160,34.016
359170,36.476
359180,38.833
359190,35.868
359200,59.505
359210,35.687
359220,35.053
359230,48.438
359240,35.154
359250,35.794
359260,42.238
359270,34.638
359280,40.565
359290,32.851
359300,36.008
359310,39.772
359320,35.451
359330,37.435
359340,39.966
359350,32.538
359360,36.063
359370,49.621
359380,32.044
359390,35.140
359400,44.444
359410,31.411
359420,35.008
359430,49.040
359440,33.508
359450,36.564
359460,58.376
359470,36.218
359480,35.120
359490,37.588
359500,35.214
359510,37.275
359520,34.117
359530,36.925
359540,45.989
359550,32.866
359560,33.758
359570,34.990
359580,34.044
359590,35.771
359600,37.165
359610,56.344
359620,36.052
359630,42.913
359640,33.595
359650,36.802
359660,51.938
359670,35.675
359680,50.372
359690,34.859
359700,52.824
359710,34.620
359720,33.752
359730,45.886
359740,34.159
359750,45.805
359760,34.796
359770,35.794
359780,36.421
359790,33.302
359800,36.585
359810,37.179
359820,32.614
359830,52.900
359840,33.616
359850,34.754
359860,42.018
359870,35.320
359880,45.497
359890,36.857
359900,52.971
359910,34.527
359920,45.533
359930,33.821
359940,34.412
359950,58.196
359960,34.915
359970,51.482
359980,34.421
359990,52.164
360000,33.488
360010,44.540
360020,34.529
360030,35.725
360040,43.965
360050,34.367
360060,40.824
360070,33.755
360080,34.687
360090,36.336
360100,34.809
360110,38.138
360120,40.676
360130,35.207
360140,36.727
360150,38.081
360160,51.448
360170,36.399
360180,36.921
360190,38.544
360200,34.806
360210,36.769
360220,61.964
360230,35.891
360240,36.504
360250,37.609
360260,47.453
360270,34.777
360280,46.020
360290,32.886
360300,36.001
360310,39.051
360320,36.060
360330,50.530
360340,31.331
360350,34.049
360360,49.270
360370,35.699
360380,55.887
360390,32.860
360400,35.009
360410,40.639
360420,32.908
360430,35.375
360440,39.227
360450,34.199
360460,52.385
360470,31.632
360480,48.976
360490,32.565
360500,34.885
360510,39.737
360520,35.610
360530,40.368
360540,33.365
360550,50.375
360560,34.375
360570,35.501
360580,36.099
360590,33.960
360600,36.851
360610,35.383
360620,58.367
360630,36.188
360640,34.939
360650,44.851
360660,34.718
360670,33.824
360680,55.266
360690,34.085
360700,34.388
360710,37.854
360720,55.964
360730,36.502
360740,36.135
360750,43.231
360760,35.131
360770,58.247
360780,34.360
360790,35.873
360800,40.435
360810,34.506
360820,36.060
360830,54.781
360840,35.843
360850,38.883
360860,31.156
360870,55.200
360880,35.654
360890,34.690
360900,36.498
360910,35.100
360920,49.422
360930,35.725
360940,59.186
360950,33.870
360960,34.349
360970,40.415
360980,35.613
360990,57.016
361000,35.204
361010,49.964
361020,34.913
361030,34.770
361040,58.253
361050,36.885
361060,35.857
361070,35.897
361080,38.206
361090,50.109
361100,34.238
361110,38.407
361120,33.736
361130,57.575
361140,34.890
361150,46.838
361160,35.762
361170,53.032
361180,33.635
361190,47.195
361200,34.367
361210,35.276
361220,42.470
361230,35.118
361240,40.079
361250,40.524
361260,32.267
361270,48.244
361280,33.725
361290,35.889
361300,55.453
361310,39.327
361320,33.065
361330,34.744
361340,41.112
361350,33.156
361360,46.976
361370,35.178
361380,36.175
361390,38.757
361400,34.795
361410,37.840
361420,34.480
361430,36.643
361440,39.361
361450,53.733
361460,37.107
361470,41.146
361480,34.971
361490,35.359
361500,37.162
361510,39.818
361520,36.262
361530,37.517
361540,48.884
361550,35.954
361560,46.968
361570,33.795
361580,49.263
361590,33.721
361600,39.794
361610,33.022
361620,48.494
361630,33.081
361640,56.826
361650,32.995
361660,33.764
361670,39.591
361680,33.953
361690,60.464
361700,35.551
361710,34.190
361720,35.960
361730,34.400
361740,37.410
361750,47.744
361760,33.296
361770,33.838
361780,41.041
361790,33.779
361800,36.058
361810,39.932
361820,34.983
361830,37.994
361840,31.548
361850,40.840
361860,54.807
361870,33.806
361880,57.738
361890,33.474
361900,53.065
361910,34.958
361920,33.538
361930,46.105
361940,35.356
361950,33.865
361960,36.824
361970,34.209
361980,38.916
361990,36.327
362000,34.997
362010,53.290
362020,36.406
362030,37.302
362040,41.628
362050,34.038
362060,51.663
362070,33.962
362080,45.757
362090,34.104
362100,35.202
362110,37.882
362120,35.448
362130,35.887
362140,34.294
362150,50.294
362160,36.088
362170,35.578
362180,35.550
362190,34.731
362200,35.590
362210,38.378
362220,38.526
362230,34.835
362240,35.381
362250,39.062
362260,33.175
362270,37.688
362280,34.061
362290,40.538
362300,33.933
362310,36.570
362320,32.951
362330,38.582
362340,34.469
362350,37.071
362360,37.795
362370,40.183
362380,36.666
362390,35.698
362400,56.206
362410,35.480
362420,57.623
362430,34.928
362440,42.199
362450,36.878
362460,34.453
362470,37.571
362480,35.054
362490,39.766
362500,33.471
362510,36.381
362520,33.638
362530,48.291
362540,34.693
362550,58.918
362560,33.922
362570,35.400
362580,38.298
362590,35.881
362600,39.681
362610,34.331
362620,46.945
362630,35.425
362640,35.298
362650,37.172
362660,42.124
362670,36.745
362680,35.955
362690,38.017
362700,52.895
362710,37.491
362720,35.860
362730,44.313
362740,36.221
362750,36.442
362760,46.423
362770,34.018
362780,35.781
362790,49.977
362800,34.159
362810,44.325
362820,35.540
362830,39.006
362840,33.746
362850,34.862
362860,36.575
362870,38.430
362880,35.208
362890,37.889
362900,35.607
362910,38.226
362920,34.569
362930,52.343
362940,35.426
362950,55.848
362960,36.711
362970,34.628
362980,35.201
362990,34.882
363000,42.349
363010,34.814
363020,40.240
363030,32.426
363040,42.846
363050,33.351
363060,36.645
363070,46.288
363080,34.134
363090,57.872
363100,33.709
363110,33.427
363120,32.997
363130,34.773
363140,54.981
363150,36.667
363160,34.309
363170,58.897
363180,35.524
363190,40.981
363200,33.422
363210,35.185
363220,35.642
363230,34.998
363240,60.053
363250,35.353
363260,34.511
363270,37.823
363280,54.805
363290,35.639
363300,35.452
363310,38.611
363320,35.408
363330,36.809
363340,37.874
363350,33.240
363360,51.925
363370,30.912
363380,42.888
363390,33.508
363400,35.968
363410,36.778
363420,34.162
363430,40.319
363440,34.232
363450,35.756
363460,37.546
363470,44.128
363480,35.085
363490,36.868
363500,39.058
363510,61.423
363520,36.646
363530,35.391
363540,37.886
363550,34.407
363560,34.969
363570,39.711
363580,35.696
363590,36.791
363600,38.860
363610,40.434
363620,35.639
363630,49.784
363640,34.359
363650,36.983
363660,56.280
363670,35.855
363680,37.074
363690,59.206
363700,35.212
363710,33.931
363720,37.379
363730,41.160
363740,33.427
363750,34.044
363760,35.579
363770,34.193
363780,38.983
363790,34.756
363800,37.954
363810,47.962
363820,32.582
363830,37.747
363840,33.192
363850,59.311
363860,36.045
363870,33.885
363880,36.433
363890,36.234
363900,36.152
363910,36.395
363920,44.742
363930,34.738
363940,36.037
363950,58.552
363960,35.615
363970,35.350
363980,52.804
363990,36.618
364000,36.842
364010,46.712
364020,36.433
364030,40.217
364040,33.062
364050,36.690
364060,44.523
364070,34.537
364080,36.202
364090,57.417
364100,36.490
364110,41.397
364120,51.881
364130,32.394
364140,34.655
364150,36.268
364160,41.549
364170,34.963
364180,36.103
364190,49.935
364200,34.145
364210,34.490
364220,33.714
364230,36.620
364240,33.843
364250,36.254
364260,38.318
364270,36.517
364280,37.514
364290,56.428
364300,34.684
364310,35.896
364320,54.514
364330,34.858
364340,36.469
364350,37.683
364360,54.225
364370,36.149
364380,57.132
364390,35.601
364400,35.430
364410,44.471
364420,35.195
364430,36.472
364440,40.771
364450,34.207
364460,33.425
364470,32.568
364480,35.447
364490,38.240
364500,39.457
364510,37.837
364520,35.301
364530,48.223
364540,34.345
364550,35.326
364560,40.251
364570,34.148
364580,35.287
364590,37.087
364600,35.191
364610,50.961
364620,34.355
364630,34.638
364640,38.143
364650,35.329
364660,46.180
364670,34.302
364680,37.606
364690,33.214
364700,57.368
364710,35.444
364720,37.753
364730,32.634
364740,53.593
364750,33.730
364760,35.797
364770,38.494
364780,34.740
364790,55.686
364800,34.950
364810,36.014
364820,32.643
364830,34.569
364840,38.233
364850,35.407
364860,32.290
364870,34.120
364880,59.254
364890,36.508
364900,35.797
364910,36.890
364920,58.863
364930,36.302
364940,36.373
364950,48.388
364960,34.857
364970,35.213
364980,36.050
364990,32.389
365000,34.811
365010,36.978
365020,32.136
365030,36.806
365040,45.913
365050,33.523
365060,36.599
365070,41.586
365080,35.662
365090,56.420
365100,34.981
365110,34.982
365120,38.943
365130,34.517
365140,54.118
365150,34.435
365160,35.663
365170,41.772
365180,33.452
365190,36.413
365200,38.339
365210,39.130
365220,57.624
365230,36.661
365240,57.032
365250,34.441
365260,51.788
365270,33.757
365280,59.511
365290,32.524
365300,33.560
365310,35.753
365320,34.922
365330,35.134
365340,57.145
365350,34.442
365360,33.899
365370,36.712
365380,45.456
365390,57.313
365400,33.629
365410,33.884
365420,36.928
365430,51.352
365440,37.312
365450,47.764
365460,33.085
365470,38.379
365480,33.400
365490,38.362
365500,32.988
365510,32.335
365520,32.049
365530,36.918
365540,35.148
365550,35.657
365560,38.074
365570,40.725
365580,41.761
365590,32.401
365600,39.014
365610,32.780
365620,56.716
365630,35.305
365640,37.024
365650,37.129
365660,38.005
365670,54.781
365680,33.755
365690,36.612
365700,32.301
365710,47.688
365720,34.755
365730,59.762
365740,35.469
365750,48.157
365760,33.674
365770,57.088
365780,34.019
365790,33.034
365800,35.779
365810,38.939
365820,43.715
365830,31.924
365840,35.495
365850,38.667
365860,40.097
365870,35.167
365880,37.139
365890,34.117
365900,38.705
365910,34.914
365920,35.800
365930,39.529
365940,40.104
365950,33.150
365960,52.171
365970,34.181
365980,34.469
365990,56.744
366000,34.091
366010,34.202
366020,41.687
366030,32.772
366040,34.122
366050,38.084
366060,35.316
366070,41.141
366080,36.409
366090,57.174
366100,35.015
366110,35.324
366120,35.573
366130,46.234
366140,33.062
366150,34.637
366160,57.648
366170,35.069
366180,57.241
366190,34.518
366200,34.004
366210,45.329
366220,34.840
366230,34.489
366240,37.242
366250,35.275
366260,48.120
366270,32.438
366280,33.078
366290,36.000
366300,59.434
366310,33.847
366320,41.727
366330,31.762
366340,42.754
366350,33.963
366360,48.175
366370,33.678
366380,35.585
366390,46.973
366400,34.786
366410,46.385
366420,33.774
366430,38.420
366440,34.010
366450,35.678
366460,51.998
366470,34.379
366480,36.539
366490,56.163
366500,35.598
366510,36.743
366520,38.608
366530,33.021
366540,36.038
366550,42.154
366560,35.991
366570,40.261
366580,34.877
366590,36.865
366600,38.163
366610,35.148
366620,36.397
366630,41.529
366640,34.581
366650,36.957
366660,33.656
366670,40.883
366680,34.505
366690,34.235
366700,37.014
366710,44.291
366720,37.088
366730,36.516
366740,60.272
366750,36.250
366760,59.847
366770,32.183
366780,33.309
366790,32.649
366800,33.804
366810,36.181
366820,34.537
366830,36.999
366840,55.143
366850,37.433
366860,35.509
366870,57.499
366880,36.910
366890,35.000
366900,58.169
366910,34.865
366920,35.987
366930,51.934
366940,36.122
366950,45.702
366960,36.011
366970,36.186
366980,51.939
366990,36.967
367000,35.449
367010,49.181
367020,37.189
367030,56.704
367040,35.425
367050,33.639
367060,58.445
367070,35.379
367080,35.973
367090,32.935
367100,37.252
367110,40.396
367120,34.501
367130,36.026
367140,39.253
367150,33.760
367160,36.600
367170,38.882
367180,40.297
367190,36.351
367200,36.051
367210,38.601
367220,38.662
367230,35.829
367240,38.233
367250,37.759
367260,36.604
367270,33.673
367280,55.979
367290,35.631
367300,55.539
367310,35.667
367320,32.473
367330,34.580
367340,39.367
367350,34.978
367360,36.780
367370,39.681
367380,34.587
367390,35.947
367400,39.387
367410,35.779
367420,53.858
367430,35.100
367440,34.438
367450,39.431
367460,35.389
367470,36.537
367480,47.344
367490,57.703
367500,32.549
367510,41.076
367520,35.969
367530,34.344
367540,49.809
367550,34.652
367560,58.077
367570,34.947
367580,39.896
367590,31.117
367600,35.629
367610,38.887
367620,39.677
367630,41.064
367640,35.159
367650,36.981
367660,51.171
367670,35.080
367680,35.518
367690,58.042
367700,36.117
367710,36.021
367720,62.668
367730,36.070
367740,34.847
367750,54.129
367760,33.914
367770,35.961
367780,37.037
367790,41.748
367800,35.825
367810,39.823
367820,34.795
367830,35.922
367840,37.880
367850,57.748
367860,37.310
367870,50.814
367880,33.313
367890,53.061
367900,33.651
367910,39.871
367920,33.094
367930,34.906
367940,42.695
367950,54.614
367960,33.901
367970,33.520
367980,36.135
367990,34.156
368000,48.598
368010,36.317
368020,41.934
368030,31.871
368040,34.977
368050,39.425
368060,35.108
368070,37.129
368080,35.909
368090,36.386
368100,38.829
368110,35.894
368120,36.743
368130,41.422
368140,34.020
368150,51.216
368160,36.605
368170,52.702
368180,34.742
368190,33.076
368200,35.784
368210,34.516
368220,50.987
368230,36.088
368240,36.396
368250,37.566
368260,41.682
368270,33.781
368280,53.929
368290,35.767
368300,34.843
368310,56.028
368320,35.777
368330,34.360
368340,35.810
368350,46.517
368360,34.282
368370,37.372
368380,39.217
368390,33.843
368400,46.952
368410,34.990
368420,35.489
368430,37.683
368440,34.933
368450,36.471
368460,37.767
368470,36.888
368480,35.529
368490,33.617
368500,49.534
368510,34.795
368520,35.296
368530,32.786
368540,33.581
368550,33.043
368560,43.794
368570,33.488
368580,47.008
368590,33.361
368600,34.793
368610,41.351
368620,34.590
368630,37.665
368640,37.789
368650,43.086
368660,33.747
368670,36.378
368680,41.101
368690,34.791
368700,57.234
368710,36.943
368720,36.049
368730,45.035
368740,34.533
368750,35.616
368760,47.620
368770,34.937
368780,36.382
368790,59.808
368800,36.775
368810,36.038
368820,48.716
368830,32.016
368840,40.760
368850,53.460
368860,31.915
368870,41.487
368880,33.549
368890,50.049
368900,33.648
368910,38.223
368920,33.425
368930,43.148
368940,33.417
368950,42.874
368960,34.030
368970,36.067
368980,37.799
368990,43.904
369000,34.069
369010,36.130
369020,48.771
369030,36.836
369040,36.803
369050,39.140
369060,58.482
369070,34.297
369080,33.213
369090,36.550
369100,51.343
369110,36.961
369120,36.778
369130,41.536
369140,34.028
369150,36.617
369160,37.791
369170,33.505
369180,35.882
369190,43.226
369200,36.240
369210,45.968
369220,35.473
369230,36.096
369240,57.518
369250,35.346
369260,39.147
369270,32.186
369280,35.276
369290,49.990
369300,37.456
369310,36.121
369320,34.508
369330,53.766
369340,35.070
369350,42.396
369360,31.925
369370,34.934
369380,36.585
369390,38.818
369400,36.491
369410,36.894
369420,44.107
369430,36.197
369440,36.449
369450,37.472
369460,37.613
369470,46.578
369480,35.167
369490,49.683
369500,34.502
369510,44.940
369520,34.608
369530,53.191
369540,34.617
369550,34.602
369560,58.741
369570,57.294
369580,33.299
369590,41.132
369600,32.901
369610,35.813
369620,56.417
369630,36.399
369640,56.979
369650,32.793
369660,34.229
369670,37.025
369680,38.750
369690,62.044
369700,36.299
369710,45.096
369720,32.792
369730,44.341
369740,34.644
369750,56.088
369760,34.984
369770,51.608
369780,33.494
369790,55.035
369800,33.799
369810,35.507
369820,37.954
369830,57.919
369840,38.451
369850,35.977
369860,37.787
369870,45.073
369880,38.520
369890,33.936
369900,50.227
369910,34.993
369920,35.137
369930,43.168
369940,34.355
369950,35.746
369960,49.525
369970,37.078
369980,54.030
369990,32.817
370000,53.110
370010,35.342
370020,36.025
370030,61.701
370040,35.091
370050,54.758
370060,33.547
370070,34.311
370080,36.416
370090,41.455
370100,35.625
370110,36.817
370120,61.312
370130,35.360
370140,36.252
370150,34.577
370160,40.506
370170,34.239
370180,47.064
370190,32.472
370200,44.263
370210,36.326
370220,33.396
370230,37.648
370240,37.832
370250,34.698
370260,45.980
370270,34.271
370280,36.745
370290,37.907
370300,34.161
370310,34.800
370320,37.954
370330,36.107
370340,62.962
370350,36.948
370360,51.971
370370,34.392
370380,45.846
370390,35.503
370400,38.249
370410,37.033
370420,34.551
370430,36.250
370440,34.657
370450,36.497
370460,45.866
370470,34.648
370480,35.675
370490,44.368
370500,34.928
370510,67.053
370520,32.759
370530,33.769
370540,47.382
370550,36.153
370560,35.179
370570,35.531
370580,47.283
370590,35.235
370600,36.467
370610,41.409
370620,35.840
370630,36.288
370640,38.433
370650,34.968
370660,35.586
370670,37.516
370680,40.735
370690,34.521
370700,47.225
370710,34.077
370720,40.695
370730,34.001
370740,34.931
370750,55.919
370760,38.573
370770,56.110
370780,33.456
370790,35.505
370800,39.124
370810,34.895
370820,36.254
370830,42.681
370840,33.239
370850,35.728
370860,36.859
370870,44.416
370880,36.702
370890,36.240
370900,36.951
370910,35.657
370920,35.248
370930,33.780
370940,35.735
370950,37.372
370960,35.386
370970,37.035
370980,38.848
370990,58.344
371000,35.808
371010,34.484
371020,37.264
371030,34.422
371040,47.676
371050,34.120
371060,35.645
371070,49.849
371080,33.813
371090,34.578
371100,46.677
371110,34.962
371120,35.307
371130,38.405
371140,34.062
371150,42.276
371160,34.476
371170,37.963
371180,55.927
371190,35.456
371200,52.623
371210,34.709
371220,34.101
371230,51.676
371240,35.377
371250,53.520
371260,32.797
371270,53.380
371280,33.922
371290,37.059
371300,48.281
371310,34.295
371320,33.170
371330,35.528
371340,31.992
371350,57.381
371360,36.531
371370,34.627
371380,37.034
371390,38.595
371400,31.695
371410,36.693
371420,39.031
371430,35.208
371440,57.514
371450,34.661
371460,34.775
371470,35.346
371480,53.898
371490,36.455
371500,56.495
371510,37.190
371520,37.188
371530,40.207
371540,34.262
371550,35.560
371560,47.087
371570,35.545
371580,49.747
371590,34.195
371600,36.931
371610,40.834
371620,34.609
371630,36.493
371640,41.064
371650,38.049
371660,36.491
371670,38.118
371680,38.852
371690,53.181
371700,36.041
371710,57.873
371720,35.710
371730,36.868
371740,37.601
371750,41.029
371760,33.226
371770,32.189
371780,40.543
371790,34.698
371800,50.286
371810,34.973
371820,36.065
371830,36.719
371840,54.080
371850,32.389
371860,58.037
371870,32.866
371880,33.930
371890,44.249
371900,35.562
371910,58.748
371920,34.981
371930,33.987
371940,31.413
371950,35.796
371960,37.084
371970,34.787
371980,38.842
371990,34.365
372000,39.450
372010,35.421
372020,46.477
372030,35.339
372040,53.418
372050,33.676
372060,33.301
372070,32.984
372080,35.871
372090,42.646
372100,34.603
372110,59.316
372120,34.255
372130,49.376
372140,35.727
372150,34.637
372160,36.484
372170,37.621
372180,38.679
372190,48.169
372200,32.860
372210,35.293
372220,47.934
372230,34.924
372240,43.821
372250,33.067
372260,34.776
372270,41.168
372280,53.797
372290,33.326
372300,36.003
372310,54.673
372320,35.607
372330,35.013
372340,48.644
372350,35.150
372360,55.803
372370,34.607
372380,35.474
372390,36.491
372400,33.299
372410,37.136
372420,33.428
372430,37.425
372440,33.423
372450,42.546
372460,32.423
372470,47.091
372480,34.275
372490,45.314
372500,34.599
372510,58.624
372520,33.303
372530,33.483
372540,50.523
372550,34.346
372560,36.009
372570,33.883
372580,43.577
372590,34.416
372600,61.081
372610,36.479
372620,34.781
372630,37.280
372640,38.092
372650,38.149
372660,43.541
372670,34.072
372680,52.619
372690,36.551
372700,35.176
372710,37.662
372720,39.201
372730,39.955
372740,40.206
372750,35.083
372760,60.104
372770,35.925
372780,50.825
372790,31.949
372800,43.138
372810,33.367
372820,35.034
372830,37.629
372840,32.877
372850,35.932
372860,53.420
372870,34.540
372880,36.332
372890,41.173
372900,35.451
372910,57.097
372920,35.559
372930,50.290
372940,34.524
372950,45.945
372960,32.486
372970,34.643
372980,36.146
372990,33.746
373000,34.106
373010,34.449
373020,35.606
373030,43.329
373040,35.563
373050,36.943
373060,36.291
373070,34.675
373080,37.256
373090,32.047
373100,63.803
373110,36.746
373120,35.082
373130,37.635
373140,37.383
373150,41.867
373160,35.225
373170,40.428
373180,34.847
373190,37.120
373200,54.733
373210,32.383
373220,36.130
373230,33.581
373240,35.744
373250,63.417
373260,33.919
373270,34.911
373280,39.764
373290,53.534
373300,53.125
373310,31.541
373320,33.407
373330,35.098
373340,37.974
373350,34.862
373360,39.721
373370,53.548
373380,34.719
373390,34.622
373400,38.672
373410,33.976
373420,51.078
373430,34.605
373440,34.783
373450,37.756
373460,40.244
373470,36.053
373480,35.129
373490,34.052
373500,63.417
373510,34.522
373520,46.839
373530,34.496
373540,35.320
373550,52.077
373560,36.864
373570,34.344
373580,62.198
373590,36.661
373600,35.376
373610,53.159
373620,35.640
373630,37.226
373640,58.088
373650,36.430
373660,34.658
373670,38.217
373680,35.354
373690,39.736
373700,33.985
373710,35.147
373720,37.770
373730,45.179
373740,53.014
373750,33.812
373760,47.723
373770,31.863
373780,34.345
373790,41.275
373800,56.404
373810,28.832
373820,31.701
373830,47.711
373840,34.318
373850,36.106
373860,37.708
373870,38.188
373880,38.303
373890,35.825
373900,37.572
373910,42.810
373920,35.720
373930,36.887
373940,57.476
373950,36.593
373960,35.545
373970,38.534
373980,35.268
373990,34.407
374000,46.825
374010,34.324
374020,36.491
374030,38.062
374040,39.635
374050,40.024
374060,39.373
374070,35.881
374080,39.263
374090,34.464
374100,36.112
374110,53.511
374120,34.903
374130,36.616
374140,58.451
374150,35.611
374160,35.438
374170,50.134
374180,33.933
374190,34.667
374200,41.367
374210,35.711
374220,36.143
374230,39.409
374240,36.224
374250,38.513
374260,41.344
374270,35.674
374280,37.127
374290,40.019
374300,33.894
374310,35.879
374320,46.950
374330,34.696
374340,35.921
374350,36.487
374360,34.098
374370,35.518
374380,34.847
374390,39.508
374400,34.528
374410,58.072
374420,34.964
374430,35.042
374440,35.817
374450,42.901
374460,35.585
374470,36.252
374480,35.645
374490,36.623
374500,40.218
374510,58.905
374520,34.661
374530,33.763
374540,36.705
374550,37.032
374560,40.250
374570,35.564
374580,49.714
374590,35.684
374600,58.380
374610,32.843
374620,34.734
374630,36.004
374640,59.880
374650,37.011
374660,36.212
374670,37.063
374680,39.592
374690,36.190
374700,51.047
374710,37.497
374720,34.910
374730,35.674
374740,56.603
374750,37.322
374760,36.752
374770,42.186
374780,33.910
374790,41.667
374800,33.064
374810,42.185
374820,34.395
374830,35.483
374840,36.510
374850,44.646
374860,57.442
374870,32.168
374880,33.986
374890,44.075
374900,57.600
374910,32.956
374920,32.855
374930,35.767
374940,44.522
374950,34.515
374960,41.847
374970,34.244
374980,35.031
374990,37.105
375000,36.838
375010,37.254
375020,39.635
375030,33.868
375040,46.375
375050,36.014
375060,51.052
375070,33.061
375080,35.053
375090,43.251
375100,33.681
375110,37.178
375120,32.581
375130,41.780
375140,34.481
375150,36.010
375160,53.362
375170,35.139
375180,34.849
375190,52.009
375200,37.868
375210,36.674
375220,37.281
375230,45.170
375240,55.955
375250,33.520
375260,34.523
375270,35.622
375280,51.328
375290,33.703
375300,52.519
375310,36.964
375320,55.715
375330,34.347
375340,34.392
375350,36.629
375360,38.821
375370,39.431
375380,33.525
375390,37.349
375400,63.426
375410,35.460
375420,35.987
375430,38.952
375440,40.624
375450,41.689
375460,34.330
375470,34.430
375480,36.777
375490,38.402
375500,59.311
375510,34.001
375520,50.957
375530,32.783
375540,33.656
375550,51.695
375560,37.299
375570,34.462
375580,42.407
375590,33.818
375600,59.916
375610,34.668
375620,34.293
375630,44.937
375640,35.350
375650,34.443
375660,37.959
375670,49.017
375680,34.364
375690,53.306
375700,37.935
375710,34.263
375720,36.397
375730,38.454
375740,36.058
375750,39.852
375760,33.124
375770,58.077
375780,33.511
375790,49.623
375800,33.202
375810,56.784
375820,34.324
375830,34.301
375840,35.216
375850,33.880
375860,44.399
375870,33.120
375880,35.348
375890,40.119
375900,33.770
375910,36.339
375920,54.597
375930,35.174
375940,57.117
375950,35.745
375960,35.086
375970,46.972
375980,46.831
375990,30.343
376000,58.286
376010,35.716
376020,34.853
376030,36.194
376040,57.897
376050,35.074
376060,36.760
376070,60.010
376080,37.418
376090,35.893
376100,48.221
376110,35.430
376120,43.766
376130,31.678
376140,45.313
376150,35.035
376160,48.018
376170,34.620
376180,55.914
376190,36.904
376200,36.302
376210,41.611
376220,37.143
376230,34.275
376240,38.057
376250,34.483
376260,42.429
376270,34.738
376280,60.079
376290,34.831
376300,34.571
376310,37.493
376320,34.992
376330,34.798
376340,39.134
376350,34.372
376360,37.161
376370,38.085
376380,50.905
376390,36.468
376400,49.129
376410,34.207
376420,35.268
376430,37.743
376440,41.269
376450,34.102
376460,36.907
376470,40.149
376480,33.132
376490,36.696
376500,63.999
376510,36.074
376520,35.038
376530,36.809
376540,38.488
376550,35.680
376560,49.798
376570,35.637
376580,36.274
376590,51.193
376600,37.098
376610,36.315
376620,40.627
376630,35.606
376640,34.047
376650,46.249
376660,34.514
376670,35.213
376680,33.985
376690,52.660
376700,35.306
376710,35.687
376720,43.181
376730,49.851
376740,34.804
376750,53.063
376760,34.554
376770,35.218
376780,30.869
376790,39.445
376800,37.232
376810,35.744
376820,52.379
376830,35.252
376840,34.438
376850,37.946
376860,39.285
376870,34.117
376880,35.764
376890,36.809
376900,54.963
376910,32.812
376920,34.086
376930,36.381
376940,34.930
376950,37.420
376960,35.733
376970,38.308
376980,33.093
376990,37.043
377000,41.849
377010,35.122
377020,44.810
377030,34.705
377040,34.692
377050,37.557
377060,34.798
377070,36.345
377080,41.763
377090,37.239
377100,34.479
377110,51.217
377120,36.719
377130,36.098
377140,62.535
377150,35.703
377160,33.847
377170,36.659
377180,61.717
377190,37.607
377200,54.988
377210,32.160
377220,32.801
377230,50.118
377240,34.477
377250,35.967
377260,62.691
377270,34.605
377280,41.765
377290,35.632
377300,54.884
377310,34.718
377320,35.353
377330,50.858
377340,34.293
377350,35.976
377360,37.201
377370,62.484
377380,36.592
377390,57.827
377400,35.657
377410,35.590
377420,36.370
377430,47.343
377440,34.460
377450,37.052
377460,38.354
377470,38.788
377480,44.146
377490,34.060
377500,39.560
377510,56.127
377520,32.327
377530,34.042
377540,58.770
377550,37.583
377560,49.145
377570,34.310
377580,35.192
377590,37.525
377600,35.494
377610,47.918
377620,34.247
377630,54.905
377640,32.980
377650,35.109
377660,43.636
377670,36.765
377680,34.634
377690,43.364
377700,53.726
377710,33.927
377720,50.581
377730,33.283
377740,34.964
377750,37.319
377760,38.578
377770,38.647
377780,36.312
377790,43.614
377800,35.756
377810,37.514
377820,33.673
377830,36.215
377840,34.170
377850,38.723
377860,33.319
377870,39.062
377880,33.695
377890,55.151
377900,35.972
377910,56.752
377920,33.036
377930,35.196
377940,60.035
377950,36.358
377960,34.939
377970,52.724
377980,37.892
377990,33.613
378000,48.939
378010,34.731
378020,35.374
378030,36.704
378040,37.620
378050,34.098
378060,36.415
378070,55.531
378080,39.707
378090,33.826
378100,34.830
378110,32.883
378120,34.106
378130,38.005
378140,35.229
378150,55.345
378160,35.588
378170,51.431
378180,34.081
378190,52.879
378200,36.530
378210,34.708
378220,34.720
378230,35.871
378240,35.940
378250,52.959
378260,35.361
378270,37.687
378280,34.799
378290,35.571
378300,57.002
378310,35.529
378320,42.889
378330,33.744
378340,36.758
378350,33.598
378360,34.240
378370,37.632
378380,34.442
378390,38.128
378400,54.663
378410,32.690
378420,34.544
378430,37.514
378440,46.966
378450,33.602
378460,35.739
378470,39.672
378480,34.014
378490,41.622
378500,35.082
378510,38.342
378520,54.191
378530,32.446
378540,33.181
378550,35.912
378560,34.045
378570,47.389
378580,36.213
378590,36.114
378600,48.086
378610,36.852
378620,36.325
378630,41.142
378640,35.004
378650,56.183
378660,35.548
378670,35.428
378680,52.771
378690,33.802
378700,35.673
378710,36.688
378720,44.958
378730,34.540
378740,42.979
378750,32.980
378760,35.344
378770,46.908
378780,33.529
378790,37.797
378800,35.052
378810,36.730
378820,37.651
378830,58.450
378840,35.215
378850,35.238
378860,38.135
378870,53.366
378880,36.518
378890,36.174
378900,37.630
378910,43.195
378920,36.919
378930,35.606
378940,43.296
378950,33.954
378960,58.344
378970,34.882
378980,35.200
378990,37.859
379000,53.111
379010,33.788
379020,35.967
379030,40.745
379040,34.376
379050,56.423
379060,35.188
379070,42.479
379080,32.977
379090,35.063
379100,59.453
379110,36.380
379120,36.393
379130,47.737
379140,33.538
379150,34.919
379160,39.908
379170,33.794
379180,54.057
379190,34.868
379200,35.630
379210,37.611
379220,37.241
379230,51.591
379240,35.989
379250,33.045
379260,48.963
379270,35.482
379280,36.012
379290,39.803
379300,34.537
379310,57.328
379320,34.876
379330,35.489
379340,38.783
379350,33.980
379360,37.965
379370,57.069
379380,33.389
379390,33.786
379400,51.043
379410,35.568
379420,35.454
379430,37.947
379440,35.156
379450,35.524
379460,36.332
379470,31.708
379480,34.642
379490,42.790
379500,35.394
379510,36.418
379520,38.835
379530,34.343
379540,35.850
379550,36.884
379560,36.233
379570,52.428
379580,32.767
379590,39.884
379600,35.676
379610,37.322
379620,34.927
379630,33.746
379640,36.755
379650,39.859
379660,35.060
379670,38.938
379680,34.530
379690,37.213
379700,40.993
379710,34.954
379720,50.720
379730,37.541
379740,40.607
379750,53.673
379760,33.500
379770,39.593
379780,31.023
379790,35.486
379800,37.567
379810,38.843
379820,33.921
379830,36.481
379840,61.832
379850,37.807
379860,34.214
379870,37.066
379880,39.110
379890,63.845
379900,36.418
379910,35.157
379920,36.494
379930,39.840
379940,60.699
379950,34.933
379960,58.053
379970,35.389
379980,34.731
379990,37.255
380000,47.525
380010,34.132
380020,56.898
380030,36.226
380040,38.269
380050,33.151
380060,34.615
380070,36.904
380080,33.769
380090,37.653
380100,34.155
380110,37.202
380120,34.332
380130,42.519
380140,33.240
380150,50.673
380160,34.269
380170,36.165
380180,56.848
380190,34.227
380200,53.694
380210,33.798
380220,36.096
380230,55.143
380240,35.607
380250,33.947
380260,44.410
380270,34.069
380280,39.462
380290,53.284
380300,32.708
380310,35.862
380320,40.274
380330,33.390
380340,58.699
380350,34.747
380360,34.950
380370,36.987
380380,47.306
380390,35.422
380400,54.536
380410,32.086
380420,34.292
380430,49.936
380440,32.707
380450,42.276
380460,32.708
380470,35.943
380480,33.074
380490,40.332
380500,34.721
380510,34.536
380520,37.217
380530,33.646
380540,58.733
380550,33.750
380560,34.002
380570,38.138
380580,34.318
380590,55.165
380600,36.549
380610,35.341
380620,36.879
380630,37.988
380640,36.475
380650,42.823
380660,35.767
380670,37.138
380680,38.595
380690,38.233
380700,35.661
380710,47.580
380720,37.676
380730,44.873
380740,31.785
380750,58.308
380760,33.425
380770,52.777
380780,32.806
380790,34.474
380800,36.214
380810,34.804
380820,40.573
380830,34.279
380840,35.172
380850,56.816
380860,33.942
380870,35.907
380880,38.960
380890,33.899
380900,35.977
380910,38.145
380920,34.465
380930,46.113
380940,35.331
380950,35.950
380960,37.031
380970,37.563
380980,55.402
380990,37.098
381000,37.947
381010,38.686
381020,34.001
381030,45.102
381040,34.592
381050,35.166
381060,36.820
381070,32.777
381080,36.054
381090,34.616
381100,54.137
381110,33.126
381120,35.594
381130,47.653
381140,36.058
381150,35.644
381160,58.326
381170,34.231
381180,41.333
381190,33.186
381200,52.103
381210,31.507
381220,52.400
381230,31.888
381240,34.023
381250,36.567
381260,38.051
381270,36.046
381280,39.716
381290,35.038
381300,35.751
381310,37.795
381320,34.262
381330,37.407
381340,58.064
381350,36.364
381360,55.060
381370,33.993
381380,49.717
381390,33.895
381400,56.430
381410,34.588
381420,33.967
381430,60.184
381440,34.475
381450,34.568
381460,55.322
381470,35.001
381480,34.961
381490,37.040
381500,48.744
381510,33.098
381520,46.601
381530,32.051
381540,35.217
381550,36.231
381560,45.844
381570,36.427
381580,33.862
381590,34.969
381600,33.725
381610,44.109
381620,33.563
381630,35.303
381640,45.161
381650,35.377
381660,51.499
381670,35.402
381680,35.754
381690,49.949
381700,51.038
381710,31.778
381720,32.643
381730,60.641
381740,37.889
381750,34.102
381760,53.622
381770,33.722
381780,56.240
381790,34.556
381800,49.645
381810,3139.054
381820,4915.879
381830,59015.953
381840,79210.977
381850,86554.727
381860,89140.969
381870,81348.852
381880,33686.172
381890,18198.092
381900,12869.526
381910,10909.757
381920,10197.683
381930,9925.232
381940,9568.959
381950,9450.301
381960,5201.303
381970,1916.318
381980,707.530
381990,262.685
382000,98.960
382010,38.671
382020,16.528
382030,8.389
382040,5.411
382050,4.508
382060,6.220
382070,20.208
382080,40.593
382090,31.816
382100,35.065
382110,35.517
382120,34.479
382130,36.109
382140,56.648
382150,35.063
382160,34.858
382170,42.581
382180,33.378
382190,36.333
382200,33.639
382210,39.544
382220,34.403
382230,51.979
382240,37.369
382250,34.799
382260,42.102
382270,33.339
382280,36.007
382290,38.407
382300,40.867
382310,32.731
382320,48.045
382330,34.294
382340,34.998
382350,37.796
382360,35.662
382370,61.394
382380,34.323
382390,35.107
382400,36.892
382410,38.288
382420,33.655
382430,36.078
382440,38.678
382450,34.653
382460,50.688
382470,35.689
382480,59.920
382490,34.974
382500,37.972
382510,36.931
382520,34.266
382530,40.040
382540,33.726
382550,35.920
382560,49.043
382570,34.703
382580,35.812
382590,36.145
382600,34.797
382610,61.145
382620,37.969
382630,35.829
382640,36.903
382650,58.222
382660,37.368
382670,36.800
382680,39.183
382690,34.100
382700,35.063
382710,38.831
382720,65.953
382730,36.558
382740,35.557
382750,44.004
382760,35.570
382770,35.621
382780,34.112
382790,47.653
382800,34.004
382810,46.429
382820,35.935
382830,58.327
382840,35.547
382850,34.550
382860,45.437
382870,33.752
382880,35.804
382890,39.651
382900,35.798
382910,51.732
382920,35.671
382930,34.989
382940,62.215
382950,34.716
382960,35.327
382970,35.645
382980,49.881
382990,35.291
383000,60.661
383010,35.180
383020,33.696
383030,38.217
383040,33.239
383050,37.442
383060,34.448
383070,48.857
383080,34.609
383090,54.968
383100,35.724
383110,35.558
383120,41.737
383130,34.639
383140,34.886
383150,55.546
383160,36.548
383170,35.435
383180,44.533
383190,34.704
383200,58.755
383210,34.604
383220,36.305
383230,39.404
383240,33.737
383250,56.626
383260,37.659
383270,52.263
383280,33.205
383290,34.036
383300,43.376
383310,35.645
383320,40.105
383330,32.973
383340,45.864
383350,34.459
383360,36.872
383370,32.106
383380,38.769
383390,33.700
383400,48.758
383410,33.340
383420,35.600
383430,47.637
383440,35.442
383450,54.735
383460,37.155
383470,35.030
383480,37.123
383490,39.656
383500,32.653
383510,36.058
383520,44.395
383530,34.668
383540,45.603
383550,33.267
383560,35.277
383570,33.306
383580,42.454
383590,33.373
383600,34.252
383610,54.504
383620,36.949
383630,36.280
383640,49.539
383650,33.514
383660,48.375
383670,32.349
383680,56.235
383690,33.616
383700,40.865
383710,31.734
383720,34.743
383730,55.118
383740,35.098
383750,34.757
383760,49.729
383770,34.811
383780,34.727
383790,37.605
383800,38.737
383810,43.781
383820,37.288
383830,39.382
383840,34.432
383850,36.057
383860,53.868
383870,37.198
383880,35.784
383890,36.533
383900,37.849
383910,37.104
383920,37.626
383930,50.551
383940,36.215
383950,36.119
383960,48.022
383970,32.340
383980,48.909
383990,36.216
384000,32.963
384010,37.607
384020,38.615
384030,48.760
384040,34.774
384050,60.270
384060,36.075
384070,48.358
384080,35.731
384090,33.579
384100,37.755
384110,38.820
384120,40.543
384130,34.314
384140,40.969
384150,32.494
384160,56.337
384170,35.465
384180,35.392
384190,36.872
384200,34.470
384210,45.210
384220,35.122
384230,41.742
384240,33.437
384250,36.261
384260,53.626
384270,35.300
384280,43.498
384290,34.654
384300,49.219
384310,32.465
384320,33.713
384330,52.648
384340,36.034
384350,37.153
384360,39.617
384370,61.131
384380,34.980
384390,35.136
384400,41.866
384410,34.752
384420,40.535
384430,49.416
384440,32.076
384450,34.310
384460,44.673
384470,50.226
384480,29.879
384490,52.572
384500,33.394
384510,45.285
384520,33.049
384530,55.363
384540,36.085
384550,34.663
384560,38.037
384570,49.749
384580,35.557
384590,34.318
384600,33.553
384610,37.125
384620,55.787
384630,37.222
384640,34.474
384650,50.648
384660,35.580
384670,49.085
384680,35.131
384690,45.501
384700,32.504
384710,35.959
384720,32.186
384730,51.105
384740,34.340
384750,35.314
384760,49.089
384770,37.511
384780,35.669
384790,36.981
384800,37.470
384810,32.149
384820,34.889
384830,40.291
384840,34.330
384850,36.053
384860,39.576
384870,33.999
384880,35.257
384890,34.142
384900,56.835
384910,36.364
384920,35.044
384930,35.306
384940,32.142
384950,34.819
384960,34.252
384970,35.577
384980,50.951
384990,35.944
385000,35.610
385010,59.516
385020,38.874
385030,34.769
385040,37.051
385050,50.547
385060,36.024
385070,36.415
385080,44.406
385090,46.489
385100,34.496
385110,34.396
385120,49.388
385130,34.088
385140,34.394
385150,37.341
385160,44.666
385170,36.133
385180,37.444
385190,54.897
385200,34.605
385210,36.740
385220,43.238
385230,34.172
385240,34.668
385250,41.110
385260,35.740
385270,36.591
385280,38.701
385290,35.427
385300,32.385
385310,42.201
385320,32.498
385330,43.589
385340,35.401
385350,35.868
385360,47.178
385370,35.689
385380,34.368
385390,36.496
385400,41.576
385410,36.227
385420,56.793
385430,36.143
385440,35.471
385450,35.760
385460,33.777
385470,35.606
385480,37.275
385490,40.406
385500,38.686
385510,60.420
385520,34.210
385530,33.575
385540,54.427
385550,33.384
385560,36.161
385570,37.989
385580,39.209
385590,44.563
385600,47.515
385610,31.910
385620,48.493
385630,33.559
385640,37.367
385650,32.704
385660,35.581
385670,47.854
385680,34.071
385690,35.599
385700,37.583
385710,58.616
385720,37.160
385730,36.371
385740,41.511
385750,35.051
385760,43.958
385770,34.514
385780,35.504
385790,36.237
385800,42.505
385810,36.689
385820,39.511
385830,33.348
385840,35.784
385850,37.414
385860,49.326
385870,34.491
385880,36.187
385890,37.279
385900,39.837
385910,51.143
385920,35.299
385930,34.680
385940,41.842
385950,34.279
385960,49.644
385970,32.536
385980,45.810
385990,34.743
386000,35.486
386010,56.619
386020,37.368
386030,58.149
386040,33.855
386050,34.205
386060,50.481
386070,34.900
386080,57.186
386090,35.362
386100,33.705
386110,54.105
386120,37.431
386130,35.084
386140,56.876
386150,34.458
386160,57.913
386170,35.405
386180,34.793
386190,56.110
386200,36.304
386210,58.801
386220,35.389
386230,56.090
386240,33.491
386250,34.323
386260,44.699
386270,35.330
386280,39.532
386290,33.901
386300,32.429
386310,35.600
386320,46.956
386330,34.868
386340,41.447
386350,32.589
386360,43.322
386370,33.886
386380,35.476
386390,53.820
386400,38.218
386410,35.674
386420,36.790
386430,48.212
386440,37.048
386450,37.184
386460,38.707
386470,45.018
386480,35.191
386490,35.310
386500,36.096
386510,37.997
386520,33.517
386530,35.799
386540,37.532
386550,39.986
386560,34.311
386570,35.626
386580,39.516
386590,33.760
386600,36.767
386610,55.054
386620,33.248
386630,55.262
386640,34.685
386650,41.141
386660,32.902
386670,35.468
386680,59.860
386690,37.127
386700,36.032
386710,36.200
386720,40.210
386730,33.840
386740,36.463
386750,37.980
386760,38.878
386770,39.872
386780,43.030
386790,34.798
386800,36.086
386810,34.293
386820,38.246
386830,34.226
386840,35.833
386850,34.849
386860,47.202
386870,35.180
386880,34.831
386890,37.074
386900,44.275
386910,36.193
386920,37.500
386930,43.533
386940,35.653
386950,36.185
386960,38.161
386970,35.300
386980,57.936
386990,34.449
387000,34.620
387010,60.758
387020,33.153
387030,33.972
387040,39.087
387050,32.458
387060,44.757
387070,34.052
387080,45.979
387090,34.318
387100,36.117
387110,52.037
387120,35.076
387130,34.731
387140,57.072
387150,34.396
387160,56.146
387170,35.494
387180,36.626
387190,39.376
387200,55.581
387210,31.761
387220,34.701
387230,37.015
387240,57.316
387250,37.341
387260,45.101
387270,33.923
387280,35.036
387290,59.101
387300,36.579
387310,37.325
387320,52.883
387330,34.181
387340,35.410
387350,62.377
387360,35.736
387370,37.514
387380,32.849
387390,35.958
387400,60.360
387410,36.685
387420,47.428
387430,33.880
387440,33.235
387450,36.499
387460,35.166
387470,56.558
387480,34.726
387490,56.564
387500,35.320
387510,33.298
387520,36.227
387530,42.405
387540,32.508
387550,35.222
387560,44.337
387570,33.775
387580,48.908
387590,33.011
387600,54.301
387610,35.138
387620,35.585
387630,47.059
387640,56.254
387650,35.584
387660,41.900
387670,31.735
387680,34.542
387690,47.711
387700,36.484
387710,48.716
387720,33.868
387730,34.495
387740,43.635
387750,34.016
387760,44.246
387770,34.036
387780,34.978
387790,33.485
387800,36.064
387810,38.398
387820,57.714
387830,37.501
387840,35.517
387850,59.917
387860,37.974
387870,34.922
387880,35.420
387890,36.927
387900,36.126
387910,36.575
387920,47.852
387930,35.463
387940,35.800
387950,37.123
387960,39.226
387970,42.302
387980,56.875
387990,33.329
388000,34.883
388010,49.182
388020,35.145
388030,35.521
388040,46.442
388050,46.379
388060,34.111
388070,31.650
388080,33.873
388090,33.319
388100,58.374
388110,35.653
388120,33.732
388130,37.187
388140,39.014
388150,59.406
388160,36.946
388170,38.355
388180,32.806
388190,36.536
388200,38.422
388210,38.813
388220,39.651
388230,35.327
388240,44.687
388250,35.654
388260,53.110
388270,35.992
388280,35.291
388290,37.391
388300,39.986
388310,34.841
388320,37.391
388330,43.181
388340,34.351
388350,37.208
388360,33.552
388370,40.014
388380,34.890
388390,35.698
388400,37.262
388410,46.505
388420,35.591
388430,36.403
388440,34.656
388450,55.787
388460,36.006
388470,53.531
388480,35.417
388490,33.940
388500,43.788
388510,35.707
388520,50.438
388530,36.507
388540,35.278
388550,36.867
388560,45.846
388570,34.068
388580,36.058
388590,37.832
388600,34.747
388610,50.037
388620,34.144
388630,33.833
388640,54.251
388650,35.028
388660,36.159
388670,52.930
388680,35.428
388690,35.948
388700,39.342
388710,32.844
388720,44.571
388730,33.365
388740,35.396
388750,38.679
388760,38.313
388770,34.577
388780,48.368
388790,35.692
388800,34.053
388810,36.111
388820,53.828
388830,33.932
388840,34.328
388850,46.691
388860,34.275
388870,35.437
388880,69.991
388890,34.984
388900,34.986
388910,36.631
388920,38.688
388930,35.457
388940,37.347
388950,39.367
388960,47.973
388970,36.557
388980,47.508
388990,33.991
389000,36.586
389010,33.280
389020,43.243
389030,37.751
389040,34.466
389050,37.430
389060,47.893
389070,33.238
389080,35.793
389090,42.440
389100,34.473
389110,37.906
389120,32.334
389130,40.137
389140,33.761
389150,36.141
389160,38.412
389170,36.575
389180,35.831
389190,51.945
389200,34.570
389210,41.522
389220,33.694
389230,35.974
389240,58.617
389250,36.235
389260,43.611
389270,31.804
389280,38.287
389290,32.889
389300,36.588
389310,39.349
389320,34.716
389330,53.752
389340,34.734
389350,46.370
389360,37.178
389370,34.375
389380,35.687
389390,37.920
389400,40.583
389410,40.989
389420,32.422
389430,49.459
389440,34.880
389450,48.862
389460,36.170
389470,34.064
389480,35.455
389490,34.700
389500,37.356
389510,43.648
389520,33.559
389530,36.510
389540,37.345
389550,38.998
389560,45.282
389570,34.292
389580,46.698
389590,35.550
389600,35.543
389610,48.887
389620,35.142
389630,36.471
389640,39.074
389650,52.810
389660,35.358
389670,34.800
389680,46.245
389690,32.238
389700,34.890
389710,38.074
389720,38.808
389730,43.594
389740,38.098
389750,36.003
389760,37.026
389770,35.097
389780,57.416
389790,35.953
389800,52.853
389810,32.671
389820,44.987
389830,31.724
389840,40.625
389850,33.858
389860,40.596
389870,34.866
389880,43.085
389890,34.076
389900,35.273
389910,57.184
389920,35.891
389930,35.883
389940,45.955
389950,35.745
389960,42.272
389970,34.129
389980,45.026
389990,33.589
390000,35.979
390010,37.254
390020,45.624
390030,35.410
390040,60.885
390050,34.852
390060,35.120
390070,42.058
390080,33.854
390090,36.759
390100,54.016
390110,34.915
390120,54.160
390130,34.913
390140,34.426
390150,38.860
390160,35.470
390170,35.612
390180,42.644
390190,34.867
390200,39.917
390210,33.304
390220,45.759
390230,34.144
390240,36.907
390250,35.002
390260,36.299
390270,39.632
390280,34.297
390290,36.040
390300,53.221
390310,33.897
390320,52.396
390330,35.634
390340,49.558
390350,32.052
390360,35.706
390370,39.707
390380,33.625
390390,56.997
390400,38.112
390410,34.875
390420,51.956
390430,34.129
390440,41.716
390450,33.725
390460,40.659
390470,31.671
390480,44.410
390490,33.502
390500,43.549
390510,33.981
390520,52.876
390530,33.654
390540,47.185
390550,32.512
390560,53.642
390570,35.159
390580,35.918
390590,35.947
390600,53.475
390610,37.155
390620,35.797
390630,57.764
390640,34.663
390650,57.000
390660,35.869
390670,33.400
390680,54.224
390690,35.512
390700,50.081
390710,32.208
390720,33.440
390730,33.752
390740,35.994
390750,37.908
390760,32.048
390770,40.440
390780,33.739
390790,46.352
390800,33.653
390810,35.460
390820,51.836
390830,35.669
390840,35.348
390850,55.477
390860,36.522
390870,36.224
390880,45.218
390890,34.152
390900,53.895
390910,34.710
390920,33.668
390930,36.990
390940,54.142
390950,36.197
390960,35.391
390970,53.731
390980,34.942
390990,33.805
391000,36.605
391010,34.389
391020,44.323
391030,34.000
391040,55.579
391050,35.188
391060,36.296
391070,47.915
391080,30.015
391090,33.742
391100,37.388
391110,38.001
391120,36.029
391130,37.324
391140,40.665
391150,33.562
391160,42.914
391170,33.589
391180,35.705
391190,37.679
391200,35.357
391210,45.821
391220,32.469
391230,36.183
391240,57.103
391250,34.169
391260,34.793
391270,38.353
391280,38.781
391290,41.959
391300,33.902
391310,36.349
391320,35.228
391330,46.856
391340,34.067
391350,34.851
391360,37.956
391370,35.153
391380,53.327
391390,35.848
391400,35.127
391410,38.006
391420,33.487
391430,35.361
391440,44.131
391450,35.007
391460,39.693
391470,33.129
391480,35.524
391490,33.728
391500,35.358
391510,36.889
391520,45.865
391530,36.061
391540,36.316
391550,36.792
391560,40.493
391570,33.953
391580,36.108
391590,41.008
391600,34.151
391610,36.731
391620,53.842
391630,56.472
391640,32.701
391650,33.599
391660,37.011
391670,39.862
391680,35.264
391690,36.563
391700,34.344
391710,35.621
391720,37.526
391730,34.280
391740,53.694
391750,33.123
391760,38.303
391770,33.420
391780,36.335
391790,37.782
391800,35.767
391810,54.537
391820,34.113
391830,48.169
391840,34.215
391850,35.560
391860,39.842
391870,34.671
391880,43.558
391890,34.107
391900,42.266
391910,33.335
391920,35.329
391930,46.324
391940,34.831
391950,54.653
391960,34.935
391970,35.066
391980,36.434
391990,56.087
392000,35.913
392010,36.206
392020,39.487
392030,35.185
392040,41.817
392050,55.412
392060,34.211
392070,33.699
392080,39.094
392090,33.656
392100,61.094
392110,35.336
392120,33.991
392130,40.502
392140,37.337
392150,52.229
392160,33.269
392170,35.129
392180,36.562
392190,50.251
392200,34.497
392210,39.692
392220,33.903
392230,51.645
392240,34.739
392250,50.947
392260,33.212
392270,34.624
392280,51.044
392290,36.154
392300,37.040
392310,37.420
392320,34.770
392330,56.609
392340,35.558
392350,35.552
392360,54.005
392370,37.372
392380,35.275
392390,36.637
392400,37.041
392410,34.188
392420,39.379
392430,35.525
392440,48.287
392450,34.950
392460,40.041
392470,32.220
392480,57.258
392490,33.441
392500,35.298
392510,36.617
392520,34.569
392530,37.299
392540,41.719
392550,35.221
392560,41.049
392570,31.870
392580,42.039
392590,32.805
392600,35.070
392610,38.542
392620,45.816
392630,34.461
392640,35.856
392650,44.518
392660,33.844
392670,47.424
392680,34.870
392690,60.193
392700,34.078
392710,35.393
392720,52.702
392730,35.541
392740,34.655
392750,34.288
392760,35.853
392770,50.297
392780,34.798
392790,45.817
392800,32.911
392810,35.307
392820,49.414
392830,36.634
392840,35.321
392850,40.347
392860,36.051
392870,37.549
392880,43.959
392890,34.559
392900,35.272
392910,36.262
392920,38.007
392930,35.191
392940,46.292
392950,33.803
392960,35.708
392970,39.155
392980,43.050
392990,34.542
393000,55.730
393010,34.573
393020,49.727
393030,35.017
393040,55.398
393050,33.848
393060,39.467
393070,32.671
393080,34.501
393090,36.848
393100,36.632
393110,39.493
393120,32.390
393130,36.054
393140,38.228
393150,38.450
393160,44.399
393170,35.011
393180,35.437
393190,42.101
393200,35.046
393210,36.593
393220,50.308
393230,35.773
393240,37.956
393250,34.201
393260,41.188
393270,34.955
393280,37.856
393290,32.944
393300,35.503
393310,37.630
393320,62.527
393330,36.763
393340,56.884
393350,34.381
393360,55.651
393370,34.295
393380,33.048
393390,33.472
393400,36.729
393410,34.666
393420,36.328
393430,35.714
393440,36.286
393450,38.063
393460,34.538
393470,35.438
393480,59.223
393490,36.957
393500,35.353
393510,35.418
393520,42.302
393530,34.481
393540,38.044
393550,32.654
393560,39.780
393570,48.279
393580,32.226
393590,33.730
393600,35.758
393610,38.474
393620,59.033
393630,38.074
393640,54.924
393650,34.092
393660,36.250
393670,38.801
393680,34.331
393690,36.672
393700,39.381
393710,36.338
393720,32.183
393730,35.161
393740,38.721
393750,47.402
393760,36.876
393770,37.148
393780,43.499
393790,34.863
393800,42.158
393810,31.719
393820,35.468
393830,36.861
393840,53.227
393850,34.189
393860,52.873
393870,32.662
393880,35.643
393890,40.119
393900,33.076
393910,37.285
393920,43.256
393930,33.537
393940,40.124
393950,31.731
393960,36.763
393970,30.132
393980,34.384
393990,36.729
394000,39.743
394010,35.340
394020,36.167
394030,37.205
394040,45.137
394050,36.102
394060,44.684
394070,34.086
394080,35.560
394090,40.164
394100,36.105
394110,37.175
394120,46.931
394130,55.077
394140,33.451
394150,49.939
394160,35.371
394170,55.869
394180,31.737
394190,31.995
394200,59.222
394210,34.849
394220,34.606
394230,35.529
394240,35.264
394250,43.140
394260,34.802
394270,38.545
394280,55.696
394290,35.149
394300,36.225
394310,55.720
394320,35.253
394330,36.425
394340,41.559
394350,57.377
394360,33.284
394370,53.617
394380,33.471
394390,43.500
394400,32.433
394410,49.252
394420,33.219
394430,39.931
394440,31.984
394450,35.496
394460,37.282
394470,34.452
394480,38.338
394490,33.342
394500,41.816
394510,33.717
394520,47.663
394530,35.546
394540,35.041
394550,37.412
394560,35.536
394570,37.594
394580,38.898
394590,39.039
394600,34.925
394610,37.810
394620,37.096
394630,58.826
394640,32.348
394650,34.652
394660,57.367
394670,38.797
394680,34.360
394690,43.486
394700,36.259
394710,36.343
394720,38.197
394730,38.108
394740,35.390
394750,37.049
394760,59.063
394770,32.572
394780,34.183
394790,35.110
394800,46.901
394810,35.650
394820,56.928
394830,37.175
394840,35.774
394850,43.044
394860,34.683
394870,49.561
394880,36.927
394890,33.874
394900,57.739
394910,37.246
394920,39.896
394930,34.764
394940,35.134
394950,37.318
394960,36.117
394970,36.028
394980,43.598
394990,36.130
395000,37.332
395010,54.812
395020,36.870
395030,34.057
395040,41.085
395050,34.316
395060,40.615
395070,52.421
395080,32.503
395090,33.608
395100,50.776
395110,34.240
395120,59.613
395130,33.656
395140,34.868
395150,35.435
395160,34.932
395170,37.807
395180,45.027
395190,36.645
395200,41.424
395210,55.027
395220,31.575
395230,33.776
395240,44.607
395250,33.371
395260,36.252
395270,37.977
395280,34.866
395290,37.757
395300,34.606
395310,41.564
395320,33.819
395330,35.756
395340,49.942
395350,33.927
395360,49.996
395370,33.749
395380,34.694
395390,48.789
395400,35.099
395410,36.211
395420,37.399
395430,44.558
395440,33.647
395450,34.603
395460,52.858
395470,35.005
395480,33.305
395490,45.178
395500,34.014
395510,57.177
395520,35.096
395530,34.439
395540,35.563
395550,35.223
395560,36.604
395570,32.804
395580,35.658
395590,61.281
395600,34.723
395610,35.094
395620,36.272
395630,32.764
395640,47.100
395650,34.502
395660,36.453
395670,60.118
395680,36.985
395690,52.462
395700,33.365
395710,39.929
395720,34.406
395730,48.369
395740,32.802
395750,35.450
395760,38.437
395770,39.720
395780,45.245
395790,36.095
395800,34.247
395810,37.203
395820,38.894
395830,40.745
395840,37.325
395850,38.012
395860,40.440
395870,32.942
395880,35.725
395890,36.765
395900,45.341
395910,33.332
395920,34.603
395930,35.123
395940,34.151
395950,39.998
395960,35.501
395970,53.964
395980,34.644
395990,48.212
396000,34.368
396010,57.192
396020,35.065
396030,33.734
396040,60.254
396050,33.513
396060,35.393
396070,40.095
396080,34.915
396090,56.303
396100,34.371
396110,36.467
396120,32.151
396130,58.080
396140,33.918
396150,50.667
396160,33.715
396170,43.643
396180,32.037
396190,38.920
396200,33.613
396210,36.092
396220,36.349
396230,41.789
396240,35.095
396250,34.126
396260,36.801
396270,41.921
396280,35.332
396290,37.737
396300,42.954
396310,30.879
396320,33.785
396330,51.850
396340,34.506
396350,41.700
396360,33.286
396370,35.440
396380,48.017
396390,31.830
396400,33.920
396410,32.132
396420,57.087
396430,34.514
396440,34.899
396450,51.684
396460,36.933
396470,36.419
396480,45.057
396490,33.229
396500,36.648
396510,37.987
396520,38.636
396530,37.080
396540,34.160
396550,35.136
396560,40.069
396570,33.807
396580,60.959
396590,34.618
396600,34.518
396610,49.626
396620,33.624
396630,34.235
396640,36.685
396650,35.063
396660,39.456
396670,33.237
396680,50.286
396690,33.466
396700,35.208
396710,37.851
396720,35.166
396730,36.335
396740,37.115
396750,35.150
396760,35.305
396770,30.289
396780,35.575
396790,44.022
396800,33.931
396810,51.205
396820,36.238
396830,36.302
396840,35.529
396850,38.577
396860,33.907
396870,36.566
396880,37.994
396890,49.044
396900,36.743
396910,35.941
396920,46.671
396930,34.291
396940,37.215
396950,38.050
396960,41.425
396970,34.688
396980,41.086
396990,34.027
397000,35.738
397010,38.254
397020,50.030
397030,35.516
397040,35.793
397050,149.990
397060,57.469
397070,23.433
397080,10.887
397090,6.291
397100,4.599
397110,4.011
397120,3.788
397130,3.795
397140,4.048
397150,13.241
397160,41.073
397170,29.084
397180,33.802
397190,36.777
397200,37.846
397210,43.513
397220,33.493
397230,59.384
397240,33.274
397250,34.863
397260,37.983
397270,51.461
397280,33.034
397290,32.969
397300,35.306
397310,32.846
397320,55.160
397330,34.478
397340,44.837
397350,34.947
397360,36.252
397370,42.448
397380,34.620
397390,42.730
397400,33.740
397410,46.859
397420,33.102
397430,38.003
397440,32.816
397450,47.722
397460,33.927
397470,35.759
397480,39.233
397490,35.005
397500,36.419
397510,59.235
397520,35.541
397530,55.538
397540,37.459
397550,35.534
397560,38.315
397570,39.243
397580,40.420
397590,35.571
397600,36.452
397610,39.831
397620,34.760
397630,37.014
397640,40.572
397650,35.006
397660,39.420
397670,32.631
397680,42.150
397690,33.610
397700,48.112
397710,34.330
397720,54.981
397730,35.027
397740,33.208
397750,53.076
397760,33.637
397770,34.691
397780,55.996
397790,34.914
397800,36.519
397810,53.561
397820,34.972
397830,41.487
397840,33.031
397850,35.417
397860,49.754
397870,36.555
397880,35.114
397890,50.934
397900,37.512
397910,42.258
397920,35.082
397930,35.155
397940,37.184
397950,34.667
397960,39.237
397970,33.795
397980,36.539
397990,36.757
398000,42.703
398010,57.494
398020,33.828
398030,34.344
398040,49.910
398050,35.963
398060,35.743
398070,58.942
398080,36.176
398090,36.210
398100,37.260
398110,44.265
398120,35.640
398130,35.095
398140,33.506
398150,36.652
398160,38.775
398170,33.650
398180,38.926
398190,35.271
398200,36.028
398210,37.833
398220,44.972
398230,37.538
398240,43.674
398250,33.804
398260,36.871
398270,53.538
398280,36.165
398290,35.083
398300,44.318
398310,33.332
398320,33.356
398330,33.492
398340,37.350
398350,38.508
398360,53.928
398370,34.211
398380,34.531
398390,44.880
398400,52.935
398410,31.067
398420,54.699
398430,34.700
398440,34.637
398450,47.122
398460,34.071
398470,54.616
398480,33.366
398490,34.170
398500,58.542
398510,36.131
398520,36.272
398530,37.260
398540,39.354
398550,45.356
398560,37.074
398570,37.098
398580,50.281
398590,34.417
398600,38.247
398610,34.605
398620,35.890
398630,46.914
398640,35.048
398650,49.854
398660,34.511
398670,34.522
398680,39.345
398690,35.199
398700,49.533
398710,35.442
398720,34.713
398730,37.711
398740,41.023
398750,34.774
398760,37.098
398770,43.567
398780,33.704
398790,37.514
398800,33.581
398810,38.943
398820,31.899
398830,56.720
398840,35.816
398850,39.084
398860,42.451
398870,35.475
398880,31.938
398890,39.152
398900,33.902
398910,36.832
398920,37.804
398930,49.483
398940,34.949
398950,57.319
398960,33.816
398970,36.155
398980,48.474
398990,33.758
399000,34.900
399010,36.947
399020,52.415
399030,33.091
399040,57.844
399050,34.285
399060,33.941
399070,35.935
399080,58.914
399090,35.220
399100,35.760
399110,44.985
399120,35.343
399130,40.884
399140,35.955
399150,35.472
399160,48.109
399170,34.978
399180,36.968
399190,43.004
399200,35.326
399210,38.864
399220,39.062
399230,44.597
399240,34.714
399250,35.462
399260,38.905
399270,47.698
399280,36.160
399290,35.526
399300,46.626
399310,33.209
399320,36.001
399330,38.734
399340,35.279
399350,35.431
399360,37.766
399370,51.721
399380,31.849
399390,32.770
399400,32.866
399410,40.187
399420,34.217
399430,40.435
399440,34.016
399450,35.091
399460,39.418
399470,56.556
399480,33.185
399490,33.781
399500,46.343
399510,33.733
399520,37.119
399530,35.019
399540,42.057
399550,32.607
399560,38.379
399570,33.563
399580,35.991
399590,39.263
399600,50.373
399610,31.872
399620,50.785
399630,33.807
399640,35.814
399650,37.289
399660,41.025
399670,35.400
399680,37.651
399690,32.091
399700,35.995
399710,63.029
399720,37.032
399730,46.507
399740,34.467
399750,33.497
399760,38.185
399770,35.655
399780,56.805
399790,33.155
399800,52.015
399810,32.712
399820,35.034
399830,37.432
399840,45.199
399850,55.717
399860,36.703
399870,33.948
399880,56.262
399890,35.461
399900,34.484
399910,37.141
399920,38.658
399930,45.166
399940,34.540
399950,36.199
399960,39.447
399970,34.718
399980,35.470
399990,34.912
400000,38.191
400010,34.260
400020,35.691
400030,41.638
400040,32.307
400050,35.536
400060,31.839
400070,39.815
400080,34.231
400090,51.034
400100,35.035
400110,34.154
400120,37.924
400130,33.541
400140,57.558
400150,37.493
400160,35.343
400170,36.023
400180,37.324
400190,61.813
400200,37.649
400210,35.829
400220,53.942
400230,34.555
400240,58.812
400250,35.830
400260,35.206
400270,43.001
400280,35.701
400290,35.480
400300,45.781
400310,33.998
400320,57.312
400330,35.802
400340,35.548
400350,45.305
400360,34.778
400370,37.434
400380,36.579
400390,34.440
400400,58.085
400410,36.758
400420,34.800
400430,60.724
400440,35.074
400450,34.263
400460,36.941
400470,34.461
400480,40.108
400490,33.283
400500,35.239
400510,41.955
400520,33.785
400530,36.156
400540,57.304
400550,32.937
400560,35.684
400570,31.276
400580,44.982
400590,32.552
400600,35.062
400610,41.869
400620,33.714
400630,34.880
400640,33.308
400650,54.964
400660,34.989
400670,57.976
400680,34.206
400690,34.433
400700,36.386
400710,33.751
400720,37.611
400730,32.602
400740,42.104
400750,33.490
400760,52.958
400770,35.700
400780,35.094
400790,38.857
400800,33.654
400810,50.543
400820,34.551
400830,34.654
400840,50.373
400850,35.085
400860,37.802
400870,33.120
400880,51.517
400890,34.145
400900,36.445
400910,37.941
400920,36.394
400930,35.457
400940,45.630
400950,35.403
400960,44.482
400970,32.735
400980,41.873
400990,33.299
401000,34.954
401010,36.445
401020,36.422
401030,55.908
401040,35.616
401050,51.374
401060,36.320
401070,33.784
401080,39.650
401090,33.848
401100,51.451
401110,33.364
401120,36.664
401130,32.200
401140,35.907
401150,37.527
401160,39.686
401170,34.999
401180,38.143
401190,40.557
401200,33.812
401210,45.171
401220,33.317
401230,54.424
401240,33.317
401250,34.762
401260,37.224
401270,33.315
401280,44.656
401290,33.046
401300,56.198
401310,36.905
401320,54.660
401330,32.899
401340,34.116
401350,35.645
401360,60.487
401370,35.988
401380,35.583
401390,58.459
401400,35.568
401410,36.181
401420,40.663
401430,34.694
401440,41.001
401450,34.118
401460,44.527
401470,33.671
401480,34.850
401490,38.145
401500,34.099
401510,35.691
401520,38.429
401530,35.235
401540,57.992
401550,35.374
401560,35.754
401570,38.527
401580,37.739
401590,34.573
401600,34.405
401610,35.036
401620,33.866
401630,56.176
401640,34.997
401650,55.164
401660,32.192
401670,33.714
401680,54.842
401690,35.996
401700,35.941
401710,40.348
401720,34.900
401730,35.585
401740,39.318
401750,33.459
401760,36.998
401770,34.005
401780,35.265
401790,38.317
401800,33.876
401810,34.905
401820,60.596
401830,35.972
401840,33.227
401850,43.433
401860,34.974
401870,37.417
401880,38.002
401890,35.070
401900,43.951
401910,33.560
401920,45.767
401930,33.963
401940,34.803
401950,34.663
401960,35.306
401970,39.045
401980,41.051
401990,32.142
402000,35.061
402010,36.822
402020,45.844
402030,34.926
402040,56.717
402050,35.170
402060,52.272
402070,36.183
402080,34.033
402090,40.602
402100,34.274
402110,44.981
402120,34.073
402130,33.563
402140,61.979
402150,34.671
402160,52.918
402170,35.050
402180,33.870
402190,38.914
402200,35.110
402210,33.699
402220,60.497
402230,35.137
402240,33.777
402250,37.108
402260,39.359
402270,36.098
402280,43.670
402290,39.380
402300,34.791
402310,52.085
402320,31.490
402330,33.942
402340,49.353
402350,34.283
402360,56.587
402370,34.898
402380,34.597
402390,42.125
402400,34.194
402410,59.197
402420,35.608
402430,33.507
402440,41.579
402450,34.460
402460,39.290
402470,38.190
402480,57.157
402490,33.399
402500,32.289
402510,54.919
402520,36.630
402530,52.907
402540,33.428
402550,36.154
402560,33.917
402570,34.957
402580,37.036
402590,36.619
402600,38.050
402610,43.083
402620,34.250
402630,46.609
402640,58.898
402650,32.511
402660,34.108
402670,35.234
402680,58.779
402690,36.716
402700,36.588
402710,47.227
402720,34.265
402730,43.591
402740,33.120
402750,35.769
402760,40.003
402770,35.638
402780,35.166
402790,33.729
402800,36.021
402810,46.418
402820,34.644
402830,35.831
402840,43.373
402850,35.500
402860,36.092
402870,34.254
402880,43.585
402890,34.559
402900,52.029
402910,34.893
402920,35.121
402930,37.154
402940,39.248
402950,43.101
402960,35.097
402970,36.811
402980,33.883
402990,53.515
403000,34.758
403010,36.645
403020,59.731
403030,36.024
403040,44.512
403050,33.430
403060,34.042
403070,31.563
403080,59.171
403090,33.977
403100,41.379
403110,30.841
403120,34.281
403130,51.810
403140,32.658
403150,34.428
403160,39.402
403170,45.735
403180,33.934
403190,50.917
403200,32.326
403210,53.828
403220,36.255
403230,34.085
403240,35.919
403250,52.949
403260,35.390
403270,35.245
403280,38.186
403290,50.833
403300,35.582
403310,36.372
403320,37.147
403330,37.610
403340,35.379
403350,36.125
403360,34.337
403370,33.486
403380,40.767
403390,32.716
403400,57.082
403410,37.054
403420,33.438
403430,36.474
403440,54.983
403450,36.323
403460,36.136
403470,36.047
403480,33.089
403490,45.596
403500,34.089
403510,34.999
403520,48.346
403530,34.539
403540,39.478
403550,36.449
403560,49.435
403570,33.371
403580,35.511
403590,41.185
403600,36.200
403610,43.767
403620,32.522
403630,43.380
403640,35.691
403650,34.747
403660,55.318
403670,34.597
403680,34.697
403690,36.781
403700,35.327
403710,56.747
403720,35.205
403730,51.928
403740,34.739
403750,35.059
403760,44.707
403770,35.850
403780,36.340
403790,45.592
403800,32.038
403810,45.610
403820,36.375
403830,34.645
403840,37.064
403850,45.816
403860,36.711
403870,46.151
403880,31.969
403890,35.143
403900,32.450
403910,44.415
403920,32.962
403930,40.885
403940,32.216
403950,59.348
403960,34.918
403970,57.448
403980,33.431
403990,52.815
404000,32.879
404010,34.879
404020,48.829
404030,35.114
404040,35.727
404050,38.293
404060,35.070
404070,40.692
404080,34.473
404090,40.581
404100,33.605
404110,38.606
404120,33.050
404130,36.965
404140,32.964
404150,36.111
404160,41.132
404170,35.067
404180,36.266
404190,37.331
404200,36.062
404210,58.086
404220,35.206
404230,34.137
404240,35.766
404250,40.121
404260,34.750
404270,50.944
404280,36.108
404290,35.245
404300,36.812
404310,37.588
404320,33.475
404330,44.153
404340,33.288
404350,34.501
404360,37.036
404370,35.234
404380,36.459
404390,36.139
404400,34.469
404410,37.638
404420,59.485
404430,36.695
404440,43.467
404450,32.374
404460,35.545
404470,38.114
404480,37.846
404490,33.301
404500,37.081
404510,39.842
404520,43.857
404530,34.628
404540,55.922
404550,35.537
404560,36.050
404570,58.485
404580,37.617
404590,35.239
404600,36.769
404610,37.563
404620,34.714
404630,37.024
404640,42.426
404650,37.022
404660,37.401
404670,37.946
404680,34.431
404690,35.583
404700,32.475
404710,36.391
404720,42.685
404730,36.077
404740,37.036
404750,40.113
404760,34.789
404770,35.202
404780,36.714
404790,37.746
404800,36.273
404810,51.236
404820,33.818
404830,35.981
404840,59.663
404850,36.666
404860,36.098
404870,60.270
404880,35.530
404890,36.424
404900,37.110
404910,64.121
404920,36.236
404930,35.747
404940,37.042
404950,34.414
404960,44.435
404970,34.198
404980,53.671
404990,35.878
405000,47.594
405010,33.385
405020,36.826
405030,37.109
405040,33.349
405050,33.169
405060,41.771
405070,33.472
405080,48.793
405090,36.526
405100,35.577
405110,36.542
405120,42.809
405130,35.090
405140,36.874
405150,61.960
405160,34.238
405170,33.138
405180,36.520
405190,34.762
405200,37.184
405210,38.349
405220,47.601
405230,35.869
405240,45.686
405250,33.031
405260,34.791
405270,42.270
405280,32.548
405290,34.813
405300,48.858
405310,35.420
405320,35.869
405330,37.264
405340,35.705
405350,52.225
405360,35.242
405370,35.272
405380,41.001
405390,32.719
405400,37.119
405410,33.034
405420,47.445
405430,33.741
405440,34.993
405450,42.391
405460,35.290
405470,44.653
405480,34.181
405490,35.019
405500,36.514
405510,34.519
405520,37.159
405530,35.801
405540,36.327
405550,38.520
405560,35.246
405570,57.254
405580,35.838
405590,34.549
405600,36.087
405610,38.059
405620,34.781
405630,43.566
405640,32.729
405650,51.137
405660,33.971
405670,36.023
405680,44.878
405690,35.177
405700,35.949
405710,40.451
405720,37.806
405730,32.614
405740,35.220
405750,41.975
405760,32.899
405770,35.414
405780,32.870
405790,42.312
405800,34.180
405810,38.380
405820,34.399
405830,38.691
405840,33.701
405850,34.335
405860,32.632
405870,46.393
405880,35.110
405890,32.949
405900,36.174
405910,33.574
405920,36.177
405930,61.392
405940,35.905
405950,34.705
405960,38.186
405970,35.019
405980,41.558
405990,33.191
406000,47.606
406010,34.759
406020,35.456
406030,39.071
406040,34.166
406050,36.065
406060,43.385
406070,35.258
406080,39.014
406090,33.252
406100,34.262
406110,36.550
406120,34.304
406130,47.379
406140,38.331
406150,33.625
406160,34.588
406170,33.883
406180,57.603
406190,34.612
406200,42.279
406210,34.234
406220,34.850
406230,53.073
406240,34.845
406250,35.200
406260,49.993
406270,35.052
406280,46.956
406290,33.056
406300,54.285
406310,34.186
406320,35.357
406330,50.025
406340,35.039
406350,35.182
406360,36.854
406370,56.251
406380,35.695
406390,34.080
406400,36.131
406410,60.294
406420,35.206
406430,34.542
406440,36.235
406450,60.027
406460,37.801
406470,36.537
406480,36.079
406490,32.064
406500,34.399
406510,36.728
406520,34.110
406530,36.748
406540,39.234
406550,35.528
406560,36.988
406570,39.525
406580,40.563
406590,34.782
406600,47.072
406610,35.461
406620,38.115
406630,33.498
406640,36.949
406650,33.058
406660,36.964
406670,34.164
406680,37.007
406690,44.395
406700,34.990
406710,35.134
406720,47.236
406730,33.384
406740,60.482
406750,34.898
406760,46.589
406770,33.091
406780,34.883
406790,33.566
406800,56.335
406810,33.048
406820,54.574
406830,36.463
406840,34.943
406850,37.253
406860,39.041
406870,38.154
406880,36.458
406890,35.339
406900,34.918
406910,58.668
406920,36.055
406930,34.526
406940,36.687
406950,44.366
406960,33.855
406970,32.763
406980,39.745
406990,34.194
407000,35.458
407010,61.676
407020,36.150
407030,48.470
407040,33.304
407050,56.392
407060,36.100
407070,35.747
407080,39.211
407090,33.051
407100,35.016
407110,58.671
407120,35.402
407130,35.861
407140,37.281
407150,49.346
407160,34.253
407170,32.932
407180,35.218
407190,37.946
407200,37.263
407210,34.311
407220,44.652
407230,34.550
407240,36.824
407250,33.743
407260,44.348
407270,33.916
407280,35.448
407290,37.295
407300,34.785
407310,37.193
407320,34.253
407330,46.542
407340,34.953
407350,35.026
407360,52.623
407370,37.269
407380,35.792
407390,55.187
407400,34.208
407410,39.856
407420,32.489
407430,33.789
407440,37.383
407450,35.957
407460,49.727
407470,37.332
407480,34.111
407490,36.767
407500,39.221
407510,55.510
407520,36.175
407530,35.149
407540,35.878
407550,56.986
407560,36.531
407570,34.940
407580,39.622
407590,34.538
407600,38.560
407610,32.798
407620,34.894
407630,44.028
407640,34.394
407650,36.526
407660,35.739
407670,33.785
407680,35.296
407690,34.091
407700,41.356
407710,35.265
407720,43.173
407730,54.660
407740,32.895
407750,33.490
407760,42.807
407770,36.358
407780,34.705
407790,48.110
407800,34.070
407810,35.716
407820,41.652
407830,34.581
407840,51.199
407850,50.145
407860,34.248
407870,59.115
407880,31.969
407890,39.173
407900,47.191
407910,32.437
407920,33.619
407930,35.994
407940,48.673
407950,44.708
407960,31.549
407970,32.042
407980,35.102
407990,33.911
408000,35.883
408010,58.323
408020,36.430
408030,34.755
408040,45.374
408050,33.879
408060,39.146
408070,52.049
408080,33.526
408090,33.746
408100,54.063
408110,35.745
408120,35.025
408130,37.881
408140,41.532
408150,34.274
408160,47.030
408170,51.935
408180,33.572
408190,33.448
408200,35.362
408210,38.931
408220,35.379
408230,53.659
408240,35.221
408250,35.318
408260,35.387
408270,34.107
408280,51.317
408290,35.444
408300,54.221
408310,31.594
408320,34.176
408330,60.048
408340,34.054
408350,34.055
408360,39.804
408370,36.095
408380,37.113
408390,39.250
408400,38.509
408410,41.239
408420,35.736
408430,59.140
408440,35.824
408450,47.058
408460,33.479
408470,34.640
408480,36.192
408490,50.525
408500,32.028
408510,34.411
408520,43.654
408530,34.671
408540,42.835
408550,47.072
408560,33.240
408570,40.165
408580,33.371
408590,33.509
408600,37.619
408610,31.483
408620,36.166
408630,39.133
408640,34.746
408650,51.176
408660,35.024
408670,35.400
408680,47.262
408690,34.631
408700,37.821
408710,32.723
408720,52.919
408730,35.081
408740,37.134
408750,34.158
408760,36.282
408770,45.005
408780,33.942
408790,35.626
408800,37.056
408810,33.914
408820,34.932
408830,33.091
408840,57.209
408850,36.393
408860,36.057
408870,40.961
408880,35.496
408890,36.239
408900,39.721
408910,33.817
408920,35.958
408930,37.513
408940,39.074
408950,34.778
408960,35.474
408970,34.250
408980,36.436
408990,39.818
409000,41.409
409010,35.682
409020,34.347
409030,42.535
409040,34.761
409050,45.788
409060,38.864
409070,34.609
409080,33.401
409090,41.486
409100,33.331
409110,37.063
409120,40.368
409130,33.977
409140,51.843
409150,32.055
409160,35.076
409170,63.549
409180,37.329
409190,36.704
409200,37.136
409210,38.664
409220,33.986
409230,58.883
409240,35.125
409250,35.812
409260,47.688
409270,36.647
409280,38.155
409290,46.314
409300,33.376
409310,33.008
409320,36.272
409330,39.509
409340,34.405
409350,41.429
409360,34.546
409370,36.607
409380,39.062
409390,56.389
409400,33.767
409410,34.177
409420,37.515
409430,42.032
409440,35.331
409450,55.062
409460,36.049
409470,34.196
409480,53.536
409490,36.966
409500,35.672
409510,38.304
409520,54.265
409530,35.733
409540,36.408
409550,47.568
409560,35.345
409570,36.210
409580,59.544
409590,37.184
409600,52.851
409610,34.493
409620,51.187
409630,33.149
409640,34.387
409650,36.117
409660,35.570
409670,48.110
409680,34.607
409690,35.305
409700,45.058
409710,35.273
409720,39.171
409730,33.274
409740,35.300
409750,42.894
409760,34.767
409770,35.777
409780,40.296
409790,34.361
409800,55.133
409810,34.295
409820,35.347
409830,38.394
409840,34.651
409850,37.013
409860,38.482
409870,41.861
409880,35.304
409890,41.257
409900,33.926
409910,56.810
409920,35.219
409930,58.259
409940,33.350
409950,35.614
409960,42.476
409970,33.241
409980,54.994
409990,35.439
410000,35.332
410010,57.439
410020,34.969
410030,35.211
410040,54.134
410050,54.731
410060,34.396
410070,38.167
410080,31.246
410090,35.215
410100,44.381
410110,33.947
410120,34.314
410130,33.687
410140,36.206
410150,59.661
410160,36.854
410170,34.464
410180,56.744
410190,33.797
410200,35.922
410210,38.893
410220,35.488
410230,40.924
410240,55.711
410250,33.850
410260,34.136
410270,49.559
410280,33.109
410290,34.319
410300,40.541
410310,33.379
410320,37.399
410330,46.573
410340,34.789
410350,36.928
410360,39.334
410370,39.768
410380,41.845
410390,36.325
410400,39.107
410410,34.659
410420,40.638
410430,35.166
410440,52.133
410450,36.066
410460,35.108
410470,42.455
410480,34.878
410490,36.100
410500,39.477
410510,34.657
410520,35.329
410530,35.514
410540,34.044
410550,54.640
410560,35.423
410570,42.193
410580,32.966
410590,41.391
410600,35.116
410610,34.417
410620,37.831
410630,31.277
410640,36.233
410650,65.568
410660,39.543
410670,34.253
410680,37.140
410690,51.121
410700,36.303
410710,36.406
410720,38.440
410730,34.613
410740,35.162
410750,47.292
410760,34.956
410770,35.128
410780,45.829
410790,34.354
410800,36.407
410810,37.866
410820,38.914
410830,42.575
410840,34.988
410850,57.014
410860,35.089
410870,45.588
410880,33.807
410890,36.404
410900,59.851
410910,35.453
410920,39.343
410930,31.880
410940,33.380
410950,37.673
410960,50.694
410970,33.277
410980,34.009
410990,37.399
411000,39.358
411010,33.530
411020,46.820
411030,35.004
411040,39.777
411050,34.081
411060,37.457
411070,49.230
411080,34.374
411090,32.905
411100,44.955
411110,34.141
411120,36.722
411130,40.140
411140,34.037
411150,44.409
411160,37.981
411170,35.570
411180,41.029
411190,33.661
411200,36.007
411210,35.561
411220,34.292
411230,36.531
411240,37.856
411250,52.121
411260,34.492
411270,35.396
411280,42.988
411290,34.700
411300,58.942
411310,35.542
411320,33.684
411330,54.791
411340,35.975
411350,48.100
411360,36.051
411370,35.524
411380,38.915
411390,34.732
411400,58.307
411410,35.359
411420,34.746
411430,39.598
411440,34.542
411450,61.516
411460,36.049
411470,36.427
411480,36.060
411490,38.774
411500,62.293
411510,36.090
411520,52.108
411530,34.496
411540,36.045
411550,45.693
411560,33.717
411570,40.294
411580,33.871
411590,36.954
411600,44.870
411610,36.551
411620,36.241
411630,35.895
411640,38.020
411650,32.921
411660,34.266
411670,59.848
411680,35.029
411690,38.994
411700,32.709
411710,36.485
411720,39.961
411730,34.964
411740,59.922
411750,36.837
411760,35.845
411770,54.999
411780,35.620
411790,38.474
411800,33.205
411810,33.989
411820,38.098
411830,34.879
411840,37.476
411850,58.551
411860,34.273
411870,34.232
411880,58.729
411890,35.013
411900,35.560
411910,38.761
411920,33.485
411930,35.506
411940,38.230
411950,41.772
411960,2403.844
411970,4643.676
411980,50334.059
411990,75959.016
412000,85395.492
412010,88942.164
412020,90179.352
412030,41090.523
412040,20233.973
412050,13627.202
412060,11200.811
412070,10298.824
412080,9957.519
412090,9609.953
412100,9461.833
412110,6717.602
412120,2475.378
412130,913.318
412140,338.402
412150,126.831
412160,48.955
412170,20.299
412180,9.779
412190,5.904
412200,4.550
412210,4.354
412220,14.204
412230,25.985
412240,32.974
412250,48.006
412260,32.813
412270,35.454
412280,34.138
412290,37.490
412300,35.466
412310,31.736
412320,34.916
412330,47.566
412340,34.204
412350,36.482
412360,49.440
412370,36.455
412380,38.968
412390,32.777
412400,55.790
412410,36.992
412420,36.239
412430,39.235
412440,33.162
412450,44.476
412460,32.838
412470,36.352
412480,57.161
412490,36.170
412500,37.159
412510,60.523
412520,32.079
412530,34.763
412540,42.771
412550,53.413
412560,32.752
412570,34.476
412580,36.180
412590,33.964
412600,49.987
412610,35.015
412620,40.509
412630,33.621
412640,47.693
412650,34.284
412660,35.750
412670,38.947
412680,56.302
412690,33.966
412700,35.240
412710,37.762
412720,43.063
412730,36.266
412740,63.782
412750,36.810
412760,35.047
412770,35.917
412780,38.915
412790,35.013
412800,37.124
412810,42.818
412820,35.165
412830,35.707
412840,37.953
412850,57.387
412860,37.576
412870,56.160
412880,35.477
412890,35.283
412900,47.418
412910,33.591
412920,52.149
412930,35.550
412940,35.086
412950,35.823
412960,42.121
412970,34.625
412980,37.128
412990,43.658
413000,34.460
413010,59.768
413020,35.952
413030,34.546
413040,41.718
413050,37.008
413060,35.672
413070,36.100
413080,33.828
413090,38.420
413100,34.569
413110,42.915
413120,34.199
413130,35.486
413140,42.369
413150,33.782
413160,35.532
413170,47.281
413180,34.120
413190,56.069
413200,35.349
413210,57.697
413220,31.943
413230,33.830
413240,42.624
413250,32.946
413260,35.664
413270,33.675
413280,35.496
413290,46.773
413300,38.797
413310,35.526
413320,51.203
413330,34.367
413340,35.440
413350,49.189
413360,35.272
413370,36.623
413380,42.341
413390,33.552
413400,56.632
413410,57.180
413420,32.337
413430,33.241
413440,36.645
413450,36.317
413460,34.066
413470,34.951
413480,45.790
413490,35.664
413500,50.174
413510,34.594
413520,38.957
413530,33.196
413540,35.353
413550,47.803
413560,33.619
413570,35.668
413580,38.382
413590,34.998
413600,36.409
413610,51.392
413620,35.533
413630,54.757
413640,34.119
413650,35.763
413660,36.600
413670,50.023
413680,35.795
413690,37.038
413700,49.842
413710,38.406
413720,35.977
413730,36.676
413740,58.677
413750,36.567
413760,55.840
413770,36.463
413780,35.987
413790,37.274
413800,37.738
413810,34.894
413820,43.082
413830,34.337
413840,40.454
413850,33.293
413860,34.767
413870,36.733
413880,34.717
413890,40.855
413900,33.308
413910,37.684
413920,35.420
413930,58.507
413940,36.369
413950,34.280
413960,37.094
413970,33.217
413980,35.490
413990,42.641
414000,34.590
414010,41.580
414020,32.742
414030,34.743
414040,33.272
414050,41.933
414060,34.974
414070,35.340
414080,43.642
414090,33.931
414100,53.248
414110,36.431
414120,40.431
414130,32.902
414140,33.828
414150,36.826
414160,48.361
414170,33.488
414180,35.044
414190,41.342
414200,33.046
414210,62.418
414220,34.222
414230,33.958
414240,37.353
414250,34.596
414260,40.240
414270,34.769
414280,46.271
414290,33.921
414300,54.354
414310,35.743
414320,34.968
414330,40.932
414340,33.154
414350,34.380
414360,60.501
414370,32.917
414380,37.571
414390,35.004
414400,34.593
414410,35.852
414420,34.271
414430,32.574
414440,44.886
414450,33.945
414460,38.372
414470,32.338
414480,34.466
414490,47.236
414500,34.983
414510,56.512
414520,33.070
414530,56.182
414540,34.072
414550,33.649
414560,54.911
414570,33.003
414580,42.330
414590,32.441
414600,35.899
414610,49.610
414620,34.649
414630,35.971
414640,42.433
414650,34.449
414660,36.326
414670,37.410
414680,36.578
414690,40.687
414700,35.627
414710,64.989
414720,34.159
414730,49.671
414740,33.083
414750,34.419
414760,37.826
414770,34.908
414780,43.619
414790,37.953
414800,51.161
414810,34.562
414820,34.686
414830,35.828
414840,35.979
414850,36.735
414860,42.138
414870,34.156
414880,34.732
414890,32.175
414900,36.143
414910,34.971
414920,61.699
414930,33.924
414940,34.209
414950,55.087
414960,33.231
414970,46.518
414980,32.864
414990,56.433
415000,32.716
415010,60.185
415020,33.167
415030,34.480
415040,42.498
415050,56.679
415060,33.529
415070,41.146
415080,34.185
415090,34.249
415100,36.706
415110,34.981
415120,50.757
415130,35.824
415140,36.150
415150,37.032
415160,33.900
415170,48.874
415180,34.695
415190,36.628
415200,43.693
415210,35.567
415220,51.132
415230,32.882
415240,34.672
415250,38.111
415260,35.508
415270,37.026
415280,59.294
415290,35.816
415300,44.250
415310,34.567
415320,48.172
415330,33.926
415340,34.480
415350,42.982
415360,34.554
415370,35.778
415380,38.900
415390,62.345
415400,35.747
415410,36.188
415420,57.659
415430,35.038
415440,49.187
415450,34.002
415460,35.960
415470,40.857
415480,34.786
415490,34.118
415500,35.597
415510,59.785
415520,33.721
415530,33.187
415540,35.657
415550,48.512
415560,32.443
415570,36.380
415580,59.699
415590,32.750
415600,43.763
415610,33.672
415620,47.620
415630,33.307
415640,38.680
415650,33.487
415660,34.422
415670,43.647
415680,33.724
415690,35.710
415700,35.891
415710,59.286
415720,34.019
415730,33.503
415740,39.237
415750,33.543
415760,52.677
415770,34.078
415780,34.418
415790,37.611
415800,58.771
415810,39.577
415820,35.827
415830,45.032
415840,36.271
415850,38.529
415860,35.338
415870,49.141
415880,32.674
415890,35.575
415900,37.680
415910,50.924
415920,36.506
415930,51.722
415940,33.673
415950,48.119
415960,31.937
415970,35.505
415980,55.126
415990,33.702
416000,34.952
416010,34.749
416020,61.194
416030,34.677
416040,34.521
416050,36.788
416060,41.360
416070,34.245
416080,36.236
416090,36.564
416100,32.042
416110,55.471
416120,34.087
416130,49.926
416140,34.569
416150,34.883
416160,37.236
416170,38.822
416180,46.096
416190,46.812
416200,32.764
416210,55.920
416220,32.786
416230,34.244
416240,58.193
416250,34.923
416260,35.242
416270,37.350
416280,33.450
416290,57.411
416300,34.159
416310,39.864
416320,33.294
416330,50.766
416340,34.365
416350,48.050
416360,33.908
416370,35.397
416380,45.314
416390,35.820
416400,56.482
416410,37.550
416420,35.506
416430,39.717
416440,34.070
416450,48.046
416460,34.011
416470,35.610
416480,34.224
416490,40.369
416500,33.937
416510,59.081
416520,32.757
416530,34.335
416540,54.148
416550,36.421
416560,34.327
416570,64.688
416580,34.163
416590,34.230
416600,44.773
416610,33.922
416620,48.646
416630,36.193
416640,35.002
416650,36.512
416660,36.718
416670,39.094
416680,36.922
416690,37.061
416700,36.753
416710,54.247
416720,32.523
416730,57.424
416740,33.071
416750,33.978
416760,36.098
416770,38.559
416780,46.731
416790,35.488
416800,40.263
416810,32.557
416820,35.093
416830,36.771
416840,35.679
416850,53.114
416860,34.704
416870,35.704
416880,33.339
416890,57.467
416900,36.943
416910,36.577
416920,47.187
416930,34.218
416940,35.840
416950,38.094
416960,41.558
416970,34.718
416980,55.861
416990,34.885
417000,36.203
417010,41.635
417020,34.529
417030,36.356
417040,37.820
417050,40.070
417060,33.203
417070,35.250
417080,37.693
417090,43.463
417100,36.658
417110,41.321
417120,33.865
417130,34.870
417140,36.104
417150,34.003
417160,35.421
417170,57.097
417180,36.206
417190,35.460
417200,37.401
417210,57.442
417220,37.212
417230,36.490
417240,37.968
417250,34.062
417260,44.627
417270,33.994
417280,41.109
417290,33.289
417300,38.959
417310,53.646
417320,32.169
417330,33.880
417340,36.889
417350,59.494
417360,36.093
417370,55.001
417380,34.396
417390,35.529
417400,50.524
417410,36.379
417420,35.191
417430,44.350
417440,31.559
417450,58.282
417460,34.216
417470,34.122
417480,36.315
417490,33.378
417500,37.722
417510,34.632
417520,57.704
417530,35.276
417540,34.499
417550,38.057
417560,41.705
417570,34.743
417580,36.360
417590,41.180
417600,34.729
417610,35.356
417620,33.565
417630,51.957
417640,35.100
417650,38.642
417660,32.012
417670,33.673
417680,35.580
417690,52.999
417700,33.384
417710,35.373
417720,38.061
417730,40.300
417740,35.712
417750,59.163
417760,33.627
417770,54.483
417780,34.401
417790,33.900
417800,39.552
417810,36.065
417820,35.697
417830,39.837
417840,35.717
417850,36.936
417860,56.673
417870,34.856
417880,35.458
417890,59.049
417900,35.865
417910,57.071
417920,35.762
417930,35.196
417940,58.437
417950,35.506
417960,41.951
417970,33.017
417980,33.254
417990,38.750
418000,34.433
418010,39.749
418020,53.385
418030,35.637
418040,45.245
418050,32.109
418060,43.477
418070,34.628
418080,33.721
418090,37.534
418100,35.326
418110,57.369
418120,33.197
418130,46.800
418140,33.106
418150,35.245
418160,54.629
418170,35.052
418180,51.679
418190,34.251
418200,35.048
418210,56.149
418220,33.221
418230,39.559
418240,33.857
418250,55.226
418260,34.944
418270,36.183
418280,35.850
418290,37.305
418300,35.532
418310,57.878
418320,35.801
418330,37.111
418340,43.770
418350,33.646
418360,32.563
418370,35.708
418380,53.846
418390,35.190
418400,35.875
418410,55.623
418420,31.299
418430,33.091
418440,46.681
418450,34.049
418460,35.943
418470,38.942
418480,34.115
418490,59.262
418500,34.781
418510,59.161
418520,33.349
418530,33.638
418540,53.795
418550,34.458
418560,34.426
418570,46.773
418580,33.651
418590,36.137
418600,39.596
418610,49.901
418620,30.682
418630,33.874
418640,39.365
418650,34.182
418660,41.628
418670,33.090
418680,56.576
418690,33.474
418700,35.051
418710,36.784
418720,40.945
418730,35.246
418740,37.672
418750,32.517
418760,37.647
418770,32.958
418780,56.770
418790,36.037
418800,34.300
418810,36.707
418820,34.799
418830,37.515
418840,41.591
418850,34.779
418860,36.486
418870,54.489
418880,35.498
418890,35.796
418900,39.332
418910,34.461
418920,44.840
418930,32.945
418940,36.149
418950,51.020
418960,34.520
418970,45.818
418980,34.013
418990,35.819
419000,41.797
419010,33.958
419020,54.177
419030,35.013
419040,35.552
419050,38.055
419060,35.717
419070,37.262
419080,38.130
419090,37.218
419100,35.200
419110,54.106
419120,33.589
419130,36.419
419140,39.299
419150,35.521
419160,39.778
419170,32.998
419180,35.669
419190,62.619
419200,36.421
419210,50.824
419220,34.166
419230,55.932
419240,33.655
419250,35.344
419260,35.399
419270,34.233
419280,52.856
419290,33.541
419300,57.585
419310,35.113
419320,34.735
419330,36.988
419340,34.229
419350,36.349
419360,38.061
419370,45.338
419380,36.212
419390,39.484
419400,32.617
419410,36.251
419420,38.185
419430,45.396
419440,32.303
419450,35.637
419460,50.971
419470,36.016
419480,35.597
419490,44.785
419500,34.635
419510,42.943
419520,34.467
419530,60.078
419540,35.517
419550,33.432
419560,53.459
419570,35.141
419580,36.142
419590,38.626
419600,33.530
419610,36.021
419620,47.032
419630,36.018
419640,35.779
419650,45.329
419660,31.478
419670,53.704
419680,36.216
419690,33.776
419700,36.989
419710,61.873
419720,35.887
419730,44.937
419740,45.766
419750,32.953
419760,33.718
419770,36.474
419780,37.933
419790,38.069
419800,35.406
419810,53.653
419820,34.440
419830,35.484
419840,58.304
419850,36.417
419860,35.157
419870,36.572
419880,34.036
419890,58.218
419900,34.448
419910,35.345
419920,37.842
419930,38.286
419940,35.456
419950,44.967
419960,34.777
419970,36.325
419980,50.501
419990,36.016
420000,35.616
420010,36.252
420020,34.713
420030,43.363
420040,33.400
420050,34.922
420060,55.426
420070,36.141
420080,36.497
420090,37.490
420100,38.897
420110,42.465
420120,34.982
420130,47.640
420140,34.333
420150,34.897
420160,54.959
420170,36.449
420180,35.602
420190,56.422
420200,34.186
420210,53.185
420220,37.650
420230,35.384
420240,36.373
420250,43.166
420260,34.653
420270,33.696
420280,39.172
420290,33.558
420300,41.470
420310,51.923
420320,33.496
420330,34.571
420340,37.358
420350,39.429
420360,35.045
420370,46.000
420380,34.423
420390,35.948
420400,49.734
420410,35.871
420420,35.022
420430,36.596
420440,34.248
420450,56.104
420460,35.896
420470,35.350
420480,38.486
420490,33.731
420500,53.244
420510,52.747
420520,32.274
420530,34.214
420540,37.027
420550,43.944
420560,34.389
420570,35.619
420580,41.748
420590,35.088
420600,50.957
420610,35.720
420620,34.973
420630,45.260
420640,35.141
420650,54.921
420660,36.445
420670,36.412
420680,39.288
420690,34.842
420700,37.721
420710,48.857
420720,31.368
420730,35.159
420740,37.270
420750,37.908
420760,57.153
420770,34.412
420780,41.064
420790,32.486
420800,35.144
420810,51.597
420820,32.276
420830,53.970
420840,34.078
420850,34.442
420860,39.404
420870,34.962
420880,46.560
420890,32.028
420900,35.720
420910,50.776
420920,33.342
420930,44.983
420940,32.402
420950,35.223
420960,50.484
420970,35.377
420980,35.582
420990,47.170
421000,34.661
421010,53.863
421020,35.442
421030,55.095
421040,33.868
421050,35.861
421060,36.446
421070,38.951
421080,36.830
421090,33.508
421100,32.724
421110,36.452
421120,38.212
421130,39.538
421140,33.745
421150,45.527
421160,35.602
421170,35.492
421180,36.838
421190,56.817
421200,36.630
421210,36.476
421220,37.096
421230,39.100
421240,39.776
421250,58.295
421260,35.802
421270,35.369
421280,42.625
421290,34.980
421300,55.804
421310,34.143
421320,54.835
421330,33.263
421340,35.519
421350,54.312
421360,36.650
421370,35.331
421380,37.155
421390,34.544
421400,43.988
421410,47.360
421420,32.310
421430,34.734
421440,61.721
421450,33.908
421460,36.756
421470,32.276
421480,38.981
421490,33.476
421500,61.131
421510,36.184
421520,39.990
421530,33.886
421540,34.258
421550,36.428
421560,58.836
421570,37.537
421580,60.307
421590,31.688
421600,55.877
421610,34.393
421620,35.098
421630,42.779
421640,33.645
421650,34.815
421660,34.290
421670,35.870
421680,38.786
421690,36.995
421700,35.023
421710,55.248
421720,35.778
421730,36.677
421740,36.303
421750,46.481
421760,34.497
421770,58.063
421780,33.648
421790,34.328
421800,46.012
421810,36.161
421820,36.135
421830,37.290
421840,61.708
421850,36.970
421860,36.273
421870,44.708
421880,35.121
421890,49.190
421900,31.903
421910,53.589
421920,33.658
421930,34.115
421940,59.261
421950,36.796
421960,35.873
421970,37.731
421980,38.509
421990,55.315
422000,38.248
422010,53.458
422020,32.253
422030,34.337
422040,42.897
422050,33.921
422060,60.872
422070,35.134
422080,44.228
422090,32.905
422100,34.743
422110,37.688
422120,34.544
422130,43.811
422140,35.503
422150,34.893
422160,37.074
422170,38.067
422180,39.192
422190,57.320
422200,33.663
422210,49.776
422220,34.294
422230,35.872
422240,37.122
422250,34.313
422260,36.626
422270,40.319
422280,34.318
422290,51.901
422300,33.076
422310,34.566
422320,41.099
422330,55.993
422340,34.352
422350,33.901
422360,36.777
422370,47.849
422380,34.528
422390,36.478
422400,42.621
422410,35.454
422420,45.279
422430,34.053
422440,42.401
422450,32.048
422460,45.579
422470,33.653
422480,44.148
422490,35.577
422500,34.529
422510,38.958
422520,32.168
422530,45.134
422540,32.572
422550,34.163
422560,42.258
422570,34.449
422580,36.464
422590,39.376
422600,39.178
422610,36.816
422620,34.672
422630,36.875
422640,36.493
422650,52.942
422660,34.909
422670,46.950
422680,34.407
422690,33.684
422700,47.176
422710,35.969
422720,32.918
422730,54.821
422740,35.058
422750,38.654
422760,32.287
422770,35.909
422780,31.031
422790,35.541
422800,64.512
422810,36.912
422820,35.612
422830,37.207
422840,61.804
422850,37.429
422860,35.789
422870,36.125
422880,35.017
422890,43.695
422900,33.553
422910,35.653
422920,37.191
422930,37.504
422940,35.736
422950,57.287
422960,34.577
422970,35.971
422980,40.694
422990,34.795
423000,36.324
423010,52.558
423020,35.554
423030,34.119
423040,32.493
423050,35.935
423060,32.981
423070,57.663
423080,35.298
423090,36.156
423100,36.788
423110,38.861
423120,34.574
423130,37.226
423140,60.047
423150,36.527
423160,42.083
423170,35.904
423180,36.189
423190,31.881
423200,33.845
423210,37.710
423220,37.585
423230,36.928
423240,37.519
423250,47.377
423260,42.283
423270,34.848
423280,53.601
423290,33.243
423300,35.339
423310,48.017
423320,33.655
423330,34.869
423340,49.469
423350,34.637
423360,47.785
423370,34.009
423380,35.118
423390,36.200
423400,36.136
423410,44.645
423420,35.413
423430,35.429
423440,37.685
423450,34.987
423460,45.576
423470,31.262
423480,34.761
423490,47.235
423500,34.034
423510,50.114
423520,33.995
423530,34.627
423540,37.414
423550,34.858
423560,36.271
423570,38.140
423580,58.540
423590,36.261
423600,54.256
423610,33.413
423620,33.934
423630,58.832
423640,35.527
423650,35.357
423660,38.756
423670,34.047
423680,35.347
423690,50.430
423700,35.452
423710,37.007
423720,51.791
423730,35.589
423740,35.034
423750,35.515
423760,41.839
423770,35.488
423780,36.015
423790,31.449
423800,35.088
423810,50.724
423820,35.262
423830,35.612
423840,38.563
423850,33.266
423860,46.339
423870,34.872
423880,35.911
423890,38.870
423900,34.900
423910,48.163
423920,35.591
423930,34.511
423940,37.561
423950,33.549
423960,37.116
423970,41.382
423980,34.978
423990,35.773
424000,40.559
424010,34.516
424020,35.791
424030,50.667
424040,37.646
424050,34.528
424060,40.810
424070,32.442
424080,40.883
424090,34.820
424100,55.543
424110,37.567
424120,36.346
424130,36.911
424140,33.837
424150,35.385
424160,52.862
424170,36.518
424180,43.680
424190,33.907
424200,33.496
424210,48.930
424220,32.005
424230,37.915
424240,33.842
424250,36.476
424260,37.208
424270,35.081
424280,49.395
424290,37.390
424300,53.275
424310,33.518
424320,35.225
424330,36.703
424340,61.179
424350,53.040
424360,34.734
424370,35.244
424380,56.221
424390,34.279
424400,44.241
424410,33.367
424420,35.589
424430,46.209
424440,54.716
424450,32.875
424460,33.834
424470,36.720
424480,60.272
424490,36.725
424500,44.545
424510,34.394
424520,36.888
424530,35.347
424540,35.848
424550,36.621
424560,35.347
424570,63.052
424580,35.440
424590,34.456
424600,37.309
424610,51.515
424620,36.057
424630,51.196
424640,34.977
424650,35.425
424660,37.332
424670,34.969
424680,44.918
424690,33.571
424700,36.365
424710,45.356
424720,36.995
424730,36.656
424740,47.595
424750,34.651
424760,57.629
424770,35.415
424780,34.893
424790,50.946
424800,36.213
424810,49.807
424820,33.793
424830,35.865
424840,50.163
424850,36.081
424860,52.614
424870,35.259
424880,33.142
424890,36.112
424900,37.325
424910,33.312
424920,46.066
424930,35.546
424940,34.559
424950,36.284
424960,38.456
424970,39.616
424980,43.435
424990,36.615
425000,53.417
425010,36.761
425020,35.411
425030,47.647
425040,33.604
425050,53.504
425060,31.974
425070,55.071
425080,34.808
425090,38.180
425100,33.355
425110,34.066
425120,36.805
425130,40.085
425140,34.167
425150,37.753
425160,56.042
425170,36.001
425180,52.616
425190,34.229
425200,54.797
425210,34.183
425220,33.679
425230,36.924
425240,33.989
425250,61.020
425260,36.206
425270,56.033
425280,35.162
425290,34.097
425300,36.464
425310,38.878
425320,33.535
425330,36.051
425340,53.009
425350,34.874
425360,35.147
425370,54.263
425380,34.833
425390,41.043
425400,34.083
425410,41.251
425420,35.800
425430,35.923
425440,39.357
425450,35.165
425460,37.252
425470,36.255
425480,35.269
425490,37.206
425500,32.495
425510,48.105
425520,34.107
425530,35.917
425540,40.975
425550,33.266
425560,43.099
425570,31.334
425580,41.303
425590,33.479
425600,34.566
425610,46.507
425620,34.738
425630,36.494
425640,38.590
425650,46.933
425660,35.710
425670,41.503
425680,34.948
425690,34.267
425700,36.814
425710,46.982
425720,36.525
425730,35.676
425740,41.125
425750,54.980
425760,31.687
425770,56.672
425780,35.843
425790,34.709
425800,42.767
425810,35.022
425820,58.218
425830,36.080
425840,35.138
425850,38.189
425860,38.577
425870,46.552
425880,36.391
425890,36.897
425900,33.216
425910,45.562
425920,34.050
425930,34.925
425940,46.255
425950,35.548
425960,36.673
425970,51.781
425980,34.789
425990,36.028
426000,40.120
426010,34.968
426020,35.667
426030,41.454
426040,32.928
426050,40.434
426060,32.747
426070,40.920
426080,36.326
426090,34.343
426100,36.250
426110,50.253
426120,35.882
426130,35.636
426140,49.560
426150,34.733
426160,35.270
426170,46.840
426180,35.281
426190,56.637
426200,36.081
426210,34.894
426220,35.583
426230,34.901
426240,35.624
426250,43.596
426260,35.216
426270,57.253
426280,34.328
426290,35.049
426300,45.107
426310,34.665
426320,47.128
426330,33.364
426340,35.544
426350,38.521
426360,56.981
426370,36.929
426380,36.307
426390,46.093
426400,34.695
426410,37.011
426420,50.119
426430,33.601
426440,36.222
426450,33.763
426460,55.561
426470,36.134
426480,35.303
426490,37.803
426500,38.768
426510,51.202
426520,33.514
426530,36.173
426540,45.994
426550,35.099
426560,43.403
426570,33.928
426580,35.360
426590,59.817
426600,33.599
426610,47.650
426620,32.793
426630,35.251
426640,37.728
426650,39.677
426660,35.846
426670,37.435
426680,46.104
426690,32.547
426700,35.349
426710,51.153
426720,36.844
426730,36.131
426740,41.299
426750,35.265
426760,35.703
426770,36.800
426780,35.103
426790,36.844
426800,39.186
426810,52.656
426820,37.641
426830,35.978
426840,41.342
426850,34.637
426860,39.570
426870,34.103
426880,34.638
426890,33.772
426900,59.251
426910,34.951
426920,35.595
426930,42.912
426940,34.655
426950,56.854
426960,33.947
426970,53.121
426980,33.601
426990,35.198
427000,39.860
427010,35.281
427020,46.220
427030,34.470
427040,35.197
427050,43.029
427060,34.230
427070,35.687
427080,38.682
427090,34.967
427100,37.238
427110,34.208
427120,36.599
427130,34.619
427140,51.380
427150,34.059
427160,41.947
427170,32.895
427180,34.590
427190,45.310
427200,34.727
427210,45.272
427220,33.536
427230,46.904
427240,31.794
427250,41.233
427260,33.545
427270,33.041
427280,63.131
427290,35.824
427300,34.048
427310,36.525
427320,34.717
427330,35.353
427340,37.048
427350,37.851
427360,41.241
427370,40.131
427380,48.691
427390,34.390
427400,35.816
427410,34.669
427420,36.333
427430,34.054
427440,36.100
427450,50.388
427460,38.837
427470,37.277
427480,35.903
427490,41.955
427500,36.195
427510,43.488
427520,35.264
427530,35.814
427540,38.729
427550,31.749
427560,34.568
427570,58.654
427580,35.244
427590,35.615
427600,58.911
427610,37.517
427620,36.740
427630,38.185
427640,39.102
427650,62.173
427660,37.298
427670,36.730
427680,32.552
427690,49.350
427700,35.613
427710,36.023
427720,47.115
427730,35.346
427740,45.253
427750,32.936
427760,35.098
427770,61.565
427780,35.452
427790,35.807
427800,36.486
427810,38.040
427820,35.492
427830,38.567
427840,47.781
427850,33.471
427860,35.577
427870,42.762
427880,58.174
427890,32.259
427900,37.908
427910,34.067
427920,53.743
427930,36.041
427940,32.543
427950,35.366
427960,38.816
427970,35.994
427980,34.835
427990,59.954
428000,36.757
428010,36.440
428020,38.037
428030,40.117
428040,35.933
428050,43.432
428060,34.647
428070,35.459
428080,38.611
428090,38.742
428100,48.698
428110,37.905
428120,58.681
428130,35.348
428140,34.056
428150,42.660
428160,38.341
428170,35.070
428180,36.566
428190,37.398
428200,53.269
428210,33.710
428220,34.989
428230,39.560
428240,34.303
428250,36.661
428260,47.699
428270,37.299
428280,41.997
428290,32.543
428300,36.048
428310,64.421
428320,36.235
428330,36.019
428340,35.838
428350,38.906
428360,48.102
428370,36.597
428380,36.104
428390,37.880
428400,55.746
428410,37.389
428420,37.215
428430,37.467
428440,36.044
428450,34.368
428460,37.115
428470,34.980
428480,37.094
428490,58.948
428500,38.214
428510,35.267
428520,38.209
428530,41.326
428540,34.888
428550,37.708
428560,39.943
428570,34.523
428580,36.142
428590,38.080
428600,37.917
428610,35.006
428620,36.360
428630,34.511
428640,44.083
428650,34.275
428660,35.890
428670,41.517
428680,35.498
428690,57.962
428700,34.174
428710,35.836
428720,38.314
428730,41.421
428740,39.433
428750,36.807
428760,47.464
428770,33.221
428780,34.522
428790,46.494
428800,35.256
428810,38.852
428820,54.893
428830,33.111
428840,32.714
428850,37.785
428860,34.301
428870,36.986
428880,38.814
428890,41.705
428900,34.564
428910,35.821
428920,35.002
428930,36.119
428940,33.269
428950,36.142
428960,55.220
428970,36.034
428980,42.599
428990,34.174
429000,36.766
429010,33.613
429020,50.859
429030,34.277
429040,35.799
429050,37.226
429060,44.862
429070,34.842
429080,37.128
429090,58.994
429100,34.655
429110,34.945
429120,39.091
429130,34.364
429140,37.284
429150,35.091
429160,37.266
429170,42.883
429180,33.777
429190,38.854
429200,34.113
429210,42.648
429220,34.476
429230,35.048
429240,39.006
429250,36.932
429260,36.664
429270,57.377
429280,36.572
429290,39.767
429300,30.836
429310,53.131
429320,36.234
429330,49.764
429340,33.628
429350,35.214
429360,51.963
429370,35.316
429380,37.451
429390,47.664
429400,36.004
429410,43.865
429420,34.171
429430,35.305
429440,43.215
429450,58.805
429460,32.977
429470,33.844
429480,40.112
429490,34.617
429500,58.883
429510,37.422
429520,36.010
429530,36.960
429540,55.194
429550,35.565
429560,54.644
429570,35.234
429580,47.010
429590,33.585
429600,33.214
429610,35.352
429620,35.034
429630,37.967
429640,57.858
429650,37.181
429660,36.752
429670,37.678
429680,59.911
429690,37.754
429700,58.367
429710,34.635
429720,34.539
429730,59.466
429740,34.405
429750,34.726
429760,38.223
429770,34.330
429780,37.080
429790,57.174
429800,37.270
429810,56.723
429820,34.473
429830,35.823
429840,51.903
429850,30.957
429860,33.244
429870,37.010
429880,52.838
429890,34.314
429900,38.012
429910,33.827
429920,35.112
429930,38.267
429940,38.008
429950,36.319
429960,39.095
429970,36.087
429980,35.862
429990,55.658
430000,34.578
430010,35.573
430020,48.996
430030,35.183
430040,35.696
430050,56.484
430060,34.613
430070,42.266
430080,33.272
430090,34.662
430100,41.928
430110,35.887
430120,35.949
430130,49.075
430140,33.152
430150,55.828
430160,32.625
430170,50.382
430180,35.512
430190,34.775
430200,59.099
430210,37.392
430220,36.781
430230,39.990
430240,33.212
430250,34.204
430260,43.616
430270,36.126
430280,35.746
430290,37.953
430300,60.524
430310,36.414
430320,37.052
430330,38.481
430340,53.392
430350,36.597
430360,51.831
430370,35.920
430380,35.382
430390,37.623
430400,37.984
430410,41.941
430420,35.206
430430,36.992
430440,50.701
430450,34.930
430460,35.389
430470,38.668
430480,35.543
430490,35.120
430500,34.172
430510,41.857
430520,36.799
430530,35.558
430540,37.350
430550,54.680
430560,34.825
430570,35.708
430580,37.817
430590,33.962
430600,47.868
430610,40.651
430620,32.956
430630,32.947
430640,38.029
430650,33.386
430660,40.522
430670,33.016
430680,35.082
430690,59.345
430700,36.625
430710,36.579
430720,38.339
430730,62.123
430740,38.745
430750,53.222
430760,31.824
430770,33.910
430780,33.226
430790,36.621
430800,33.093
430810,42.272
430820,34.236
430830,36.285
430840,39.896
430850,35.807
430860,37.005
430870,47.736
430880,37.346
430890,35.710
430900,36.064
430910,41.155
430920,34.213
430930,59.426
430940,33.807
430950,55.134
430960,32.465
430970,35.955
430980,38.015
430990,34.939
431000,36.371
431010,44.562
431020,36.143
431030,40.582
431040,34.541
431050,35.234
431060,62.845
431070,37.265
431080,36.008
431090,37.592
431100,33.619
431110,45.309
431120,33.910
431130,35.534
431140,29.719
431150,44.182
431160,32.259
431170,33.612
431180,37.580
431190,62.200
431200,37.358
431210,34.149
431220,36.796
431230,42.977
431240,34.988
431250,35.880
431260,58.947
431270,36.826
431280,35.526
431290,44.842
431300,35.408
431310,56.423
431320,37.923
431330,34.215
431340,37.833
431350,35.316
431360,36.191
431370,56.693
431380,37.696
431390,35.019
431400,40.872
431410,33.843
431420,41.122
431430,34.541
431440,38.707
431450,34.137
431460,36.127
431470,31.904
431480,35.634
431490,38.710
431500,34.191
431510,36.762
431520,35.349
431530,58.703
431540,35.117
431550,35.725
431560,36.150
431570,40.973
431580,34.348
431590,45.384
431600,33.352
431610,36.716
431620,54.837
431630,35.464
431640,49.607
431650,33.554
431660,34.739
431670,53.689
431680,32.837
431690,36.066
431700,37.744
431710,39.687
431720,35.000
431730,38.180
431740,33.408
431750,35.444
431760,32.967
431770,50.364
431780,33.488
431790,35.199
431800,38.607
431810,39.443
431820,31.851
431830,35.010
431840,36.478
431850,46.861
431860,34.870
431870,36.342
431880,33.709
431890,35.658
431900,49.075
431910,36.324
431920,41.376
431930,33.918
431940,40.055
431950,32.909
431960,55.889
431970,34.505
431980,34.508
431990,38.585
432000,34.502
432010,40.261
432020,32.020
432030,35.336
432040,46.617
432050,36.363
432060,36.654
432070,59.325
432080,34.368
432090,34.945
432100,46.683
432110,39.700
432120,34.781
432130,44.460
432140,54.496
432150,33.265
432160,33.903
432170,36.575
432180,54.629
432190,34.439
432200,39.486
432210,34.075
432220,42.485
432230,33.822
432240,45.790
432250,54.753
432260,33.113
432270,34.991
432280,38.988
432290,34.027
432300,36.139
432310,43.805
432320,35.298
432330,37.012
432340,37.623
432350,45.526
432360,34.120
432370,35.463
432380,37.299
432390,46.940
432400,35.848
432410,42.936
432420,34.895
432430,36.749
432440,51.731
432450,34.139
432460,46.578
432470,34.453
432480,53.464
432490,33.919
432500,34.588
432510,37.647
432520,45.198
432530,35.304
432540,37.855
432550,35.483
432560,36.519
432570,41.240
432580,34.331
432590,34.536
432600,49.995
432610,34.962
432620,34.584
432630,54.955
432640,33.188
432650,42.246
432660,33.703
432670,34.901
432680,53.724
432690,34.581
432700,51.883
432710,34.583
432720,35.034
432730,37.574
432740,44.620
432750,34.823
432760,44.915
432770,32.864
432780,38.867
432790,33.135
432800,35.729
432810,44.822
432820,33.905
432830,34.065
432840,37.829
432850,35.996
432860,36.413
432870,40.675
432880,53.486
432890,33.882
432900,34.295
432910,46.325
432920,34.696
432930,34.568
432940,61.335
432950,34.197
432960,35.583
432970,60.780
432980,34.224
432990,58.223
433000,34.191
433010,35.787
433020,50.353
433030,37.158
433040,47.062
433050,33.948
433060,35.754
433070,61.841
433080,34.429
433090,34.644
433100,49.907
433110,35.369
433120,35.317
433130,37.233
433140,55.666
433150,34.268
433160,34.979
433170,42.640
433180,33.881
433190,36.105
433200,36.948
433210,44.213
433220,34.937
433230,43.089
433240,33.082
433250,42.650
433260,33.922
433270,35.827
433280,48.360
433290,35.262
433300,44.849
433310,33.581
433320,40.872
433330,33.084
433340,56.427
433350,34.149
433360,34.397
433370,60.951
433380,35.039
433390,34.703
433400,39.878
433410,33.998
433420,35.736
433430,55.338
433440,35.856
433450,55.342
433460,34.261
433470,35.561
433480,36.672
433490,33.859
433500,42.313
433510,35.227
433520,49.298
433530,33.935
433540,53.218
433550,34.311
433560,35.471
433570,56.649
433580,36.240
433590,41.441
433600,32.572
433610,36.192
433620,38.476
433630,32.458
433640,51.044
433650,34.713
433660,35.220
433670,38.776
433680,55.964
433690,37.220
433700,36.009
433710,39.296
433720,33.066
433730,35.339
433740,36.401
433750,40.631
433760,34.187
433770,49.103
433780,33.818
433790,36.326
433800,47.421
433810,35.367
433820,36.467
433830,61.049
433840,35.248
433850,35.205
433860,39.241
433870,34.407
433880,36.237
433890,42.723
433900,35.426
433910,36.975
433920,38.298
433930,39.796
433940,31.726
433950,35.634
433960,60.335
433970,35.442
433980,49.833
433990,34.698
434000,35.257
434010,39.445
434020,33.929
434030,37.399
434040,38.264
434050,38.672
434060,45.615
434070,34.728
434080,54.019
434090,32.194
434100,44.056
434110,35.143
434120,36.322
434130,39.038
434140,42.746
434150,35.449
434160,36.035
434170,48.585
434180,31.648
434190,35.134
434200,36.575
434210,43.772
434220,35.103
434230,46.905
434240,37.332
434250,33.784
434260,36.731
434270,53.963
434280,36.798
434290,39.664
434300,35.411
434310,41.456
434320,33.314
434330,56.688
434340,37.116
434350,35.275
434360,43.788
434370,36.540
434380,34.655
434390,36.886
434400,52.035
434410,35.904
434420,34.367
434430,37.431
434440,37.536
434450,37.838
434460,36.744
434470,62.098
434480,34.795
434490,56.124
434500,32.082
434510,37.012
434520,32.364
434530,34.444
434540,34.878
434550,37.380
434560,32.991
434570,37.239
434580,35.329
434590,58.187
434600,35.127
434610,38.507
434620,33.376
434630,36.055
434640,45.573
434650,34.602
434660,34.784
434670,38.719
434680,42.247
434690,34.326
434700,36.685
434710,33.384
434720,56.320
434730,34.261
434740,56.412
434750,34.525
434760,34.094
434770,36.030
434780,39.241
434790,53.460
434800,34.992
434810,35.418
434820,39.319
434830,35.371
434840,45.387
434850,37.001
434860,34.999
434870,35.615
434880,47.642
434890,34.165
434900,35.610
434910,44.611
434920,35.307
434930,36.304
434940,37.846
434950,41.654
434960,35.857
434970,42.053
434980,33.484
434990,46.674
435000,33.166
435010,40.835
435020,33.926
435030,34.867
435040,41.200
435050,53.897
435060,34.768
435070,33.478
435080,39.890
435090,34.335
435100,43.439
435110,38.733
435120,54.625
435130,32.397
435140,34.003
435150,36.504
435160,46.615
435170,35.687
435180,38.000
435190,37.898
435200,41.954
435210,36.447
435220,36.197
435230,37.886
435240,48.970
435250,36.728
435260,43.947
435270,56.688
435280,31.771
435290,36.545
435300,31.824
435310,39.149
435320,33.046
435330,35.366
435340,46.948
435350,34.584
435360,38.406
435370,32.812
435380,34.654
435390,38.334
435400,35.838
435410,41.986
435420,32.195
435430,41.257
435440,33.224
435450,35.911
435460,33.695
435470,49.340
435480,34.276
435490,36.686
435500,32.464
435510,57.246
435520,35.569
435530,36.106
435540,36.428
435550,39.663
435560,35.580
435570,41.280
435580,33.648
435590,52.807
435600,34.269
435610,40.237
435620,32.756
435630,35.171
435640,33.879
435650,40.433
435660,33.954
435670,55.245
435680,35.896
435690,35.459
435700,42.180
435710,39.151
435720,36.556
435730,52.870
435740,34.631
435750,35.333
435760,38.167
435770,38.134
435780,36.060
435790,57.765
435800,35.888
435810,38.330
435820,34.151
435830,36.237
435840,43.172
435850,35.332
435860,36.481
435870,38.463
435880,46.911
435890,35.326
435900,55.474
435910,35.308
435920,43.905
435930,32.337
435940,34.007
435950,37.228
435960,37.996
435970,35.456
435980,38.088
435990,35.747
436000,35.744
436010,43.654
436020,35.531
436030,39.986
436040,32.810
436050,35.824
436060,41.094
436070,34.301
436080,36.272
436090,42.473
436100,31.535
436110,33.776
436120,36.125
436130,34.608
436140,56.215
436150,35.953
436160,36.552
436170,36.427
436180,37.781
436190,39.597
436200,61.986
436210,35.530
436220,34.819
436230,49.736
436240,35.155
436250,47.957
436260,33.226
436270,46.614
436280,33.276
436290,51.924
436300,35.350
436310,59.609
436320,34.266
436330,34.915
436340,36.649
436350,51.388
436360,34.599
436370,34.944
436380,43.372
436390,35.126
436400,36.786
436410,38.198
436420,32.307
436430,34.561
436440,54.083
436450,36.460
436460,52.624
436470,33.676
436480,34.287
436490,41.719
436500,34.328
436510,37.627
436520,32.271
436530,35.477
436540,34.170
436550,49.278
436560,33.335
436570,55.863
436580,33.552
436590,35.274
436600,47.157
436610,32.850
436620,34.529
436630,37.962
436640,47.867
436650,34.254
436660,55.607
436670,33.179
436680,33.252
436690,36.859
436700,33.333
436710,52.546
436720,33.920
436730,33.900
436740,55.994
436750,35.037
436760,43.686
436770,32.787
436780,49.520
436790,34.664
436800,35.315
436810,37.406
436820,53.915
436830,33.548
436840,51.784
436850,33.216
436860,41.560
436870,32.487
436880,35.056
436890,33.593
436900,35.892
436910,46.773
436920,34.495
436930,49.492
436940,48.307
436950,33.967
436960,33.734
436970,47.309
436980,36.628
436990,57.745
437000,34.526
437010,36.610
437020,31.253
437030,35.767
437040,33.977
437050,36.183
437060,53.736
437070,35.203
437080,36.632
437090,41.224
437100,34.855
437110,51.062
437120,35.202
437130,40.836
437140,32.917
437150,35.481
437160,37.853
437170,34.604
437180,35.694
437190,37.875
437200,45.186
437210,36.071
437220,45.311
437230,33.503
437240,58.269
437250,34.681
437260,35.236
437270,41.275
437280,33.598
437290,37.412
437300,37.251
437310,39.816
437320,35.146
437330,36.384
437340,37.636
437350,39.216
437360,39.974
437370,37.219
437380,52.314
437390,33.479
437400,35.944
437410,41.452
437420,34.525
437430,36.582
437440,45.915
437450,34.994
437460,37.639
437470,32.928
437480,36.390
437490,38.088
437500,39.954
437510,43.162
437520,34.159
437530,47.589
437540,34.096
437550,33.944
437560,33.233
437570,34.649
437580,43.625
437590,53.179
437600,34.064
437610,34.554
437620,34.739
437630,32.876
437640,34.437
437650,34.677
437660,37.712
437670,60.468
437680,37.782
437690,36.884
437700,37.740
437710,40.834
437720,35.591
437730,48.727
437740,33.887
437750,34.526
437760,32.283
437770,35.206
437780,50.582
437790,33.881
437800,33.986
437810,62.479
437820,35.760
437830,34.745
437840,36.604
437850,49.907
437860,34.463
437870,35.577
437880,38.244
437890,39.878
437900,34.213
437910,40.592
437920,35.403
437930,57.588
437940,35.106
437950,36.241
437960,36.788
437970,39.824
437980,35.020
437990,38.181
438000,33.080
438010,48.786
438020,35.456
438030,35.180
438040,37.619
438050,57.700
438060,36.609
438070,36.634
438080,37.451
438090,37.860
438100,39.634
438110,36.719
438120,45.764
438130,33.059
438140,38.343
438150,32.838
438160,52.714
438170,34.325
438180,35.034
438190,36.667
438200,33.487
438210,36.447
438220,33.940
438230,37.232
438240,47.491
438250,33.441
438260,33.806
438270,36.475
438280,42.390
438290,33.979
438300,34.958
438310,41.919
438320,36.414
438330,37.455
438340,40.788
438350,33.570
438360,56.605
438370,38.850
438380,36.455
438390,35.638
438400,38.317
438410,35.304
438420,48.047
438430,35.249
438440,36.290
438450,36.836
438460,57.014
438470,51.099
438480,34.317
438490,33.655
438500,49.020
438510,35.795
438520,34.543
438530,36.534
438540,33.713
438550,48.277
438560,35.156
438570,40.040
438580,33.243
438590,34.118
438600,61.049
438610,34.147
438620,58.833
438630,34.189
438640,35.040
438650,37.590
438660,38.830
438670,38.699
438680,38.454
438690,35.278
438700,64.298
438710,35.990
438720,43.154
438730,33.550
438740,35.307
438750,48.071
438760,33.578
438770,34.915
438780,38.206
438790,39.740
438800,33.527
438810,56.967
438820,36.594
438830,47.113
438840,34.909
438850,34.893
438860,59.743
438870,35.583
438880,35.798
438890,38.143
438900,33.965
438910,38.943
438920,34.220
438930,51.888
438940,33.126
438950,33.999
438960,33.320
438970,35.953
438980,37.926
438990,35.163
439000,36.989
439010,41.017
439020,35.545
439030,35.590
439040,47.327
439050,35.362
439060,58.527
439070,35.039
439080,55.114
439090,35.328
439100,39.208
439110,35.841
439120,51.719
439130,34.400
439140,34.690
439150,39.468
439160,34.663
439170,52.298
439180,33.219
439190,34.093
439200,32.482
439210,34.601
439220,35.114
439230,47.686
439240,35.787
439250,40.610
439260,36.510
439270,35.764
439280,37.509
439290,41.368
439300,31.964
439310,55.187
439320,34.501
439330,33.757
439340,36.040
439350,56.838
439360,36.104
439370,32.910
439380,57.947
439390,35.581
439400,35.361
439410,38.339
439420,34.922
439430,43.303
439440,34.366
439450,36.470
439460,45.654
439470,34.171
439480,36.116
439490,38.051
439500,39.898
439510,34.451
439520,36.569
439530,33.803
439540,35.517
439550,42.134
439560,35.791
439570,46.538
439580,34.863
439590,43.523
439600,33.596
439610,36.175
439620,53.857
439630,34.714
439640,57.325
439650,37.569
439660,33.897
439670,45.657
439680,35.184
439690,35.355
439700,42.323
439710,34.027
439720,34.915
439730,38.004
439740,63.457
439750,36.046
439760,34.606
439770,56.742
439780,36.019
439790,57.918
439800,37.858
439810,55.857
439820,35.883
439830,35.260
439840,57.449
439850,34.086
439860,58.275
439870,34.968
439880,35.525
439890,40.074
439900,34.085
439910,39.965
439920,32.111
439930,38.198
439940,32.031
439950,38.503
439960,34.320
439970,36.954
439980,38.670
439990,38.276
440000,35.143
440010,39.784
440020,34.832
440030,38.928
440040,46.476
440050,32.698
440060,33.838
440070,53.925
440080,33.779
440090,35.656
440100,39.865
440110,36.144
440120,36.854
440130,50.048
440140,34.675
440150,39.774
440160,32.910
440170,33.268
440180,32.996
440190,61.226
440200,35.114
440210,44.838
440220,33.810
440230,34.570
440240,36.572
440250,37.762
440260,46.571
440270,33.675
440280,45.343
440290,33.132
440300,47.910
440310,38.220
440320,30.637
440330,35.588
440340,40.090
440350,35.824
440360,36.169
440370,38.040
440380,39.549
440390,44.330
440400,34.187
440410,38.895
440420,32.641
440430,34.825
440440,40.465
440450,34.632
440460,41.512
440470,32.076
440480,40.525
440490,33.143
440500,34.856
440510,37.938
440520,55.203
440530,34.615
440540,36.687
440550,40.185
440560,34.186
440570,45.088
440580,34.497
440590,36.365
440600,48.712
440610,36.050
440620,37.756
440630,33.508
440640,35.981
440650,35.607
440660,33.734
440670,36.877
440680,39.435
440690,34.940
440700,52.430
440710,37.566
440720,35.575
440730,37.789
440740,44.120
440750,44.157
440760,34.237
440770,33.185
440780,40.292
440790,34.657
440800,35.730
440810,37.820
440820,34.098
440830,35.910
440840,34.578
440850,36.620
440860,52.265
440870,34.820
440880,35.205
440890,58.576
440900,36.376
440910,35.462
440920,39.319
440930,53.085
440940,34.107
440950,33.333
440960,42.737
440970,33.254
440980,36.656
440990,33.434
441000,45.923
441010,36.260
441020,33.362
441030,36.156
441040,38.293
441050,54.998
441060,37.193
441070,36.050
441080,59.209
441090,35.681
441100,52.499
441110,36.619
441120,33.720
441130,37.615
441140,33.267
441150,38.320
441160,56.590
441170,35.584
441180,35.859
441190,38.962
441200,45.535
441210,35.313
441220,55.731
441230,37.164
441240,35.178
441250,36.560
441260,52.207
441270,35.944
441280,57.914
441290,33.873
441300,56.471
441310,34.333
441320,34.852
441330,55.174
441340,37.255
441350,35.836
441360,42.615
441370,34.641
441380,39.652
441390,49.689
441400,31.577
441410,36.847
441420,32.314
441430,35.335
441440,42.808
441450,33.146
441460,35.269
441470,39.672
441480,34.677
441490,57.802
441500,34.485
441510,54.809
441520,33.845
441530,36.257
441540,37.134
441550,38.761
441560,40.314
441570,42.850
441580,36.478
441590,37.467
441600,38.281
441610,35.331
441620,38.628
441630,34.918
441640,35.979
441650,44.568
441660,35.755
441670,35.848
441680,37.732
441690,37.914
441700,35.742
441710,35.048
441720,32.619
441730,55.802
441740,34.979
441750,53.872
441760,33.685
441770,35.442
441780,54.657
441790,35.533
441800,35.635
441810,39.363
441820,54.368
441830,35.483
441840,37.690
441850,34.710
441860,35.278
441870,40.577
441880,43.266
441890,34.483
441900,35.382
441910,60.882
441920,34.475
441930,34.804
441940,51.123
441950,34.381
441960,47.155
441970,34.320
441980,35.378
441990,36.868
442000,60.220
442010,34.674
442020,35.036
442030,54.584
442040,33.912
442050,35.690
442060,38.545
442070,33.302
442080,36.832
442090,40.504
442100,51.326
442110,1677.243
442120,4222.571
442130,37669.285
442140,71247.031
442150,83559.406
442160,88072.164
442170,89749.188
442180,52169.934
442190,23808.926
442200,14929.872
442210,11672.242
442220,10464.869
442230,10014.817
442240,9693.867
442250,9478.534
442260,8172.358
442270,3065.301
442280,1130.464
442290,418.352
442300,156.219
442310,59.749
442320,24.304
442330,11.244
442340,6.441
442350,4.762
442360,4.390
442370,12.193
442380,25.455
442390,32.496
442400,38.861
442410,34.032
442420,49.850
442430,34.845
442440,51.309
442450,33.508
442460,35.022
442470,36.560
442480,34.286
442490,60.096
442500,33.141
442510,33.226
442520,42.201
442530,35.597
442540,35.393
442550,46.151
442560,35.935
442570,35.803
442580,34.056
442590,42.310
442600,35.627
442610,57.671
442620,35.009
442630,36.000
442640,44.176
442650,33.649
442660,35.785
442670,37.909
442680,35.315
442690,42.343
442700,35.017
442710,37.533
442720,36.308
442730,34.424
442740,36.353
442750,39.628
442760,34.865
442770,43.670
442780,35.728
442790,35.687
442800,35.650
442810,34.766
442820,41.112
442830,33.350
442840,34.360
442850,45.891
442860,34.562
442870,36.728
442880,58.648
442890,37.303
442900,35.614
442910,59.259
442920,37.354
442930,35.794
442940,36.304
442950,38.254
442960,40.817
442970,36.804
442980,37.735
442990,38.807
443000,56.239
443010,35.110
443020,35.430
443030,39.506
443040,33.100
443050,34.214
443060,48.550
443070,35.460
443080,35.465
443090,38.444
443100,34.135
443110,37.461
443120,33.233
443130,58.843
443140,36.504
443150,51.727
443160,35.051
443170,43.200
443180,32.642
443190,35.242
443200,54.364
443210,35.066
443220,56.692
443230,34.889
443240,33.916
443250,34.651
443260,32.699
443270,34.718
443280,34.199
443290,42.040
443300,34.691
443310,46.106
443320,33.544
443330,35.162
443340,38.365
443350,35.155
443360,36.600
443370,58.435
443380,33.792
443390,46.054
443400,31.591
443410,34.411
443420,42.207
443430,34.304
443440,38.014
443450,33.530
443460,37.002
443470,50.070
443480,35.029
443490,36.777
443500,46.296
443510,35.671
443520,35.252
443530,36.581
443540,50.461
443550,34.620
443560,36.398
443570,34.280
443580,35.616
443590,51.067
443600,35.770
443610,35.990
443620,53.904
443630,35.728
443640,59.554
443650,33.802
443660,34.020
443670,61.723
443680,36.206
443690,35.061
443700,36.555
443710,46.507
443720,55.864
443730,33.062
443740,45.220
443750,32.702
443760,35.202
443770,36.773
443780,49.188
443790,33.574
443800,34.285
443810,37.063
443820,54.099
443830,36.640
443840,36.547
443850,47.353
443860,34.423
443870,36.507
443880,37.386
443890,61.384
443900,34.428
443910,47.767
443920,36.877
443930,33.719
443940,37.015
443950,42.042
443960,34.491
443970,46.948
443980,35.363
443990,35.537
444000,58.900
444010,36.941
444020,36.463
444030,40.690
444040,33.889
444050,35.714
444060,37.832
444070,35.037
444080,58.766
444090,34.623
444100,36.246
444110,47.486
444120,35.060
444130,39.242
444140,32.805
444150,36.072
444160,37.765
444170,37.040
444180,34.849
444190,41.649
444200,33.795
444210,34.806
444220,32.921
444230,34.812
444240,56.386
444250,33.894
444260,37.624
444270,36.226
444280,34.072
444290,35.610
444300,35.214
444310,35.860
444320,36.519
444330,38.076
444340,35.117
444350,38.026
444360,61.365
444370,34.706
444380,34.750
444390,36.138
444400,34.993
444410,38.421
444420,31.943
444430,35.746
444440,36.735
444450,33.760
444460,35.803
444470,34.940
444480,36.720
444490,37.730
444500,34.993
444510,41.450
444520,33.943
444530,35.958
444540,55.797
444550,35.321
444560,34.837
444570,33.742
444580,36.288
444590,38.923
444600,36.426
444610,36.159
444620,42.185
444630,34.562
444640,36.452
444650,34.411
444660,36.472
444670,43.958
444680,34.733
444690,36.092
444700,37.836
444710,38.956
444720,40.662
444730,36.681
444740,38.149
444750,34.744
444760,45.293
444770,34.835
444780,34.963
444790,37.552
444800,33.886
444810,38.654
444820,32.286
444830,38.390
444840,33.940
444850,35.597
444860,50.130
444870,32.399
444880,34.525
444890,46.669
444900,36.249
444910,34.987
444920,43.068
444930,55.182
444940,33.922
444950,36.935
444960,33.706
444970,41.736
444980,33.685
444990,46.446
445000,33.739
445010,51.618
445020,35.972
445030,34.619
445040,42.090
445050,32.957
445060,45.054
445070,56.985
445080,32.354
445090,56.211
445100,33.362
445110,36.131
445120,42.033
445130,34.580
445140,34.916
445150,37.748
445160,40.335
445170,55.890
445180,34.445
445190,34.866
445200,37.269
445210,37.790
445220,34.111
445230,36.207
445240,34.231
445250,40.176
445260,34.639
445270,48.951
445280,32.976
445290,36.245
445300,37.595
445310,35.302
445320,42.276
445330,33.079
445340,35.656
445350,40.726
445360,35.461
445370,36.633
445380,44.317
445390,55.405
445400,32.295
445410,33.948
445420,36.873
445430,55.037
445440,33.556
445450,34.326
445460,41.523
445470,34.476
445480,59.617
445490,33.609
445500,40.010
445510,47.316
445520,34.171
445530,34.692
445540,48.384
445550,32.614
445560,34.394
445570,35.882
445580,57.864
445590,35.576
445600,35.366
445610,31.207
445620,48.740
445630,34.593
445640,35.322
445650,37.859
445660,34.515
445670,36.562
445680,46.915
445690,33.837
445700,60.015
445710,32.870
445720,49.015
445730,32.085
445740,37.076
445750,34.984
445760,35.599
445770,37.320
445780,38.327
445790,40.662
445800,37.295
445810,57.841
445820,35.487
445830,35.298
445840,59.679
445850,35.486
445860,53.964
445870,35.341
445880,34.230
445890,47.249
445900,35.370
445910,45.793
445920,33.511
445930,57.636
445940,35.318
445950,40.390
445960,40.326
445970,33.625
445980,34.093
445990,42.008
446000,33.923
446010,38.797
446020,34.215
446030,38.374
446040,34.383
446050,43.845
446060,35.816
446070,36.424
446080,39.326
446090,62.428
446100,36.324
446110,57.077
446120,34.906
446130,35.885
446140,40.056
446150,35.099
446160,61.588
446170,35.429
446180,34.517
446190,36.462
446200,55.177
446210,33.804
446220,34.413
446230,53.800
446240,35.791
446250,36.314
446260,40.806
446270,34.366
446280,35.090
446290,39.850
446300,35.636
446310,36.235
446320,34.995
446330,59.976
446340,37.041
446350,34.897
446360,50.300
446370,35.305
446380,35.288
446390,37.319
446400,45.020
446410,35.651
446420,36.368
446430,37.700
446440,49.446
446450,36.899
446460,50.650
446470,35.599
446480,35.622
446490,37.959
446500,32.676
446510,35.116
446520,40.974
446530,35.364
446540,52.320
446550,34.676
446560,35.861
446570,59.792
446580,35.887
446590,36.053
446600,37.752
446610,40.924
446620,34.338
446630,39.310
446640,33.678
446650,52.810
446660,52.636
446670,33.589
446680,33.405
446690,60.693
446700,34.019
446710,33.873
446720,59.829
446730,35.729
446740,55.218
446750,35.037
446760,51.274
446770,33.907
446780,55.588
446790,34.544
446800,56.409
446810,34.377
446820,34.906
446830,36.064
446840,39.351
446850,48.059
446860,32.843
446870,34.453
446880,44.674
446890,34.537
446900,36.908
446910,33.608
446920,38.318
446930,30.472
446940,35.114
446950,51.717
446960,36.750
446970,40.697
446980,34.082
446990,35.990
447000,35.901
447010,34.737
447020,36.098
447030,54.964
447040,34.726
447050,33.027
447060,65.989
447070,34.270
447080,33.961
447090,36.374
447100,45.565
447110,35.184
447120,36.444
447130,40.507
447140,34.960
447150,43.191
447160,33.601
447170,36.298
447180,58.863
447190,36.478
447200,55.937
447210,36.360
447220,34.209
447230,36.632
447240,42.435
447250,36.168
447260,57.665
447270,36.415
447280,57.995
447290,34.828
447300,34.352
447310,37.578
447320,32.276
447330,36.433
447340,39.757
447350,32.768
447360,62.929
447370,34.501
447380,34.235
447390,35.827
447400,35.308
447410,37.614
447420,54.734
447430,33.478
447440,33.618
447450,40.100
447460,34.388
447470,44.471
447480,34.902
447490,56.087
447500,34.278
447510,33.314
447520,53.492
447530,37.920
447540,57.904
447550,33.746
447560,43.342
447570,33.521
447580,32.891
447590,37.562
447600,44.698
447610,34.991
447620,35.504
447630,36.713
447640,39.471
447650,36.121
447660,37.492
447670,38.126
447680,44.017
447690,34.698
447700,36.286
447710,38.820
447720,35.148
447730,37.940
447740,48.160
447750,36.127
447760,44.963
447770,32.971
447780,34.520
447790,35.917
447800,34.434
447810,39.203
447820,46.340
447830,31.490
447840,33.974
447850,61.123
447860,37.796
447870,51.287
447880,32.391
447890,34.348
447900,43.250
447910,35.058
447920,45.470
447930,33.847
447940,36.725
447950,49.358
447960,37.831
447970,34.095
447980,37.816
447990,41.890
448000,35.511
448010,53.975
448020,33.601
448030,32.940
448040,37.418
448050,40.013
448060,36.608
448070,41.657
448080,33.765
448090,43.282
448100,34.047
448110,56.482
448120,36.359
448130,34.239
448140,36.285
448150,33.144
448160,56.337
448170,35.318
448180,34.127
448190,52.640
448200,34.462
448210,35.439
448220,36.147
448230,33.583
448240,58.141
448250,35.440
448260,56.328
448270,36.312
448280,34.334
448290,38.048
448300,34.158
448310,35.010
448320,44.071
448330,34.126
448340,43.503
448350,32.694
448360,56.401
448370,34.620
448380,53.585
448390,33.680
448400,52.758
448410,34.264
448420,32.980
448430,38.448
448440,34.822
448450,36.835
448460,63.699
448470,36.315
448480,35.596
448490,59.285
448500,36.916
448510,34.695
448520,37.840
448530,39.601
448540,34.454
448550,37.564
448560,54.569
448570,34.975
448580,58.987
448590,33.800
448600,31.838
448610,32.155
448620,55.586
448630,35.885
448640,34.751
448650,42.683
448660,55.586
448670,32.970
448680,33.313
448690,48.830
448700,36.630
448710,36.006
448720,37.321
448730,34.144
448740,55.122
448750,34.111
448760,35.307
448770,38.088
448780,41.494
448790,34.620
448800,36.820
448810,40.075
448820,34.818
448830,35.795
448840,47.043
448850,35.623
448860,56.671
448870,36.682
448880,33.947
448890,52.821
448900,33.465
448910,39.567
448920,34.083
448930,39.887
448940,32.342
448950,38.918
448960,53.448
448970,33.827
448980,35.076
448990,37.161
449000,34.181
449010,35.895
449020,38.074
449030,35.255
449040,56.021
449050,35.345
449060,56.490
449070,33.756
449080,34.407
449090,64.521
449100,35.826
449110,35.583
449120,37.311
449130,55.558
449140,35.504
449150,41.371
449160,32.841
449170,38.461
449180,33.654
449190,51.638
449200,33.508
449210,32.794
449220,37.505
449230,56.453
449240,34.238
449250,34.292
449260,35.875
449270,36.119
449280,40.230
449290,32.043
449300,52.238
449310,33.130
449320,42.663
449330,31.714
449340,44.253
449350,33.510
449360,55.362
449370,35.110
449380,34.833
449390,52.016
449400,34.263
449410,34.548
449420,37.074
449430,45.949
449440,36.400
449450,37.157
449460,38.439
449470,42.165
449480,55.746
449490,32.556
449500,35.031
449510,36.719
449520,41.993
449530,57.231
449540,32.884
449550,32.372
449560,45.527
449570,33.812
449580,34.399
449590,57.087
449600,36.016
449610,41.006
449620,32.353
449630,35.153
449640,63.104
449650,34.938
449660,59.126
449670,35.719
449680,34.364
449690,47.103
449700,35.631
449710,35.790
449720,35.516
449730,34.478
449740,46.710
449750,35.474
449760,54.127
449770,37.729
449780,35.855
449790,36.853
449800,38.466
449810,39.778
449820,37.227
449830,36.662
449840,38.304
449850,34.255
449860,39.494
449870,51.854
449880,35.574
449890,33.726
449900,37.112
449910,53.171
449920,35.135
449930,60.530
449940,34.064
449950,33.275
449960,36.342
449970,45.928
449980,34.921
449990,59.395
450000,36.886
450010,35.031
450020,37.152
450030,38.044
450040,40.220
450050,36.086
450060,37.060
450070,52.491
450080,33.987
450090,36.389
450100,50.306
450110,36.442
450120,35.448
450130,37.585
450140,33.881
450150,35.897
450160,55.596
450170,35.516
450180,35.529
450190,51.989
450200,35.251
450210,47.487
450220,34.118
450230,34.511
450240,40.067
450250,35.306
450260,43.813
450270,34.894
450280,34.913
450290,36.387
450300,33.520
450310,35.618
450320,37.744
450330,41.091
450340,35.379
450350,34.909
450360,45.985
450370,34.522
450380,36.474
450390,59.686
450400,36.334
450410,34.531
450420,37.764
450430,43.660
450440,34.105
450450,35.970
450460,47.510
450470,32.502
450480,51.571
450490,34.730
450500,45.521
450510,34.004
450520,41.356
450530,36.236
450540,35.261
450550,56.275
450560,34.897
450570,34.745
450580,58.860
450590,35.959
450600,35.181
450610,35.631
450620,34.548
450630,37.572
450640,38.537
450650,39.189
450660,59.455
450670,36.157
450680,34.783
450690,36.930
450700,47.674
450710,33.083
450720,54.248
450730,34.669
450740,33.426
450750,39.900
450760,35.160
450770,48.185
450780,34.703
450790,34.546
450800,54.943
450810,37.171
450820,36.033
450830,37.339
450840,35.390
450850,37.501
450860,64.868
450870,35.408
450880,35.654
450890,36.844
450900,49.184
450910,35.571
450920,35.344
450930,31.187
450940,35.883
450950,54.436
450960,35.190
450970,39.070
450980,34.189
450990,48.121
451000,33.894
451010,55.733
451020,34.864
451030,36.203
451040,33.522
451050,34.822
451060,60.268
451070,36.551
451080,38.426
451090,33.004
451100,53.918
451110,33.545
451120,34.517
451130,40.104
451140,33.790
451150,37.067
451160,32.563
451170,37.827
451180,33.409
451190,36.005
451200,53.616
451210,36.486
451220,33.467
451230,37.044
451240,34.308
451250,53.249
451260,36.335
451270,35.937
451280,40.624
451290,36.440
451300,54.650
451310,33.257
451320,34.090
451330,56.911
451340,35.704
451350,34.642
451360,44.067
451370,33.752
451380,57.913
451390,35.477
451400,34.411
451410,37.841
451420,56.365
451430,34.867
451440,34.670
451450,46.411
451460,35.552
451470,56.731
451480,33.706
451490,49.305
451500,33.614
451510,39.187
451520,32.527
451530,54.185
451540,34.479
451550,34.083
451560,58.708
451570,34.381
451580,35.222
451590,49.809
451600,35.746
451610,41.221
451620,32.335
451630,45.930
451640,36.241
451650,47.370
451660,35.035
451670,35.429
451680,55.997
451690,35.385
451700,35.551
451710,39.543
451720,34.663
451730,58.495
451740,35.011
451750,33.986
451760,39.809
451770,36.443
451780,41.179
451790,34.572
451800,53.094
451810,35.299
451820,33.700
451830,42.343
451840,34.093
451850,35.766
451860,34.088
451870,49.735
451880,34.013
451890,35.168
451900,45.515
451910,36.866
451920,36.947
451930,57.905
451940,34.662
451950,35.372
451960,41.414
451970,34.515
451980,36.252
451990,39.984
452000,38.084
452010,34.931
452020,38.770
452030,46.331
452040,32.871
452050,35.298
452060,39.944
452070,32.345
452080,38.535
452090,34.506
452100,38.768
452110,32.952
452120,36.090
452130,37.674
452140,49.493
452150,36.215
452160,59.760
452170,35.967
452180,34.806
452190,38.478
452200,34.216
452210,50.999
452220,34.941
452230,52.431
452240,33.910
452250,40.193
452260,33.074
452270,35.488
452280,37.610
452290,34.661
452300,33.300
452310,54.797
452320,31.993
452330,35.353
452340,53.579
452350,34.349
452360,35.020
452370,37.384
452380,39.050
452390,41.034
452400,37.105
452410,38.692
452420,34.069
452430,36.738
452440,38.512
452450,38.616
452460,43.841
452470,50.943
452480,33.133
452490,57.060
452500,34.842
452510,54.606
452520,33.060
452530,34.829
452540,36.393
452550,42.583
452560,36.545
452570,43.995
452580,33.915
452590,35.567
452600,37.556
452610,39.879
452620,34.258
452630,46.505
452640,35.001
452650,51.583
452660,34.107
452670,56.026
452680,34.807
452690,50.561
452700,34.089
452710,35.015
452720,43.076
452730,33.987
452740,48.877
452750,34.473
452760,36.044
452770,38.848
452780,34.365
452790,40.264
452800,36.733
452810,34.334
452820,38.157
452830,34.279
452840,58.212
452850,35.865
452860,37.021
452870,58.721
452880,36.063
452890,42.133
452900,36.022
452910,33.914
452920,42.203
452930,33.506
452940,35.789
452950,57.001
452960,38.050
452970,59.316
452980,34.393
452990,34.478
453000,57.803
453010,35.967
453020,36.451
453030,37.511
453040,39.926
453050,36.197
453060,60.241
453070,35.893
453080,49.089
453090,36.086
453100,36.252
453110,37.612
453120,51.178
453130,34.776
453140,36.373
453150,37.214
453160,45.548
453170,33.824
453180,33.662
453190,48.826
453200,34.331
453210,36.185
453220,36.986
453230,58.332
453240,33.233
453250,53.992
453260,35.324
453270,39.977
453280,31.835
453290,33.645
453300,32.908
453310,55.266
453320,36.986
453330,49.333
453340,35.652
453350,35.621
453360,40.077
453370,34.012
453380,52.838
453390,35.960
453400,33.334
453410,36.028
453420,33.954
453430,36.057
453440,33.092
453450,44.742
453460,34.934
453470,37.173
453480,32.302
453490,56.713
453500,34.156
453510,34.316
453520,36.702
453530,34.663
453540,40.846
453550,34.501
453560,47.275
453570,34.380
453580,50.818
453590,31.706
453600,40.692
453610,34.307
453620,37.221
453630,35.293
453640,56.312
453650,34.701
453660,59.421
453670,35.825
453680,33.969
453690,47.975
453700,35.321
453710,52.677
453720,33.820
453730,51.788
453740,33.669
453750,55.425
453760,35.566
453770,46.989
453780,35.346
453790,34.758
453800,36.138
453810,49.733
453820,36.057
453830,33.970
453840,44.299
453850,36.847
453860,34.702
453870,38.660
453880,35.383
453890,35.395
453900,35.940
453910,37.701
453920,32.489
453930,34.855
453940,45.720
453950,33.073
453960,35.707
453970,51.651
453980,34.810
453990,50.040
454000,35.213
454010,34.192
454020,36.697
454030,38.258
454040,35.120
454050,51.398
454060,35.820
454070,39.879
454080,34.106
454090,43.593
454100,34.122
454110,45.021
454120,33.176
454130,35.258
454140,48.322
454150,35.277
454160,36.976
454170,38.644
454180,34.870
454190,40.223
454200,33.522
454210,34.829
454220,39.413
454230,33.946
454240,33.997
454250,57.991
454260,37.233
454270,36.338
454280,38.254
454290,34.917
454300,36.928
454310,41.116
454320,33.665
454330,46.882
454340,35.435
454350,35.673
454360,63.602
454370,35.254
454380,34.815
454390,46.657
454400,34.737
454410,35.052
454420,31.897
454430,46.145
454440,34.144
454450,43.167
454460,33.719
454470,36.075
454480,56.373
454490,35.163
454500,51.419
454510,33.642
454520,53.954
454530,33.637
454540,39.028
454550,35.793
454560,34.532
454570,58.479
454580,33.993
454590,34.978
454600,39.736
454610,42.486
454620,31.318
454630,34.274
454640,57.220
454650,35.385
454660,38.407
454670,47.300
454680,34.662
454690,39.699
454700,32.987
454710,34.940
454720,46.946
454730,34.913
454740,35.631
454750,40.878
454760,32.402
454770,35.504
454780,45.928
454790,33.337
454800,36.530
454810,36.762
454820,34.686
454830,31.726
454840,35.375
454850,42.650
454860,35.466
454870,40.994
454880,55.457
454890,32.609
454900,34.203
454910,51.487
454920,35.034
454930,44.821
454940,34.590
454950,34.807
454960,37.863
454970,34.306
454980,55.265
454990,33.405
455000,32.610
455010,35.076
455020,54.093
455030,33.001
455040,35.402
455050,38.491
455060,63.142
455070,36.842
455080,42.363
455090,31.549
455100,35.573
455110,38.502
455120,36.589
455130,35.439
455140,49.523
455150,34.360
455160,36.774
455170,47.990
455180,36.201
455190,53.618
455200,35.339
455210,54.403
455220,34.882
455230,34.590
455240,37.358
455250,32.804
455260,35.622
455270,38.752
455280,35.694
455290,39.558
455300,35.182
455310,35.495
455320,59.662
455330,36.572
455340,35.759
455350,40.410
455360,35.782
455370,47.929
455380,35.764
455390,34.720
455400,37.822
455410,49.723
455420,31.133
455430,34.900
455440,36.684
455450,34.482
455460,60.879
455470,34.977
455480,35.064
455490,46.412
455500,34.092
455510,39.521
455520,33.117
455530,43.980
455540,34.811
455550,44.682
455560,54.809
455570,32.713
455580,51.948
455590,32.802
455600,34.206
455610,48.243
455620,35.633
455630,40.843
455640,33.013
455650,55.186
455660,35.968
455670,56.654
455680,34.588
455690,34.177
455700,36.037
455710,54.021
455720,32.749
455730,35.666
455740,36.797
455750,39.795
455760,34.479
455770,35.456
455780,33.472
455790,43.306
455800,38.118
455810,34.543
455820,36.503
455830,43.230
455840,31.711
455850,34.188
455860,58.220
455870,33.235
455880,47.504
455890,32.246
455900,46.413
455910,33.828
455920,35.277
455930,35.493
455940,56.616
455950,34.316
455960,37.002
455970,42.930
455980,34.672
455990,35.140
456000,36.115
456010,36.339
456020,47.867
456030,34.906
456040,36.199
456050,53.304
456060,37.192
456070,36.421
456080,38.371
456090,36.178
456100,36.781
456110,37.300
456120,35.433
456130,52.982
456140,34.499
456150,50.109
456160,34.474
456170,44.359
456180,32.378
456190,35.134
456200,58.289
456210,35.966
456220,34.458
456230,54.148
456240,34.710
456250,33.806
456260,47.721
456270,34.439
456280,57.833
456290,36.044
456300,34.666
456310,57.072
456320,37.873
456330,35.328
456340,39.318
456350,33.139
456360,38.663
456370,34.185
456380,35.435
456390,40.285
456400,35.877
456410,39.156
456420,33.551
456430,37.634
456440,32.857
456450,40.315
456460,33.608
456470,36.800
456480,48.093
456490,36.355
456500,58.026
456510,34.222
456520,36.995
456530,36.377
456540,33.424
456550,43.116
456560,51.946
456570,33.512
456580,47.013
456590,32.764
456600,57.530
456610,34.341
456620,34.073
456630,35.748
456640,39.984
456650,34.699
456660,58.375
456670,35.485
456680,34.651
456690,37.781
456700,40.081
456710,34.518
456720,37.125
456730,35.205
456740,35.385
456750,33.505
456760,36.325
456770,37.928
456780,33.301
456790,55.118
456800,33.813
456810,36.860
456820,37.189
456830,38.103
456840,33.250
456850,36.797
456860,51.559
456870,33.824
456880,39.858
456890,41.778
456900,33.587
456910,33.027
456920,55.836
456930,34.975
456940,35.567
456950,43.426
456960,35.373
456970,34.149
456980,37.014
456990,40.098
457000,35.586
457010,59.138
457020,34.699
457030,35.734
457040,37.764
457050,56.858
457060,34.221
457070,51.070
457080,37.897
457090,34.498
457100,37.540
457110,54.157
457120,36.287
457130,35.920
457140,54.533
457150,33.735
457160,57.867
457170,32.080
457180,35.458
457190,39.936
457200,34.518
457210,46.449
457220,35.036
457230,57.768
457240,34.039
457250,33.784
457260,51.532
457270,35.921
457280,35.814
457290,42.355
457300,34.208
457310,36.775
457320,47.894
457330,34.636
457340,35.348
457350,52.022
457360,36.065
457370,56.003
457380,33.936
457390,54.301
457400,33.832
457410,57.894
457420,34.454
457430,33.113
457440,46.090
457450,34.902
457460,36.055
457470,40.760
457480,34.520
457490,43.891
457500,34.579
457510,35.861
457520,59.466
457530,36.080
457540,35.940
457550,38.116
457560,41.286
457570,35.813
457580,35.471
457590,56.324
457600,34.962
457610,34.300
457620,59.707
457630,34.969
457640,38.471
457650,30.746
457660,51.874
457670,35.916
457680,34.473
457690,36.966
457700,38.055
457710,39.400
457720,41.764
457730,36.649
457740,37.022
457750,49.153
457760,51.576
457770,33.445
457780,55.877
457790,33.378
457800,35.216
457810,56.096
457820,34.694
457830,34.859
457840,54.314
457850,37.563
457860,52.334
457870,34.097
457880,35.544
457890,37.982
457900,46.496
457910,35.479
457920,39.433
457930,31.099
457940,34.955
457950,60.503
457960,37.134
457970,34.812
457980,37.134
457990,34.896
458000,37.546
458010,40.291
458020,35.094
458030,36.042
458040,38.087
458050,51.936
458060,35.594
458070,54.364
458080,34.525
458090,34.457
458100,46.373
458110,34.484
458120,36.420
458130,44.174
458140,55.130
458150,32.887
458160,52.364
458170,31.377
458180,33.443
458190,58.175
458200,37.398
458210,44.664
458220,33.117
458230,36.091
458240,36.081
458250,46.968
458260,51.017
458270,33.025
458280,32.569
458290,38.250
458300,34.461
458310,44.261
458320,34.284
458330,34.762
458340,32.856
458350,35.279
458360,36.096
458370,45.671
458380,33.386
458390,37.424
458400,33.686
458410,41.302
458420,34.007
458430,34.400
458440,40.152
458450,35.421
458460,37.755
458470,40.851
458480,34.372
458490,41.683
458500,33.078
458510,56.905
458520,36.558
458530,35.723
458540,35.976
458550,47.159
458560,35.016
458570,44.041
458580,32.007
458590,34.977
458600,39.998
458610,33.623
458620,57.937
458630,34.419
458640,33.964
458650,34.944
458660,38.557
458670,33.656
458680,35.710
458690,41.593
458700,35.843
458710,48.505
458720,32.681
458730,34.507
458740,37.187
458750,34.803
458760,56.005
458770,33.751
458780,41.467
458790,34.596
458800,34.623
458810,37.643
458820,37.983
458830,55.679
458840,33.684
458850,50.053
458860,31.998
458870,42.876
458880,33.437
458890,58.167
458900,35.809
458910,34.462
458920,46.302
458930,33.483
458940,38.108
458950,32.980
458960,37.731
458970,39.362
458980,40.127
458990,35.407
459000,56.388
459010,33.720
459020,35.160
459030,59.748
459040,35.875
459050,44.815
459060,34.788
459070,55.084
459080,34.511
459090,35.318
459100,36.314
459110,38.577
459120,40.861
459130,35.712
459140,37.635
459150,38.165
459160,45.272
459170,34.563
459180,47.738
459190,35.473
459200,36.749
459210,32.860
459220,49.707
459230,33.560
459240,34.844
459250,36.831
459260,50.052
459270,32.651
459280,34.040
459290,37.797
459300,32.987
459310,35.926
459320,48.835
459330,36.134
459340,58.530
459350,32.140
459360,34.032
459370,56.468
459380,37.242
459390,35.928
459400,37.828
459410,51.378
459420,35.827
459430,57.802
459440,35.216
459450,33.678
459460,52.504
459470,35.283
459480,57.891
459490,35.103
459500,33.695
459510,37.836
459520,43.753
459530,37.112
459540,37.044
459550,37.934
459560,43.004
459570,35.420
459580,35.253
459590,38.810
459600,32.664
459610,56.721
459620,33.570
459630,34.567
459640,35.874
459650,33.821
459660,37.982
459670,33.636
459680,36.101
459690,38.349
459700,35.649
459710,41.576
459720,34.055
459730,36.021
459740,41.768
459750,36.450
459760,41.395
459770,33.397
459780,36.110
459790,64.007
459800,32.892
459810,34.728
459820,36.825
459830,43.033
459840,34.295
459850,36.289
459860,51.398
459870,36.231
459880,56.047
459890,34.644
459900,35.624
459910,60.288
459920,35.954
459930,34.916
459940,58.971
459950,36.416
459960,35.990
459970,48.549
459980,34.909
459990,54.840
460000,35.542
460010,35.242
460020,64.305
460030,36.130
460040,33.487
460050,56.828
460060,34.740
460070,35.929
460080,37.229
460090,38.760
460100,41.715
460110,35.926
460120,55.185
460130,35.225
460140,47.410
460150,33.304
460160,36.232
460170,41.114
460180,34.623
460190,34.589
460200,38.356
460210,33.109
460220,39.528
460230,34.412
460240,56.896
460250,34.617
460260,35.504
460270,38.347
460280,43.593
460290,35.245
460300,38.948
460310,34.123
460320,40.706
460330,36.181
460340,33.799
460350,36.863
460360,45.662
460370,35.608
460380,54.745
460390,33.486
460400,34.383
460410,36.668
460420,33.473
460430,46.197
460440,35.125
460450,36.080
460460,54.930
460470,36.767
460480,36.847
460490,37.651
460500,41.077
460510,56.019
460520,33.671
460530,33.969
460540,35.527
460550,33.941
460560,52.980
460570,34.872
460580,51.318
460590,35.279
460600,34.198
460610,37.694
460620,55.495
460630,32.479
460640,34.533
460650,39.979
460660,35.302
460670,35.825
460680,37.348
460690,56.759
460700,35.597
460710,57.534
460720,35.251
460730,37.804
460740,32.433
460750,54.667
460760,37.442
460770,36.072
460780,36.794
460790,34.626
460800,57.188
460810,36.124
460820,35.046
460830,56.741
460840,34.747
460850,55.814
460860,35.849
460870,35.083
460880,43.735
460890,33.324
460900,33.745
460910,33.843
460920,36.176
460930,37.059
460940,34.204
460950,36.665
460960,44.582
460970,34.339
460980,38.849
460990,33.093
461000,49.915
461010,35.794
461020,54.079
461030,36.387
461040,33.822
461050,34.938
461060,39.159
461070,33.619
461080,53.056
461090,33.377
461100,34.808
461110,38.622
461120,36.302
461130,36.025
461140,37.701
461150,61.104
461160,37.127
461170,56.012
461180,35.823
461190,35.062
461200,38.261
461210,34.635
461220,42.097
461230,33.193
461240,35.450
461250,38.390
461260,51.436
461270,32.084
461280,34.302
461290,54.311
461300,35.789
461310,35.226
461320,61.789
461330,36.926
461340,33.951
461350,54.492
461360,36.129
461370,34.694
461380,54.835
461390,35.564
461400,36.579
461410,49.014
461420,35.784
461430,37.725
461440,40.412
461450,35.315
461460,41.703
461470,35.505
461480,54.377
461490,34.777
461500,34.894
461510,35.383
461520,34.970
461530,35.525
461540,43.094
461550,34.177
461560,37.518
461570,34.501
461580,36.830
461590,33.184
461600,42.657
461610,35.712
461620,36.639
461630,56.537
461640,36.477
461650,35.522
461660,44.240
461670,33.913
461680,35.928
461690,37.749
461700,33.351
461710,36.260
461720,36.996
461730,48.232
461740,33.737
461750,56.895
461760,39.073
461770,31.353
461780,31.768
461790,36.866
461800,37.858
461810,39.134
461820,35.059
461830,35.436
461840,37.826
461850,54.174
461860,33.938
461870,34.495
461880,54.912
461890,35.368
461900,56.149
461910,34.714
461920,55.013
461930,36.276
461940,34.684
461950,53.546
461960,35.953
461970,34.936
461980,59.952
461990,35.916
462000,35.303
462010,37.982
462020,54.745
462030,37.633
462040,41.619
462050,33.481
462060,48.618
462070,33.317
462080,33.996
462090,36.674
462100,45.617
462110,35.352
462120,43.336
462130,32.681
462140,34.836
462150,37.635
462160,48.745
462170,37.031
462180,35.779
462190,38.736
462200,33.775
462210,36.362
462220,36.690
462230,35.205
462240,37.317
462250,44.049
462260,35.338
462270,46.569
462280,35.858
462290,55.786
462300,35.673
462310,34.786
462320,50.935
462330,34.999
462340,33.792
462350,45.477
462360,36.194
462370,35.728
462380,57.011
462390,32.764
462400,40.542
462410,33.045
462420,57.347
462430,34.084
462440,48.753
462450,33.415
462460,47.245
462470,32.806
462480,34.331
462490,36.806
462500,34.318
462510,46.116
462520,31.202
462530,45.943
462540,36.684
462550,34.188
462560,47.277
462570,35.563
462580,35.968
462590,58.882
462600,36.745
462610,35.818
462620,58.780
462630,35.230
462640,35.204
462650,38.138
462660,40.521
462670,37.020
462680,44.049
462690,33.665
462700,35.859
462710,36.667
462720,38.851
462730,49.962
462740,36.209
462750,36.022
462760,38.474
462770,45.517
462780,35.839
462790,58.421
462800,36.450
462810,35.159
462820,36.325
462830,38.336
462840,34.409
462850,54.291
462860,35.647
462870,34.069
462880,60.647
462890,36.298
462900,50.613
462910,32.869
462920,57.706
462930,34.365
462940,36.606
462950,33.135
462960,36.202
462970,45.939
462980,35.417
462990,35.998
463000,39.041
463010,34.170
463020,52.234
463030,33.857
463040,47.579
463050,31.945
463060,35.552
463070,37.267
463080,37.873
463090,36.668
463100,39.042
463110,39.736
463120,31.514
463130,34.142
463140,43.190
463150,32.900
463160,47.104
463170,34.364
463180,35.631
463190,47.533
463200,35.494
463210,48.039
463220,36.016
463230,34.680
463240,36.625
463250,34.641
463260,58.575
463270,37.027
463280,35.741
463290,36.771
463300,37.746
463310,44.069
463320,35.691
463330,36.215
463340,37.931
463350,36.464
463360,57.673
463370,35.167
463380,58.061
463390,35.520
463400,32.361
463410,35.336
463420,33.699
463430,36.106
463440,42.160
463450,34.967
463460,50.339
463470,34.043
463480,54.353
463490,34.046
463500,58.175
463510,33.874
463520,56.893
463530,34.991
463540,35.634
463550,37.133
463560,31.845
463570,35.729
463580,39.143
463590,56.039
463600,33.543
463610,38.926
463620,34.778
463630,34.827
463640,36.891
463650,37.563
463660,54.568
463670,34.840
463680,34.621
463690,37.071
463700,33.186
463710,55.411
463720,34.736
463730,34.784
463740,37.061
463750,39.114
463760,33.951
463770,43.862
463780,34.887
463790,57.277
463800,34.811
463810,34.585
463820,43.224
463830,34.789
463840,37.248
463850,42.001
463860,35.230
463870,36.201
463880,38.616
463890,39.323
463900,36.691
463910,32.083
463920,34.801
463930,60.183
463940,35.722
463950,35.229
463960,39.705
463970,34.622
463980,45.047
463990,33.858
464000,34.434
464010,37.671
464020,32.021
464030,44.837
464040,32.561
464050,35.436
464060,39.142
464070,34.179
464080,35.753
464090,49.565
464100,34.771
464110,35.170
464120,35.723
464130,55.110
464140,34.053
464150,33.923
464160,37.065
464170,38.542
464180,35.925
464190,36.319
464200,37.143
464210,37.441
464220,35.914
464230,53.906
464240,35.885
464250,36.360
464260,38.742
464270,34.200
464280,51.571
464290,34.496
464300,32.890
464310,45.414
464320,34.801
464330,37.188
464340,34.463
464350,56.955
464360,36.273
464370,34.410
464380,44.057
464390,33.200
464400,36.022
464410,37.233
464420,39.165
464430,34.740
464440,51.025
464450,34.393
464460,36.055
464470,44.239
464480,34.562
464490,36.004
464500,39.718
464510,33.341
464520,59.019
464530,35.186
464540,33.872
464550,37.031
464560,47.360
464570,34.314
464580,34.371
464590,47.299
464600,33.860
464610,35.601
464620,35.529
464630,36.930
464640,49.028
464650,34.484
464660,40.067
464670,31.466
464680,41.618
464690,34.447
464700,34.876
464710,37.166
464720,34.021
464730,36.845
464740,38.994
464750,35.468
464760,36.175
464770,39.091
464780,41.393
464790,36.550
464800,43.011
464810,33.476
464820,40.151
464830,32.170
464840,44.660
464850,31.880
464860,45.225
464870,32.336
464880,36.055
464890,49.987
464900,34.390
464910,46.740
464920,33.020
464930,38.616
464940,33.268
464950,52.458
464960,35.218
464970,58.333
464980,33.253
464990,35.067
465000,37.497
465010,49.175
465020,35.834
465030,37.170
465040,41.606
465050,34.731
465060,36.234
465070,40.588
465080,34.715
465090,35.720
465100,37.554
465110,42.286
465120,36.278
465130,34.547
465140,40.544
465150,33.705
465160,35.884
465170,37.949
465180,34.422
465190,47.193
465200,33.227
465210,43.737
465220,52.830
465230,32.405
465240,32.838
465250,46.731
465260,44.684
465270,33.081
465280,33.612
465290,37.496
465300,37.609
465310,39.794
465320,47.666
465330,36.342
465340,37.277
465350,53.314
465360,35.730
465370,41.080
465380,35.343
465390,35.727
465400,52.556
465410,34.803
465420,34.591
465430,46.792
465440,33.439
465450,35.111
465460,38.257
465470,56.627
465480,31.798
465490,40.623
465500,31.130
465510,35.192
465520,37.742
465530,38.970
465540,35.039
465550,48.882
465560,36.282
465570,47.222
465580,33.842
465590,56.841
465600,35.298
465610,51.061
465620,35.082
465630,34.514
465640,36.027
465650,58.678
465660,37.253
465670,42.410
465680,33.846
465690,39.175
465700,33.519
465710,58.849
465720,34.232
465730,32.084
465740,53.447
465750,36.226
465760,49.880
465770,34.070
465780,35.758
465790,38.761
465800,39.600
465810,51.672
465820,38.461
465830,56.844
465840,34.128
465850,39.223
465860,32.235
465870,45.137
465880,35.545
465890,51.030
465900,34.579
465910,32.973
465920,37.148
465930,55.803
465940,34.862
465950,52.120
465960,34.059
465970,34.077
465980,50.581
465990,33.566
466000,35.672
466010,35.544
466020,32.523
466030,58.612
466040,35.965
466050,35.197
466060,46.167
466070,35.598
466080,35.459
466090,35.412
466100,34.226
466110,41.142
466120,33.530
466130,37.147
466140,40.040
466150,32.052
466160,44.460
466170,34.118
466180,34.854
466190,40.653
466200,33.403
466210,55.487
466220,36.182
466230,35.673
466240,37.164
466250,38.597
466260,41.777
466270,36.520
466280,60.687
466290,35.613
466300,54.394
466310,34.120
466320,55.433
466330,35.066
466340,34.294
466350,36.927
466360,43.178
466370,34.447
466380,34.198
466390,37.047
466400,40.649
466410,34.326
466420,36.518
466430,53.142
466440,35.304
466450,34.940
466460,37.498
466470,35.040
466480,50.226
466490,34.927
466500,38.679
466510,31.785
466520,35.602
466530,39.921
466540,34.760
466550,43.071
466560,34.079
466570,35.452
466580,37.546
466590,58.926
466600,37.246
466610,35.909
466620,58.013
466630,33.561
466640,35.304
466650,38.291
466660,65.450
466670,37.297
466680,34.166
466690,54.559
466700,35.385
466710,35.328
466720,39.278
466730,34.816
466740,46.961
466750,34.349
466760,44.208
466770,33.924
466780,36.027
466790,46.531
466800,34.978
466810,56.942
466820,34.290
466830,49.792
466840,35.712
466850,57.718
466860,35.115
466870,36.073
466880,31.616
466890,36.629
466900,44.694
466910,34.052
466920,33.346
466930,42.492
466940,32.143
466950,36.101
466960,40.834
466970,35.742
466980,37.251
466990,53.837
467000,34.104
467010,34.109
467020,35.658
467030,33.759
467040,56.715
467050,36.733
467060,36.180
467070,41.411
467080,34.767
467090,35.080
467100,58.366
467110,34.942
467120,55.557
467130,33.176
467140,33.818
467150,41.969
467160,35.441
467170,36.980
467180,52.468
467190,35.715
467200,35.213
467210,38.185
467220,46.368
467230,37.723
467240,34.293
467250,58.356
467260,34.759
467270,35.212
467280,36.620
467290,34.690
467300,36.629
467310,36.617
467320,35.479
467330,36.913
467340,46.866
467350,34.832
467360,44.091
467370,35.031
467380,37.100
467390,62.752
467400,36.743
467410,33.303
467420,36.420
467430,40.472
467440,35.131
467450,36.811
467460,43.757
467470,31.325
467480,56.472
467490,35.054
467500,36.022
467510,41.436
467520,33.198
467530,36.215
467540,33.113
467550,60.901
467560,36.282
467570,35.296
467580,36.495
467590,51.308
467600,35.853
467610,35.479
467620,36.641
467630,34.803
467640,36.214
467650,33.749
467660,35.543
467670,35.757
467680,41.246
467690,34.485
467700,34.804
467710,38.198
467720,33.790
467730,36.709
467740,34.612
467750,36.686
467760,38.604
467770,43.679
467780,35.490
467790,37.318
467800,50.887
467810,36.610
467820,35.022
467830,62.824
467840,35.856
467850,34.569
467860,51.630
467870,34.244
467880,35.515
467890,36.881
467900,39.478
467910,34.366
467920,35.648
467930,48.258
467940,33.204
467950,52.538
467960,34.891
467970,52.495
467980,35.250
467990,32.863
468000,36.892
468010,34.088
468020,45.361
468030,32.644
468040,35.535
468050,41.786
468060,43.624
468070,32.935
468080,34.039
468090,55.122
468100,34.144
468110,33.678
468120,32.624
468130,37.075
468140,33.994
468150,35.868
468160,46.010
468170,33.745
468180,39.020
468190,36.969
468200,49.422
468210,32.832
468220,51.497
468230,32.802
468240,34.497
468250,48.457
468260,32.495
468270,43.942
468280,32.311
468290,42.633
468300,33.627
468310,59.175
468320,36.735
468330,34.415
468340,52.645
468350,34.277
468360,34.637
468370,40.340
468380,34.896
468390,51.218
468400,34.381
468410,51.357
468420,34.839
468430,35.805
468440,60.195
468450,34.774
468460,35.980
468470,46.727
468480,32.860
468490,50.636
468500,32.669
468510,35.356
468520,48.140
468530,34.223
468540,58.209
468550,36.580
468560,35.203
468570,56.628
468580,33.705
468590,35.996
468600,42.209
468610,35.541
468620,42.443
468630,32.302
468640,54.291
468650,33.684
468660,35.015
468670,61.180
468680,37.637
468690,34.530
468700,47.921
468710,35.899
468720,36.274
468730,61.393
468740,36.251
468750,36.099
468760,44.821
468770,34.698
468780,35.914
468790,38.549
468800,41.159
468810,34.411
468820,36.478
468830,40.822
468840,50.986
468850,34.389
468860,33.533
468870,36.912
468880,40.403
468890,35.609
468900,35.943
468910,37.619
468920,34.451
468930,36.964
468940,62.833
468950,35.295
468960,42.783
468970,31.774
468980,39.664
468990,34.730
469000,48.883
469010,34.419
469020,49.957
469030,34.055
469040,35.315
469050,36.978
469060,34.479
469070,36.509
469080,38.333
469090,39.086
469100,41.950
469110,35.551
469120,67.513
469130,32.490
469140,31.216
469150,35.504
469160,45.386
469170,36.228
469180,54.757
469190,34.897
469200,34.161
469210,54.719
469220,34.994
469230,34.761
469240,54.675
469250,36.565
469260,35.894
469270,40.529
469280,34.934
469290,34.850
469300,46.473
469310,35.514
469320,45.100
469330,37.180
469340,60.074
469350,33.659
469360,44.743
469370,34.677
469380,44.776
469390,34.095
469400,50.546
469410,33.672
469420,52.129
469430,33.204
469440,50.252
469450,44.283
469460,34.930
469470,48.079
469480,35.040
469490,35.583
469500,43.412
469510,33.856
469520,56.718
469530,33.495
469540,50.178
469550,33.156
469560,55.522
469570,34.421
469580,51.398
469590,34.392
469600,35.077
469610,38.071
469620,33.240
469630,35.724
469640,40.755
469650,33.331
469660,38.177
469670,35.467
469680,57.030
469690,34.173
469700,35.284
469710,46.843
469720,32.573
469730,34.977
469740,57.507
469750,35.625
469760,54.558
469770,33.987
469780,45.293
469790,31.825
469800,34.459
469810,36.644
469820,38.590
469830,34.757
469840,37.147
469850,42.229
469860,34.864
469870,39.456
469880,35.308
469890,36.127
469900,40.000
469910,34.930
469920,36.027
469930,36.861
469940,34.897
469950,35.462
469960,36.756
469970,35.058
469980,36.137
469990,51.248
470000,35.436
470010,35.686
470020,38.760
470030,40.031
470040,35.410
470050,40.129
470060,34.916
470070,38.568
470080,33.376
470090,42.157
470100,33.735
470110,34.488
470120,41.329
470130,35.391
470140,35.269
470150,38.219
470160,39.636
470170,42.738
470180,34.090
470190,35.145
470200,39.261
470210,34.305
470220,36.503
470230,38.714
470240,40.411
470250,35.876
470260,42.248
470270,32.774
470280,38.873
470290,32.085
470300,39.021
470310,33.974
470320,52.656
470330,34.243
470340,36.653
470350,58.594
470360,36.780
470370,56.725
470380,33.889
470390,34.847
470400,36.941
470410,38.355
470420,42.442
470430,35.812
470440,37.621
470450,39.269
470460,49.720
470470,37.683
470480,53.177
470490,35.955
470500,36.407
470510,36.762
470520,36.743
470530,38.202
470540,35.463
470550,48.096
470560,37.826
470570,35.373
470580,38.398
470590,34.639
470600,36.458
470610,51.122
470620,35.234
470630,36.759
470640,44.615
470650,35.240
470660,36.587
470670,32.475
470680,34.827
470690,33.330
470700,36.898
470710,37.998
470720,38.395
470730,39.085
470740,34.003
470750,45.532
470760,33.636
470770,35.243
470780,45.801
470790,31.828
470800,34.604
470810,35.919
470820,37.826
470830,39.451
470840,45.310
470850,34.597
470860,35.573
470870,46.832
470880,36.615
470890,37.108
470900,38.588
470910,38.089
470920,40.520
470930,57.606
470940,32.806
470950,34.229
470960,38.319
470970,34.824
470980,56.960
470990,32.353
471000,32.808
471010,36.150
471020,34.721
471030,35.696
471040,52.549
471050,35.277
471060,36.122
471070,43.518
471080,34.293
471090,35.671
471100,37.292
471110,33.992
471120,34.300
471130,54.399
471140,33.829
471150,45.689
471160,34.388
471170,43.932
471180,31.897
471190,36.017
471200,34.004
471210,48.585
471220,33.371
471230,54.796
471240,33.104
471250,59.808
471260,36.027
471270,32.472
471280,34.564
471290,34.503
471300,38.459
471310,33.503
471320,37.235
471330,33.971
471340,38.280
471350,33.563
471360,41.687
471370,34.338
471380,57.926
471390,36.219
471400,35.331
471410,36.228
471420,55.973
471430,35.604
471440,40.251
471450,33.685
471460,41.580
471470,32.900
471480,34.322
471490,34.085
471500,35.210
471510,42.322
471520,35.742
471530,36.921
471540,49.454
471550,33.594
471560,39.576
471570,34.361
471580,34.980
471590,45.605
471600,36.077
471610,36.509
471620,34.039
471630,36.661
471640,38.960
471650,56.045
471660,37.941
471670,34.783
471680,37.023
471690,34.692
471700,36.927
471710,38.859
471720,34.570
471730,56.888
471740,35.992
471750,38.988
471760,32.664
471770,37.114
471780,41.783
471790,33.681
471800,53.145
471810,34.632
471820,48.531
471830,32.144
471840,34.349
471850,40.209
471860,33.848
471870,35.811
471880,34.689
471890,46.776
471900,34.066
471910,58.273
471920,35.070
471930,34.525
471940,37.989
471950,34.636
471960,36.101
471970,36.282
471980,35.743
471990,37.900
472000,34.294
472010,36.773
472020,40.152
472030,34.516
472040,55.274
472050,34.760
472060,53.590
472070,36.213
472080,49.162
472090,34.146
472100,34.308
472110,35.917
472120,37.628
472130,35.242
472140,37.074
472150,47.271
472160,35.249
472170,36.046
472180,39.498
472190,33.307
472200,36.562
472210,43.425
472220,60.211
472230,33.800
472240,32.851
472250,36.557
472260,1060.098
472270,3869.637
472280,26016.969
472290,66843.063
472300,81898.680
472310,87396.141
472320,89431.000
472330,62134.688
472340,26837.633
472350,16055.750
472360,12089.989
472370,10624.332
472380,10084.950
472390,9816.385
472400,9527.661
472410,9380.130
472420,6196.294
472430,4974.107
472440,4528.811
472450,4358.675
472460,4290.166
472470,4262.739
472480,4248.581
472490,4238.777
472500,4444.303
472510,4710.178
472520,4795.876
472530,4815.318
472540,4813.133
472550,4421.858
472560,4279.645
472570,4221.402
472580,4194.752
472590,4183.194
472600,4178.712
472610,4176.798
472620,4168.255
472630,4436.171
472640,4711.908
472650,4780.965
472660,4808.174
472670,4697.693
472680,4341.744
472690,4212.345
472700,4159.167
472710,4139.437
472720,4121.801
472730,4120.041
472740,4110.834
472750,4108.866
472760,4468.546
472770,4666.821
472780,4736.606
472790,4763.849
472800,3922.259
472810,1447.462
472820,535.004
472830,199.191
472840,75.633
472850,30.139
472860,13.364
472870,7.208
472880,4.943
472890,4.211
472900,4.227
472910,12.539
472920,26.124
472930,34.713
472940,32.393
472950,34.982
472960,36.554
472970,39.483
472980,36.754
472990,31.541
473000,60.667
473010,35.363
473020,33.925
473030,38.995
473040,34.733
473050,43.722
473060,34.474
473070,57.585
473080,34.684
473090,35.501
473100,52.721
473110,35.780
473120,36.064
473130,36.313
473140,34.852
473150,55.634
473160,37.398
473170,35.619
473180,44.316
473190,33.551
473200,42.525
473210,33.829
473220,35.540
473230,37.732
473240,34.465
473250,41.091
473260,35.096
473270,47.221
473280,34.197
473290,54.525
473300,35.440
473310,34.404
473320,40.512
473330,32.475
473340,35.043
473350,60.433
473360,36.979
473370,36.781
473380,38.410
473390,37.343
473400,33.408
473410,35.691
473420,44.620
473430,35.755
473440,36.159
473450,61.893
473460,31.271
473470,33.924
473480,36.410
473490,38.757
473500,52.600
473510,36.229
473520,36.918
473530,51.966
473540,35.235
473550,35.221
473560,38.085
473570,44.499
473580,34.949
473590,37.383
473600,41.514
473610,33.733
473620,37.374
473630,44.501
473640,35.228
473650,49.366
473660,32.666
473670,36.208
473680,39.343
473690,34.679
473700,58.169
473710,33.872
473720,34.460
473730,56.774
473740,36.404
473750,46.772
473760,32.855
473770,52.298
473780,35.884
473790,34.581
473800,37.970
473810,34.143
473820,36.351
473830,34.851
473840,36.133
473850,56.835
473860,34.581
473870,35.356
473880,51.231
473890,54.107
473900,34.366
473910,32.518
473920,35.792
473930,35.575
473940,36.462
473950,36.708
473960,41.500
473970,34.849
473980,44.606
473990,34.019
474000,55.681
474010,35.579
474020,35.401
474030,37.719
474040,34.283
474050,37.456
474060,35.824
474070,50.862
474080,36.116
474090,56.341
474100,34.295
474110,35.904
474120,55.555
474130,34.543
474140,35.128
474150,44.399
474160,35.175
474170,59.695
474180,33.084
474190,44.522
474200,55.952
474210,32.500
474220,33.810
474230,39.040
474240,34.733
474250,34.720
474260,38.659
474270,39.404
474280,57.111
474290,35.483
474300,36.147
474310,39.700
474320,34.482
474330,36.231
474340,38.534
474350,53.109
474360,35.438
474370,49.851
474380,56.086
474390,32.456
474400,34.113
474410,37.061
474420,38.517
474430,61.396
474440,35.899
474450,36.628
474460,38.587
474470,36.596
474480,32.185
474490,34.707
474500,38.548
474510,35.074
474520,36.669
474530,39.428
474540,52.285
474550,33.203
474560,33.714
474570,54.652
474580,34.753
474590,44.532
474600,33.339
474610,47.961
474620,32.487
474630,36.992
474640,58.397
474650,36.258
474660,41.329
474670,32.394
474680,35.035
474690,37.678
474700,38.473
474710,56.388
474720,35.297
474730,33.984
474740,37.610
474750,33.629
474760,36.153
474770,51.323
474780,33.948
474790,35.596
474800,45.963
474810,35.809
474820,36.704
474830,38.571
474840,35.601
474850,36.255
474860,57.475
474870,39.177
474880,35.014
474890,36.714
474900,55.953
474910,33.757
474920,50.832
474930,35.847
474940,35.064
474950,37.528
474960,40.870
474970,39.551
474980,33.558
474990,36.126
475000,62.460
475010,34.034
475020,41.701
475030,34.758
475040,53.044
475050,33.707
475060,33.353
475070,52.288
475080,35.357
475090,36.420
475100,40.915
475110,34.777
475120,35.127
475130,50.403
475140,36.006
475150,37.528
475160,57.619
475170,36.552
475180,36.240
475190,36.438
475200,40.683
475210,34.235
475220,35.780
475230,37.395
475240,37.654
475250,33.880
475260,36.337
475270,60.658
475280,36.707
475290,35.289
475300,62.646
475310,37.140
475320,33.859
475330,61.195
475340,35.182
475350,34.641
475360,42.033
475370,34.448
475380,58.586
475390,36.135
475400,57.468
475410,34.531
475420,35.023
475430,37.239
475440,33.130
475450,37.560
475460,40.210
475470,34.932
475480,37.602
475490,39.957
475500,57.617
475510,35.032
475520,34.517
475530,55.563
475540,35.182
475550,34.979
475560,42.463
475570,33.942
475580,57.962
475590,35.857
475600,45.954
475610,32.920
475620,50.732
475630,32.016
475640,34.582
475650,42.482
475660,34.117
475670,35.367
475680,41.224
475690,36.592
475700,58.777
475710,36.480
475720,35.773
475730,37.851
475740,56.772
475750,35.481
475760,57.773
475770,35.488
475780,33.742
475790,56.836
475800,56.968
475810,33.098
475820,34.540
475830,40.471
475840,35.062
475850,36.431
475860,50.557
475870,33.543
475880,57.304
475890,34.523
475900,60.625
475910,34.464
475920,56.164
475930,33.856
475940,37.696
475950,32.487
475960,36.030
475970,38.648
475980,34.798
475990,45.720
476000,35.766
476010,35.931
476020,52.524
476030,33.733
476040,36.732
476050,38.097
476060,44.300
476070,35.085
476080,37.097
476090,38.155
476100,64.500
476110,35.652
476120,35.564
476130,38.213
476140,57.123
476150,36.102
476160,57.894
476170,32.484
476180,34.984
476190,47.465
476200,35.853
476210,50.809
476220,34.963
476230,33.459
476240,53.583
476250,34.975
476260,57.434
476270,32.722
476280,34.662
476290,45.235
476300,35.895
476310,36.710
476320,38.362
476330,39.894
476340,46.619
476350,53.090
476360,33.975
476370,35.998
476380,36.052
476390,36.594
476400,33.801
476410,48.733
476420,33.389
476430,35.884
476440,54.154
476450,37.581
476460,34.892
476470,47.782
476480,34.667
476490,34.520
476500,39.896
476510,57.537
476520,33.046
476530,34.862
476540,36.766
476550,38.719
476560,44.244
476570,34.719
476580,36.247
476590,43.723
476600,58.579
476610,32.952
476620,33.503
476630,35.241
476640,42.426
476650,33.033
476660,56.794
476670,33.752
476680,35.719
476690,36.260
476700,53.170
476710,37.188
476720,35.994
476730,50.472
476740,33.709
476750,36.632
476760,37.499
476770,42.916
476780,34.587
476790,37.899
476800,66.510
476810,34.813
476820,34.776
476830,55.443
476840,33.626
476850,35.378
476860,50.576
476870,34.179
476880,35.417
476890,55.845
476900,36.778
476910,35.200
476920,40.213
476930,33.195
476940,37.345
476950,35.204
476960,36.766
476970,41.412
476980,35.366
476990,37.759
477000,59.321
477010,36.522
477020,36.219
477030,50.679
477040,34.985
477050,55.333
477060,34.794
477070,32.540
477080,36.499
477090,34.371
477100,58.989
477110,33.109
477120,50.354
477130,33.586
477140,45.889
477150,34.487
477160,33.624
477170,46.239
477180,35.410
477190,36.728
477200,60.350
477210,36.282
477220,35.921
477230,38.520
477240,42.319
477250,34.395
477260,50.297
477270,34.500
477280,56.043
477290,34.919
477300,59.114
477310,43.473
477320,32.193
477330,31.391
477340,35.590
477350,39.121
477360,32.908
477370,45.913
477380,33.247
477390,35.445
477400,37.623
477410,39.033
477420,34.176
477430,45.491
477440,35.216
477450,54.590
477460,36.522
477470,34.833
477480,49.139
477490,35.984
477500,36.131
477510,43.937
477520,35.068
477530,35.797
477540,35.006
477550,56.578
477560,34.546
477570,35.765
477580,41.954
477590,33.546
477600,41.175
477610,33.394
477620,45.518
477630,35.294
477640,35.157
477650,40.964
477660,33.294
477670,36.540
477680,37.502
477690,44.445
477700,52.859
477710,33.164
477720,56.897
477730,44.078
477740,31.180
477750,32.441
477760,40.375
477770,33.525
477780,35.121
477790,42.236
477800,34.102
477810,36.556
477820,57.236
477830,34.627
477840,34.961
477850,42.870
477860,34.700
477870,35.724
477880,37.278
477890,46.287
477900,35.302
477910,50.068
477920,34.944
477930,34.998
477940,37.118
477950,39.477
477960,33.468
477970,56.958
477980,35.972
477990,47.995
478000,34.153
478010,35.644
478020,59.395
478030,37.552
478040,34.962
478050,44.849
478060,34.461
478070,34.955
478080,45.977
478090,35.929
478100,36.958
478110,39.402
478120,34.266
478130,44.427
478140,34.079
478150,36.418
478160,39.181
478170,35.803
478180,41.321
478190,34.759
478200,52.628
478210,34.114
478220,35.362
478230,37.165
478240,34.650
478250,37.284
478260,37.484
478270,40.217
478280,40.537
478290,47.037
478300,36.745
478310,39.183
478320,34.589
478330,48.600
478340,32.947
478350,34.000
478360,50.906
478370,35.017
478380,36.187
478390,38.813
478400,55.343
478410,32.277
478420,55.107
478430,33.842
478440,35.449
478450,46.175
478460,34.655
478470,50.906
478480,33.582
478490,35.822
478500,38.428
478510,38.466
478520,30.823
478530,54.979
478540,32.287
478550,33.402
478560,36.448
478570,38.904
478580,35.763
478590,63.310
478600,33.052
478610,33.506
478620,51.062
478630,34.808
478640,46.249
478650,33.778
478660,34.636
478670,45.636
478680,35.248
478690,35.808
478700,38.503
478710,36.212
478720,60.913
478730,35.764
478740,34.337
478750,40.953
478760,34.362
478770,54.748
478780,35.964
478790,48.997
478800,33.355
478810,48.338
478820,53.078
478830,32.696
478840,32.685
478850,36.998
478860,43.648
478870,32.869
478880,35.837
478890,36.975
478900,40.730
478910,34.947
478920,43.655
478930,33.870
478940,48.805
478950,34.051
478960,39.898
478970,30.434
478980,34.307
478990,32.900
479000,47.228
479010,33.880
479020,36.121
479030,59.743
479040,37.033
479050,55.087
479060,34.717
479070,35.361
479080,47.861
479090,34.266
479100,54.901
479110,32.128
479120,34.871
479130,36.783
479140,59.914
479150,37.127
479160,37.416
479170,37.382
479180,34.347
479190,36.259
479200,38.262
479210,34.170
479220,35.890
479230,54.224
479240,37.108
479250,34.953
479260,37.229
479270,38.569
479280,38.923
479290,58.739
479300,35.102
479310,34.707
479320,41.125
479330,35.142
479340,47.304
479350,32.729
479360,34.713
479370,38.149
479380,41.609
479390,36.570
479400,59.235
479410,35.184
479420,35.105
479430,39.971
479440,34.117
479450,36.213
479460,38.279
479470,33.594
479480,36.728
479490,49.021
479500,35.421
479510,47.671
479520,34.435
479530,34.636
479540,34.468
479550,46.219
479560,36.462
479570,35.845
479580,37.052
479590,36.714
479600,58.210
479610,35.039
479620,35.573
479630,40.012
479640,34.674
479650,51.597
479660,35.409
479670,34.366
479680,41.503
479690,34.726
479700,53.117
479710,33.698
479720,48.995
479730,30.829
479740,32.728
479750,35.366
479760,34.761
479770,36.514
479780,48.289
479790,34.898
479800,54.663
479810,33.474
479820,35.278
479830,37.385
479840,39.302
479850,39.594
479860,34.181
479870,34.551
479880,33.674
479890,37.497
479900,47.338
479910,35.173
479920,58.561
479930,36.357
479940,39.788
479950,32.952
479960,57.298
479970,33.776
479980,35.894
479990,57.979
480000,38.231
480010,35.592
480020,36.827
480030,62.283
480040,36.553
480050,50.591
480060,35.728
480070,56.814
480080,34.637
480090,36.403
480100,37.379
480110,41.223
480120,36.253
480130,35.743
480140,38.221
480150,34.612
480160,35.603
480170,32.958
480180,37.951
480190,34.659
480200,36.060
480210,34.696
480220,37.494
480230,32.997
480240,48.152
480250,33.284
480260,34.543
480270,49.460
480280,34.161
480290,60.058
480300,35.588
480310,37.004
480320,33.866
480330,35.997
480340,37.288
480350,38.467
480360,39.918
480370,35.125
480380,38.573
480390,55.971
480400,33.129
480410,34.427
480420,49.246
480430,35.700
480440,46.293
480450,32.147
480460,35.031
480470,54.364
480480,36.831
480490,35.487
480500,43.125
480510,34.823
480520,37.569
480530,59.986
480540,36.789
480550,34.944
480560,41.774
480570,33.684
480580,36.760
480590,38.394
480600,41.260
480610,35.888
480620,41.527
480630,33.800
480640,34.928
480650,44.206
480660,33.956
480670,36.936
480680,32.694
480690,55.358
480700,35.465
480710,43.473
480720,32.343
480730,50.984
480740,35.393
480750,35.708
480760,38.960
480770,35.238
480780,44.217
480790,34.233
480800,54.846
480810,33.033
480820,34.988
480830,38.982
480840,35.258
480850,35.749
480860,41.518
480870,35.175
480880,36.533
480890,58.202
480900,38.584
480910,35.477
480920,37.505
480930,40.839
480940,35.136
480950,35.085
480960,38.886
480970,34.338
480980,35.535
480990,41.694
481000,33.350
481010,44.441
481020,34.742
481030,35.322
481040,42.158
481050,47.361
481060,33.468
481070,34.745
481080,43.454
481090,34.333
481100,52.944
481110,35.749
481120,36.723
481130,32.943
481140,31.613
481150,36.052
481160,42.462
481170,34.378
481180,36.204
481190,34.202
481200,37.695
481210,48.072
481220,36.778
481230,35.518
481240,61.698
481250,35.091
481260,33.707
481270,33.063
481280,35.065
481290,49.824
481300,49.396
481310,32.166
481320,55.703
481330,35.072
481340,36.814
481350,55.218
481360,38.039
481370,33.832
481380,36.103
481390,38.815
481400,34.822
481410,58.541
481420,35.642
481430,49.455
481440,33.744
481450,57.240
481460,33.843
481470,34.302
481480,36.392
481490,43.914
481500,33.857
481510,34.892
481520,37.725
481530,38.280
481540,36.092
481550,60.028
481560,34.972
481570,54.859
481580,33.491
481590,35.546
481600,44.682
481610,35.651
481620,35.454
481630,58.575
481640,37.525
481650,34.895
481660,38.906
481670,34.326
481680,37.197
481690,40.762
481700,34.574
481710,56.640
481720,35.802
481730,57.692
481740,34.151
481750,34.343
481760,40.271
481770,34.243
481780,36.734
481790,42.707
481800,52.913
481810,31.916
481820,35.040
481830,33.472
481840,42.421
481850,34.031
481860,36.072
481870,38.081
481880,33.952
481890,46.805
481900,34.389
481910,36.368
481920,36.936
481930,38.001
481940,39.480
481950,35.207
481960,36.325
481970,38.468
481980,49.048
481990,34.900
482000,35.980
482010,32.902
482020,36.498
482030,46.207
482040,35.902
482050,36.457
482060,46.307
482070,39.068
482080,35.384
482090,36.369
482100,37.946
482110,35.160
482120,47.573
482130,34.255
482140,36.521
482150,59.090
482160,33.092
482170,33.735
482180,34.673
482190,52.254
482200,35.657
482210,34.601
482220,49.241
482230,32.755
482240,35.639
482250,46.768
482260,34.132
482270,39.784
482280,32.244
482290,35.408
482300,54.468
482310,35.662
482320,46.380
482330,35.770
482340,34.273
482350,49.086
482360,34.729
482370,47.430
482380,33.556
482390,35.352
482400,38.801
482410,39.632
482420,35.513
482430,36.505
482440,36.748
482450,34.042
482460,37.016
482470,59.653
482480,37.655
482490,35.953
482500,45.734
482510,36.656
482520,40.081
482530,35.477
482540,35.767
482550,42.950
482560,34.755
482570,57.997
482580,33.950
482590,35.659
482600,38.851
482610,49.097
482620,34.137
482630,56.910
482640,32.765
482650,35.028
482660,40.102
482670,35.741
482680,54.955
482690,35.146
482700,35.919
482710,44.496
482720,33.146
482730,35.336
482740,41.209
482750,33.612
482760,34.094
482770,33.186
482780,52.076
482790,33.796
482800,35.323
482810,38.603
482820,52.131
482830,33.547
482840,34.201
482850,62.561
482860,34.018
482870,45.248
482880,32.096
482890,36.066
482900,43.636
482910,33.935
482920,34.183
482930,37.332
482940,60.526
482950,38.407
482960,56.442
482970,37.384
482980,36.013
482990,37.910
483000,52.076
483010,34.748
483020,55.744
483030,36.393
483040,35.247
483050,41.571
483060,34.686
483070,35.621
483080,66.432
483090,35.632
483100,52.619
483110,32.493
483120,34.835
483130,50.892
483140,33.940
483150,35.727
483160,46.579
483170,34.780
483180,51.775
483190,33.662
483200,35.414
483210,56.704
483220,37.041
483230,36.720
483240,38.213
483250,41.627
483260,33.143
483270,37.263
483280,60.875
483290,36.141
483300,36.274
483310,52.319
483320,35.260
483330,53.092
483340,32.571
483350,34.670
483360,35.375
483370,33.446
483380,42.292
483390,47.449
483400,34.634
483410,34.216
483420,36.561
483430,39.659
483440,31.336
483450,34.295
483460,33.178
483470,35.330
483480,36.751
483490,47.199
483500,55.874
483510,32.253
483520,33.742
483530,36.631
483540,54.195
483550,32.172
483560,32.548
483570,40.255
483580,33.082
483590,35.202
483600,51.389
483610,35.160
483620,57.654
483630,34.116
483640,35.932
483650,61.038
483660,35.568
483670,34.498
483680,49.443
483690,34.501
483700,36.494
483710,60.119
483720,35.831
483730,35.347
483740,36.705
483750,33.022
483760,35.560
483770,34.368
483780,54.525
483790,34.119
483800,50.434
483810,34.393
483820,36.314
483830,32.300
483840,36.486
483850,36.916
483860,35.774
483870,36.907
483880,38.424
483890,41.187
483900,35.132
483910,34.542
483920,37.912
483930,50.865
483940,34.380
483950,35.687
483960,41.117
483970,33.794
483980,40.820
483990,34.551
484000,49.688
484010,34.447
484020,53.674
484030,34.138
484040,34.903
484050,37.061
484060,38.717
484070,36.614
484080,40.656
484090,36.009
484100,49.305
484110,34.812
484120,37.807
484130,33.481
484140,36.448
484150,40.722
484160,34.096
484170,36.354
484180,34.448
484190,34.472
484200,54.048
484210,36.938
484220,36.212
484230,37.646
484240,56.196
484250,35.044
484260,62.093
484270,35.304
484280,33.926
484290,45.758
484300,35.928
484310,34.045
484320,38.854
484330,35.358
484340,36.213
484350,34.375
484360,35.241
484370,36.862
484380,54.179
484390,36.436
484400,49.600
484410,34.574
484420,36.360
484430,37.644
484440,32.789
484450,49.701
484460,36.063
484470,36.513
484480,52.553
484490,34.473
484500,51.185
484510,31.602
484520,35.327
484530,38.740
484540,35.125
484550,35.737
484560,39.029
484570,36.264
484580,51.024
484590,35.638
484600,49.207
484610,32.759
484620,32.868
484630,37.776
484640,43.419
484650,37.723
484660,51.493
484670,34.692
484680,49.768
484690,33.423
484700,34.548
484710,37.545
484720,41.159
484730,36.459
484740,37.835
484750,46.513
484760,32.342
484770,37.536
484780,32.708
484790,56.928
484800,33.608
484810,42.630
484820,32.350
484830,47.067
484840,33.340
484850,56.874
484860,34.024
484870,34.499
484880,36.262
484890,34.371
484900,39.099
484910,34.674
484920,36.625
484930,41.898
484940,35.238
484950,37.650
484960,45.195
484970,34.784
484980,45.567
484990,36.400
485000,52.315
485010,32.489
485020,35.376
485030,60.675
485040,35.484
485050,35.193
485060,44.445
485070,33.474
485080,60.273
485090,36.256
485100,46.854
485110,32.597
485120,35.251
485130,36.442
485140,48.321
485150,34.594
485160,36.122
485170,46.461
485180,34.817
485190,35.307
485200,35.690
485210,35.669
485220,43.376
485230,34.697
485240,42.984
485250,34.747
485260,36.026
485270,57.949
485280,34.519
485290,38.048
485300,47.189
485310,31.080
485320,33.118
485330,30.962
485340,49.385
485350,33.673
485360,35.480
485370,40.353
485380,35.107
485390,53.792
485400,37.621
485410,38.776
485420,32.931
485430,35.133
485440,40.126
485450,34.419
485460,50.835
485470,34.031
485480,57.340
485490,37.313
485500,36.031
485510,37.200
485520,34.373
485530,35.875
485540,39.246
485550,34.446
485560,55.223
485570,36.565
485580,35.692
485590,44.971
485600,36.166
485610,35.972
485620,47.928
485630,34.272
485640,36.486
485650,38.827
485660,39.501
485670,54.318
485680,35.764
485690,34.942
485700,49.565
485710,33.004
485720,45.718
485730,34.816
485740,41.710
485750,30.853
485760,48.828
485770,33.091
485780,33.584
485790,38.439
485800,48.276
485810,32.932
485820,35.678
485830,36.324
485840,37.788
485850,57.460
485860,36.331
485870,44.051
485880,32.177
485890,51.778
485900,34.797
485910,40.693
485920,35.646
485930,47.005
485940,33.408
485950,36.101
485960,39.029
485970,34.840
485980,42.606
485990,33.721
486000,48.138
486010,33.754
486020,34.148
486030,36.797
486040,47.037
486050,46.818
486060,34.613
486070,34.272
486080,48.473
486090,33.716
486100,47.369
486110,33.372
486120,36.429
486130,57.708
486140,35.891
486150,35.648
486160,52.108
486170,33.378
486180,58.370
486190,35.419
486200,35.747
486210,41.729
486220,34.087
486230,37.768
486240,34.731
486250,41.704
486260,32.692
486270,35.641
486280,37.506
486290,39.305
486300,40.052
486310,35.660
486320,36.807
486330,49.160
486340,34.154
486350,35.483
486360,51.621
486370,36.363
486380,36.236
486390,45.491
486400,34.978
486410,35.987
486420,54.217
486430,34.864
486440,37.008
486450,38.548
486460,53.320
486470,36.277
486480,55.314
486490,35.159
486500,50.327
486510,33.522
486520,38.204
486530,33.114
486540,55.291
486550,36.077
486560,34.724
486570,38.546
486580,34.488
486590,42.943
486600,34.848
486610,36.165
486620,51.691
486630,39.820
486640,34.470
486650,44.392
486660,32.151
486670,56.797
486680,35.817
486690,34.650
486700,37.510
486710,38.894
486720,53.414
486730,34.628
486740,34.603
486750,37.006
486760,47.068
486770,37.011
486780,36.705
486790,37.216
486800,46.055
486810,33.714
486820,34.388
486830,33.764
486840,36.102
486850,47.335
486860,35.426
486870,36.374
486880,35.318
486890,60.590
486900,35.584
486910,35.754
486920,52.930
486930,35.986
486940,51.459
486950,33.070
486960,35.272
486970,38.366
486980,39.239
486990,38.365
487000,35.697
487010,47.210
487020,33.864
487030,44.041
487040,33.080
487050,36.383
487060,53.306
487070,34.822
487080,34.255
487090,50.857
487100,35.817
487110,37.143
487120,38.112
487130,55.983
487140,34.318
487150,33.689
487160,47.509
487170,34.793
487180,35.398
487190,36.380
487200,42.091
487210,34.898
487220,38.959
487230,33.614
487240,36.589
487250,37.584
487260,38.116
487270,52.835
487280,33.530
487290,33.762
487300,47.597
487310,34.844
487320,37.377
487330,53.488
487340,33.063
487350,46.500
487360,32.029
487370,36.812
487380,32.971
487390,42.015
487400,35.150
487410,35.043
487420,59.558
487430,36.338
487440,35.732
487450,43.720
487460,40.097
487470,30.402
487480,45.607
487490,34.163
487500,43.057
487510,36.573
487520,35.637
487530,54.439
487540,36.040
487550,50.378
487560,34.666
487570,34.082
487580,36.407
487590,45.295
487600,36.543
487610,47.708
487620,33.389
487630,35.464
487640,39.581
487650,55.119
487660,33.615
487670,33.865
487680,56.388
487690,35.414
487700,35.412
487710,45.057
487720,35.594
487730,37.322
487740,51.839
487750,34.005
487760,35.138
487770,46.305
487780,40.550
487790,33.232
487800,44.913
487810,32.795
487820,35.112
487830,41.535
487840,33.824
487850,43.457
487860,32.658
487870,52.003
487880,35.230
487890,34.900
487900,46.634
487910,33.556
487920,52.769
487930,33.121
487940,33.664
487950,40.298
487960,55.390
487970,34.477
487980,32.806
487990,36.307
488000,49.051
488010,34.883
488020,35.859
488030,37.414
488040,39.166
488050,63.131
488060,36.505
488070,36.109
488080,37.101
488090,38.770
488100,43.540
488110,32.961
488120,47.959
488130,34.820
488140,34.858
488150,40.118
488160,34.008
488170,43.799
488180,34.990
488190,36.789
488200,38.936
488210,40.784
488220,35.883
488230,36.398
488240,37.914
488250,37.522
488260,61.801
488270,36.972
488280,40.315
488290,33.054
488300,46.277
488310,34.874
488320,34.778
488330,36.989
488340,52.129
488350,35.902
488360,59.720
488370,34.903
488380,35.192
488390,54.520
488400,34.646
488410,35.638
488420,54.107
488430,34.283
488440,34.301
488450,50.080
488460,36.053
488470,46.941
488480,34.441
488490,35.178
488500,37.028
488510,34.543
488520,43.010
488530,34.009
488540,57.328
488550,32.959
488560,33.364
488570,49.619
488580,34.536
488590,36.020
488600,49.687
488610,34.840
488620,36.670
488630,44.836
488640,56.127
488650,35.237
488660,33.784
488670,42.717
488680,33.981
488690,35.391
488700,33.111
488710,45.491
488720,34.937
488730,35.318
488740,50.360
488750,35.572
488760,39.340
488770,33.267
488780,35.661
488790,34.715
488800,50.266
488810,33.523
488820,49.351
488830,33.910
488840,39.623
488850,33.833
488860,55.172
488870,34.132
488880,35.974
488890,50.294
488900,35.969
488910,53.137
488920,36.422
488930,32.567
488940,43.172
488950,34.231
488960,37.143
488970,34.174
488980,34.581
488990,50.541
489000,37.519
489010,52.941
489020,36.883
489030,46.133
489040,35.658
489050,35.049
489060,38.286
489070,31.337
489080,55.020
489090,36.415
489100,34.517
489110,47.839
489120,35.054
489130,35.163
489140,48.581
489150,34.741
489160,46.237
489170,34.862
489180,42.071
489190,34.742
489200,43.628
489210,34.656
489220,35.840
489230,37.102
489240,55.140
489250,34.150
489260,34.350
489270,37.303
489280,39.730
489290,43.308
489300,47.180
489310,32.061
489320,46.319
489330,33.479
489340,36.205
489350,39.719
489360,34.575
489370,36.622
489380,39.792
489390,34.303
489400,48.389
489410,33.030
489420,35.948
489430,38.688
489440,38.475
489450,34.588
489460,34.489
489470,36.151
489480,38.515
489490,41.774
489500,34.932
489510,36.813
489520,38.654
489530,52.279
489540,33.138
489550,49.322
489560,31.600
489570,33.867
489580,44.149
489590,34.485
489600,38.640
489610,32.835
489620,51.624
489630,34.505
489640,55.452
489650,34.024
489660,35.790
489670,38.454
489680,44.763
489690,33.548
489700,37.532
489710,32.993
489720,36.121
489730,39.204
489740,46.339
489750,32.111
489760,45.352
489770,34.390
489780,54.731
489790,35.223
489800,36.542
489810,37.033
489820,43.071
489830,34.693
489840,43.138
489850,35.121
489860,34.005
489870,37.697
489880,32.437
489890,37.776
489900,45.719
489910,35.032
489920,36.117
489930,39.064
489940,34.189
489950,36.125
489960,32.446
489970,41.273
489980,32.944
489990,35.871
490000,44.806
490010,34.999
490020,36.300
490030,42.392
490040,35.886
490050,38.208
490060,37.930
490070,40.438
490080,34.798
490090,36.805
490100,40.044
490110,36.066
490120,42.664
490130,33.703
490140,37.546
490150,31.219
490160,36.830
490170,33.096
490180,38.907
490190,34.209
490200,42.742
490210,32.770
490220,45.923
490230,33.572
490240,40.205
490250,33.724
490260,35.042
490270,49.762
490280,33.214
490290,34.135
490300,42.288
490310,31.048
490320,33.805
490330,35.920
490340,49.573
490350,34.118
490360,34.588
490370,34.786
490380,41.333
490390,37.306
490400,36.284
490410,56.155
490420,33.394
490430,35.023
490440,41.672
490450,48.026
490460,33.680
490470,35.248
490480,36.054
490490,34.060
490500,46.561
490510,32.380
490520,35.826
490530,34.052
490540,46.887
490550,34.594
490560,35.309
490570,58.367
490580,35.352
490590,56.028
490600,35.961
490610,35.992
490620,49.281
490630,35.029
490640,35.163
490650,49.355
490660,34.445
490670,34.865
490680,37.044
490690,34.234
490700,40.365
490710,32.828
490720,38.138
490730,33.380
490740,49.175
490750,32.869
490760,57.113
490770,36.395
490780,51.092
490790,34.537
490800,43.819
490810,32.887
490820,36.938
490830,33.147
490840,38.234
490850,33.265
490860,35.955
490870,35.989
490880,38.950
490890,34.744
490900,60.543
490910,37.700
490920,34.337
490930,37.624
490940,39.132
490950,34.447
490960,36.326
490970,39.209
490980,47.305
490990,34.960
491000,38.379
491010,56.208
491020,33.135
491030,33.607
491040,55.075
491050,36.636
491060,35.377
491070,42.228
491080,34.361
491090,38.181
491100,33.659
491110,53.034
491120,34.363
491130,49.167
491140,37.152
491150,35.271
491160,56.401
491170,35.818
491180,34.540
491190,56.314
491200,36.848
491210,35.328
491220,42.019
491230,33.529
491240,35.309
491250,49.274
491260,32.247
491270,35.016
491280,35.130
491290,33.578
491300,40.369
491310,36.225
491320,37.980
491330,38.732
491340,38.234
491350,39.753
491360,35.715
491370,38.148
491380,34.114
491390,51.159
491400,35.866
491410,57.768
491420,33.313
491430,33.816
491440,38.899
491450,34.090
491460,36.621
491470,51.519
491480,37.708
491490,39.436
491500,33.335
491510,41.906
491520,35.903
491530,53.480
491540,35.836
491550,34.701
491560,58.423
491570,37.658
491580,34.098
491590,57.908
491600,35.944
491610,53.460
491620,34.818
491630,35.792
491640,37.274
491650,61.525
491660,52.423
491670,33.384
491680,34.240
491690,37.359
491700,50.001
491710,35.926
491720,36.825
491730,37.236
491740,48.945
491750,35.863
491760,42.960
491770,33.534
491780,55.512
491790,34.918
491800,34.595
491810,41.418
491820,34.409
491830,52.346
491840,32.589
491850,33.388
491860,37.823
491870,37.697
491880,35.972
491890,57.972
491900,36.344
491910,35.636
491920,41.179
491930,32.728
491940,38.774
491950,34.203
491960,38.904
491970,53.857
491980,31.594
491990,33.010
492000,44.330
492010,34.848
492020,35.069
492030,61.065
492040,34.227
492050,34.064
492060,36.362
492070,34.394
492080,37.584
492090,48.363
492100,34.982
492110,58.620
492120,34.908
492130,34.639
492140,40.549
492150,33.627
492160,35.022
492170,38.737
492180,35.329
492190,36.799
492200,37.866
492210,39.116
492220,34.189
492230,54.669
492240,36.475
492250,35.053
492260,40.337
492270,31.909
492280,50.643
492290,35.629
492300,39.881
492310,32.929
492320,36.340
492330,39.397
492340,35.294
492350,37.039
492360,37.688
492370,35.818
492380,36.911
492390,43.663
492400,35.096
492410,36.694
492420,37.782
492430,39.019
492440,35.453
492450,39.930
492460,34.077
492470,45.590
492480,33.061
492490,34.084
492500,62.712
492510,37.146
492520,34.045
492530,37.473
492540,37.594
492550,35.036
492560,54.919
492570,35.948
492580,33.579
492590,45.969
492600,36.011
492610,35.306
492620,40.050
492630,33.862
492640,45.060
492650,34.608
492660,39.133
492670,35.613
492680,35.572
492690,59.056
492700,36.667
492710,34.652
492720,46.904
492730,32.568
492740,36.077
492750,60.762
492760,36.091
492770,34.779
492780,40.532
492790,34.088
492800,43.252
492810,34.157
492820,44.524
492830,31.414
492840,41.390
492850,33.696
492860,54.602
492870,34.231
492880,35.058
492890,37.634
492900,39.766
492910,55.098
492920,31.106
492930,33.724
492940,39.386
492950,32.339
492960,42.599
492970,32.724
492980,57.938
492990,35.692
493000,34.489
493010,57.589
493020,35.166
493030,36.541
493040,46.857
493050,34.228
493060,35.490
493070,38.347
493080,51.407
493090,34.958
493100,44.631
493110,54.299
493120,33.450
493130,55.255
493140,32.633
493150,34.700
493160,37.457
493170,39.053
493180,54.043
493190,36.621
493200,36.401
493210,37.681
493220,42.154
493230,34.390
493240,35.528
493250,35.003
493260,38.790
493270,50.956
493280,32.814
493290,35.339
493300,44.053
493310,34.057
493320,35.775
493330,59.044
493340,36.250
493350,36.523
493360,41.016
493370,34.940
493380,53.385
493390,34.263
493400,47.702
493410,32.219
493420,44.144
493430,30.143
493440,49.177
493450,33.355
493460,34.839
493470,37.716
493480,39.628
493490,34.458
493500,43.267
493510,33.478
493520,35.967
493530,44.098
493540,34.503
493550,34.757
493560,44.607
493570,34.196
493580,36.565
493590,38.605
493600,54.481
493610,32.747
493620,35.063
493630,38.584
493640,34.862
493650,39.290
493660,36.986
493670,36.306
493680,51.970
493690,34.197
493700,58.885
493710,33.848
493720,55.731
493730,34.656
493740,34.774
493750,37.168
493760,42.542
493770,33.963
493780,38.068
493790,52.611
493800,33.258
493810,35.538
493820,55.026
493830,36.049
493840,35.429
493850,39.956
493860,43.363
493870,32.620
493880,34.778
493890,55.719
493900,38.625
493910,34.770
493920,38.048
493930,34.489
493940,52.763
493950,34.760
493960,43.230
493970,35.568
493980,34.085
493990,36.582
494000,35.717
494010,44.000
494020,32.762
494030,34.022
494040,37.934
494050,56.310
494060,33.300
494070,33.596
494080,36.588
494090,59.226
494100,35.716
494110,36.016
494120,53.436
494130,35.670
494140,57.804
494150,33.704
494160,40.707
494170,31.408
494180,34.715
494190,39.379
494200,34.624
494210,52.236
494220,34.257
494230,34.540
494240,37.101
494250,39.482
494260,35.020
494270,34.862
494280,34.875
494290,36.120
494300,43.433
494310,33.823
494320,42.923
494330,33.217
494340,55.551
494350,33.274
494360,56.275
494370,36.338
494380,47.308
494390,33.614
494400,40.021
494410,32.732
494420,38.440
494430,55.412
494440,32.227
494450,37.869
494460,33.142
494470,35.745
494480,49.897
494490,35.849
494500,40.612
494510,32.026
494520,57.935
494530,36.132
494540,34.861
494550,41.855
494560,34.603
494570,42.579
494580,35.317
494590,34.700
494600,37.369
494610,38.898
494620,56.473
494630,34.302
494640,35.466
494650,37.314
494660,37.176
494670,35.095
494680,36.280
494690,34.189
494700,54.823
494710,36.003
494720,35.055
494730,62.670
494740,35.852
494750,33.987
494760,35.500
494770,48.536
494780,36.996
494790,51.428
494800,36.264
494810,35.585
494820,38.355
494830,38.366
494840,36.931
494850,35.132
494860,35.673
494870,38.377
494880,34.757
494890,55.476
494900,35.012
494910,40.014
494920,34.197
494930,44.937
494940,33.503
494950,34.424
494960,36.691
494970,37.572
494980,35.860
494990,39.839
495000,35.263
495010,34.959
495020,53.415
495030,32.411
495040,34.589
495050,47.565
495060,35.651
495070,42.855
495080,34.041
495090,34.813
495100,37.988
495110,51.714
495120,36.002
495130,44.701
495140,36.550
495150,35.258
495160,37.062
495170,42.335
495180,32.902
495190,35.032
495200,37.559
495210,31.161
495220,35.009
495230,41.904
495240,48.937
495250,34.740
495260,34.948
495270,36.048
495280,34.204
495290,37.783
495300,36.160
495310,36.727
495320,37.526
495330,38.128
495340,49.194
495350,33.556
495360,35.588
495370,45.097
495380,33.381
495390,54.441
495400,34.738
495410,36.030
495420,43.776
495430,34.029
495440,53.502
495450,34.663
495460,34.560
495470,58.007
495480,36.382
495490,35.127
495500,40.808
495510,33.140
495520,34.219
495530,34.622
495540,35.539
495550,38.686
495560,34.325
495570,35.738
495580,44.740
495590,35.169
495600,37.896
495610,39.361
495620,34.756
495630,51.131
495640,35.596
495650,34.879
495660,50.430
495670,34.508
495680,49.293
495690,34.180
495700,34.917
495710,54.703
495720,36.643
495730,46.235
495740,34.337
495750,32.531
495760,35.546
495770,40.065
495780,35.356
495790,37.794
495800,37.212
495810,46.503
495820,35.043
495830,34.927
495840,44.792
495850,33.406
495860,40.024
495870,33.441
495880,35.800
495890,39.295
495900,33.080
495910,35.903
495920,32.687
495930,58.100
495940,35.438
495950,53.842
495960,35.141
495970,57.719
495980,34.478
495990,34.593
496000,41.129
496010,34.097
496020,55.359
496030,34.620
496040,35.128
496050,40.544
496060,33.386
496070,36.454
496080,33.466
496090,39.669
496100,35.323
496110,36.664
496120,39.088
496130,34.425
496140,48.385
496150,35.706
496160,34.947
496170,43.877
496180,34.842
496190,36.417
496200,42.802
496210,41.229
496220,34.828
496230,54.814
496240,33.916
496250,34.103
496260,37.519
496270,35.355
496280,50.720
496290,33.330
496300,34.510
496310,40.912
496320,33.789
496330,47.370
496340,34.586
496350,36.417
496360,40.343
496370,42.492
496380,32.958
496390,53.957
496400,33.522
496410,34.822
496420,36.340
496430,59.342
496440,36.236
496450,56.511
496460,34.302
496470,45.764
496480,31.111
496490,34.365
496500,41.810
496510,34.964
496520,54.265
496530,34.764
496540,38.503
496550,32.773
496560,46.755
496570,32.555
496580,35.188
496590,40.039
496600,36.394
496610,36.975
496620,45.216
496630,35.881
496640,42.946
496650,33.827
496660,35.661
496670,41.224
496680,34.254
496690,34.830
496700,54.159
496710,35.863
496720,35.454
496730,53.489
496740,35.919
496750,33.980
496760,36.766
496770,34.316
496780,35.181
496790,41.249
496800,35.516
496810,37.281
496820,38.477
496830,42.385
496840,36.639
496850,38.501
496860,34.509
496870,53.920
496880,37.028
496890,35.829
496900,41.474
496910,34.382
496920,36.388
496930,40.951
496940,33.951
496950,36.120
496960,39.421
496970,36.129
496980,37.594
496990,55.003
497000,35.156
497010,33.580
497020,36.591
497030,33.612
497040,42.456
497050,32.578
497060,36.428
497070,41.316
497080,35.191
497090,35.147
497100,42.486
497110,33.949
497120,43.108
497130,33.350
497140,57.036
497150,35.688
497160,34.644
497170,37.812
497180,38.890
497190,37.889
497200,37.021
497210,58.229
497220,34.848
497230,36.953
497240,39.575
497250,34.635
497260,36.184
497270,46.374
497280,34.371
497290,50.276
497300,33.492
497310,36.014
497320,33.604
497330,34.384
497340,49.161
497350,34.790
497360,35.065
497370,58.334
497380,37.325
497390,35.501
497400,35.415
497410,34.186
497420,61.171
497430,35.926
497440,48.791
497450,36.282
497460,39.945
497470,33.175
497480,35.037
497490,43.553
497500,36.395
497510,40.147
497520,33.636
497530,35.373
497540,55.674
497550,37.056
497560,41.308
497570,32.983
497580,39.420
497590,31.394
497600,54.562
497610,36.397
497620,36.655
497630,37.630
497640,40.158
497650,34.655
497660,36.206
497670,40.971
497680,34.055
497690,48.404
497700,34.401
497710,35.485
497720,45.848
497730,34.553
497740,57.577
497750,34.107
497760,34.423
497770,35.220
497780,55.993
497790,35.081
497800,49.885
497810,33.755
497820,34.693
497830,58.152
497840,35.420
497850,36.487
497860,60.092
497870,34.886
497880,55.157
497890,33.993
497900,53.352
497910,33.830
497920,33.615
497930,46.335
497940,34.289
497950,35.205
497960,42.133
497970,34.305
497980,34.652
497990,43.589
498000,35.138
498010,35.325
498020,39.554
498030,36.186
498040,36.298
498050,56.219
498060,35.238
498070,36.173
498080,45.901
498090,35.274
498100,39.271
498110,31.817
498120,36.279
498130,42.511
498140,51.876
498150,34.226
498160,33.604
498170,39.750
498180,34.561
498190,36.048
498200,42.035
498210,35.294
498220,37.846
498230,32.403
498240,54.846
498250,36.950
498260,38.339
498270,31.296
498280,37.826
498290,32.743
498300,38.559
498310,32.838
498320,35.830
498330,36.638
498340,60.887
498350,35.631
498360,35.405
498370,58.473
498380,36.507
498390,37.171
498400,34.753
498410,36.453
498420,52.300
498430,35.742
498440,36.313
498450,43.663
498460,34.681
498470,34.805
498480,38.040
498490,34.176
498500,40.254
498510,33.928
498520,36.091
498530,38.232
498540,32.344
498550,50.256
498560,35.102
498570,34.681
498580,59.564
498590,35.197
498600,35.162
498610,56.463
498620,36.582
498630,35.420
498640,39.827
498650,32.461
498660,48.865
498670,34.996
498680,52.378
498690,33.115
498700,38.489
498710,32.764
498720,34.580
498730,38.296
498740,43.860
498750,33.944
498760,37.643
498770,34.003
498780,35.873
498790,51.823
498800,36.077
498810,36.712
498820,41.229
498830,35.348
498840,40.171
498850,33.179
498860,46.428
498870,33.693
498880,36.308
498890,44.336
498900,35.031
498910,35.916
498920,41.407
498930,34.703
498940,47.514
498950,34.835
498960,38.742
498970,30.928
498980,32.982
498990,37.865
499000,37.004
499010,35.990
499020,41.577
499030,35.312
499040,36.728
499050,45.633
499060,35.058
499070,35.333
499080,37.691
499090,39.573
499100,36.817
499110,37.639
499120,37.211
499130,48.854
499140,34.193
499150,59.452
499160,35.236
499170,39.554
499180,29.938
499190,53.341
499200,35.608
499210,36.537
499220,57.734
499230,36.076
499240,51.596
499250,33.356
499260,56.833
499270,34.034
499280,35.499
499290,44.247
499300,35.194
499310,35.538
499320,37.713
499330,56.047
499340,36.542
499350,36.219
499360,51.985
499370,37.639
499380,35.586
499390,37.918
499400,35.765
499410,55.553
499420,34.885
499430,36.628
499440,37.220
499450,39.367
499460,33.765
499470,60.902
499480,36.424
499490,34.419
499500,37.670
499510,35.107
499520,38.057
499530,34.607
499540,39.302
499550,35.270
499560,36.108
499570,38.910
499580,33.687
499590,35.152
499600,40.183
499610,36.008
499620,34.907
499630,38.624
499640,38.375
499650,31.902
499660,46.309
499670,33.716
499680,49.881
499690,36.152
499700,37.841
499710,31.578
499720,33.676
499730,50.348
499740,34.344
499750,47.818
499760,30.873
499770,34.283
499780,38.198
499790,34.870
499800,36.905
499810,38.133
499820,44.659
499830,36.299
499840,37.064
499850,34.261
499860,54.609
499870,34.479
499880,34.917
499890,59.224
499900,37.047
499910,54.674
499920,32.190
499930,35.034
499940,53.529
499950,33.771
499960,34.725
499970,36.832
499980,39.874
499990,37.530
500000,40.095
500010,35.011
500020,36.626
500030,41.701
500040,33.713
500050,35.273
500060,39.638
500070,34.727
500080,35.528
500090,46.142
500100,35.448
500110,35.935
500120,33.313
500130,36.258
500140,38.066
500150,39.541
500160,36.790
500170,36.475
500180,40.347
500190,35.063
500200,37.518
500210,34.823
500220,36.233
500230,40.388
500240,57.927
500250,34.308
500260,33.129
500270,37.127
500280,38.261
500290,39.714
500300,58.710
500310,35.456
500320,33.869
500330,38.690
500340,34.224
500350,50.824
500360,35.494
500370,46.558
500380,31.758
500390,44.818
500400,33.702
500410,36.386
500420,42.843
500430,34.927
500440,39.970
500450,33.205
500460,35.290
500470,37.076
500480,47.968
500490,34.641
500500,38.055
500510,41.410
500520,33.461
500530,42.893
500540,33.967
500550,36.082
500560,40.381
500570,33.859
500580,36.946
500590,49.614
500600,36.312
500610,57.697
500620,35.242
500630,35.340
500640,38.873
500650,33.960
500660,37.056
500670,40.765
500680,33.193
500690,33.836
500700,34.704
500710,54.029
500720,35.276
500730,35.586
500740,37.048
500750,51.013
500760,36.468
500770,36.507
500780,52.527
500790,36.083
500800,52.198
500810,35.038
500820,39.423
500830,32.343
500840,34.812
500850,41.301
500860,34.712
500870,36.773
500880,39.559
500890,35.536
500900,42.608
500910,34.488
500920,34.884
500930,50.491
500940,34.910
500950,35.179
500960,54.141
500970,36.947
500980,34.768
500990,35.850
501000,41.419
501010,35.565
501020,36.973
501030,38.813
501040,34.657
501050,36.392
501060,45.832
501070,36.074
501080,40.642
501090,32.515
501100,38.408
501110,33.617
501120,33.779
501130,45.533
501140,44.805
501150,34.044
501160,33.243
501170,36.255
501180,35.089
501190,57.912
501200,35.800
501210,32.701
501220,33.106
501230,39.490
501240,32.892
501250,52.877
501260,36.651
501270,47.326
501280,33.387
501290,34.485
501300,51.914
501310,36.832
501320,35.886
501330,57.450
501340,37.348
501350,35.282
501360,36.292
501370,45.155
501380,32.744
501390,34.197
501400,41.050
501410,34.977
501420,58.615
501430,35.055
501440,35.292
501450,40.615
501460,41.126
501470,31.702
501480,35.037
501490,36.953
501500,35.292
501510,36.682
501520,33.388
501530,33.957
501540,32.801
501550,41.626
501560,35.345
501570,47.759
501580,34.457
501590,38.301
501600,32.641
501610,34.779
501620,35.999
501630,34.112
501640,36.324
501650,46.863
501660,31.549
501670,32.182
501680,52.814
501690,34.872
501700,38.401
501710,33.975
501720,38.640
501730,32.773
501740,50.573
501750,34.982
501760,36.954
501770,38.958
501780,38.879
501790,39.480
501800,41.938
501810,57.726
501820,35.454
501830,33.256
501840,55.525
501850,33.340
501860,34.719
501870,41.433
501880,33.426
501890,34.897
501900,34.671
501910,43.747
501920,36.076
501930,35.547
501940,45.557
501950,34.875
501960,36.075
501970,32.590
501980,39.053
501990,32.837
502000,35.594
502010,58.584
502020,35.848
502030,36.514
502040,40.802
502050,34.269
502060,43.565
502070,34.356
502080,36.418
502090,37.346
502100,41.881
502110,35.239
502120,35.659
502130,39.446
502140,36.018
502150,36.444
502160,44.790
502170,56.589
502180,33.714
502190,34.515
502200,36.687
502210,30.973
502220,46.619
502230,37.531
502240,34.080
502250,35.745
502260,37.209
502270,34.947
502280,42.881
502290,33.677
502300,38.275
502310,32.692
502320,35.761
502330,38.217
502340,39.473
502350,38.861
502360,35.146
502370,54.228
502380,34.874
502390,35.741
502400,40.657
502410,34.476
502420,59.234
502430,35.512
502440,35.045
502450,32.973
502460,51.827
502470,34.297
502480,35.743
502490,39.587
502500,33.903
502510,59.665
502520,35.093
502530,62.169
502540,32.320
502550,56.845
502560,32.473
502570,34.881
502580,52.552
502590,33.901
502600,36.860
502610,52.731
502620,35.193
502630,55.050
502640,35.465
502650,43.729
502660,30.876
502670,34.752
502680,38.335
502690,33.345
502700,48.950
502710,36.386
502720,34.851
502730,42.936
502740,34.444
502750,35.509
502760,53.662
502770,35.572
502780,35.352
502790,38.499
502800,35.759
502810,40.486
502820,33.124
502830,35.793
502840,37.916
502850,33.987
502860,36.320
502870,32.608
502880,35.772
502890,38.122
502900,41.600
502910,36.574
502920,36.024
502930,40.262
502940,34.840
502950,47.932
502960,34.219
502970,35.872
502980,40.448
502990,31.717
503000,35.721
503010,32.662
503020,34.551
503030,48.126
503040,31.836
503050,35.690
503060,37.644
503070,50.937
503080,34.244
503090,36.252
503100,36.626
503110,44.143
503120,31.309
503130,35.471
503140,56.645
503150,34.805
503160,40.483
503170,52.482
503180,31.085
503190,33.645
503200,39.962
503210,32.240
503220,51.951
503230,35.788
503240,35.831
503250,36.581
503260,38.388
503270,39.371
503280,37.726
503290,36.130
503300,38.506
503310,39.511
503320,44.609
503330,35.699
503340,37.270
503350,49.726
503360,34.338
503370,47.875
503380,32.706
503390,36.048
503400,38.949
503410,32.595
503420,40.163
503430,55.398
503440,34.553
503450,48.295
503460,32.181
503470,32.952
503480,35.729
503490,34.849
503500,37.352
503510,34.637
503520,35.139
503530,51.172
503540,52.781
503550,31.912
503560,34.344
503570,36.490
503580,34.694
503590,36.055
503600,46.628
503610,34.298
503620,35.851
503630,38.189
503640,34.541
503650,48.359
503660,36.178
503670,46.188
503680,33.781
503690,35.008
503700,37.955
503710,40.397
503720,34.390
503730,34.893
503740,38.453
503750,34.849
503760,38.497
503770,33.989
503780,36.227
503790,33.802
503800,39.875
503810,33.307
503820,46.328
503830,34.818
503840,34.208
503850,47.728
503860,37.850
503870,35.323
503880,38.072
503890,38.968
503900,49.974
503910,54.229
503920,35.093
503930,35.172
503940,37.616
503950,37.843
503960,35.526
503970,43.134
503980,34.906
503990,32.832
504000,37.587
504010,33.398
504020,40.387
504030,33.100
504040,36.243
504050,48.940
504060,56.875
504070,32.822
504080,59.243
504090,34.096
504100,54.733
504110,34.480
504120,34.340
504130,42.160
504140,35.408
504150,34.375
504160,43.697
504170,33.192
504180,39.157
504190,33.132
504200,44.870
504210,34.753
504220,51.987
504230,37.533
504240,35.273
504250,36.449
504260,60.745
504270,36.659
504280,46.760
504290,35.233
504300,36.524
504310,33.886
504320,40.697
504330,32.581
504340,34.828
504350,37.513
504360,38.793
504370,41.194
504380,36.863
504390,41.613
504400,34.928
504410,35.964
504420,40.704
504430,38.160
504440,34.982
504450,36.172
504460,35.178
504470,55.714
504480,36.749
504490,35.423
504500,47.195
504510,34.659
504520,35.568
504530,36.976
504540,45.628
504550,33.898
504560,42.728
504570,33.598
504580,35.827
504590,45.171
504600,34.151
504610,34.392
504620,37.773
504630,39.662
504640,34.147
504650,36.265
504660,40.258
504670,34.376
504680,35.985
504690,45.073
504700,36.190
504710,36.177
504720,55.804
504730,32.638
504740,32.371
504750,36.141
504760,42.192
504770,35.204
504780,55.370
504790,35.059
504800,53.899
504810,31.792
504820,34.015
504830,51.627
504840,35.589
504850,38.867
504860,34.967
504870,42.351
504880,33.819
504890,35.944
504900,36.335
504910,33.431
504920,58.500
504930,34.859
504940,33.790
504950,60.677
504960,36.102
504970,35.704
504980,37.268
504990,39.790
505000,36.258
505010,41.430
505020,33.350
505030,36.146
505040,33.337
505050,47.996
505060,36.812
505070,34.664
505080,51.696
505090,35.898
505100,35.578
505110,32.831
505120,55.405
505130,36.461
505140,59.813
505150,33.978
505160,35.142
505170,54.588
505180,34.954
505190,34.975
505200,36.381
505210,32.282
505220,45.288
505230,54.805
505240,32.120
505250,34.115
505260,36.429
505270,48.844
505280,33.136
505290,34.099
505300,48.676
505310,35.396
505320,34.265
505330,35.987
505340,44.393
505350,35.197
505360,35.270
505370,36.463
505380,44.459
505390,34.309
505400,34.423
505410,30.246
505420,35.307
505430,32.895
505440,35.549
505450,37.840
505460,34.605
505470,38.847
505480,35.999
505490,54.065
505500,35.568
505510,34.918
505520,57.671
505530,36.149
505540,35.846
505550,37.477
505560,34.956
505570,39.547
505580,33.523
505590,36.311
505600,36.030
505610,33.122
505620,57.412
505630,37.610
505640,34.960
505650,36.520
505660,39.717
505670,32.455
505680,33.640
505690,36.918
505700,39.002
505710,34.734
505720,43.344
505730,34.309
505740,35.409
505750,49.563
505760,37.866
505770,36.270
505780,58.159
505790,35.517
505800,36.065
505810,37.159
505820,34.842
505830,59.969
505840,35.237
505850,36.017
505860,34.553
505870,34.495
505880,58.196
505890,37.126
505900,58.851
505910,35.974
505920,33.113
505930,41.945
505940,35.403
505950,55.690
505960,34.477
505970,34.368
505980,36.369
505990,38.224
506000,36.369
506010,38.594
506020,32.351
506030,35.575
506040,32.698
506050,36.305
506060,47.626
506070,32.366
506080,34.689
506090,59.918
506100,35.038
506110,34.592
506120,38.025
506130,65.338
506140,34.326
506150,34.038
506160,42.739
506170,34.699
506180,44.249
506190,36.269
506200,36.321
506210,33.311
506220,36.178
506230,33.596
506240,35.920
506250,39.454
506260,35.555
506270,57.905
506280,33.770
506290,41.819
506300,34.476
506310,34.477
506320,37.195
506330,54.229
506340,35.577
506350,35.364
506360,58.778
506370,35.739
506380,34.962
506390,57.295
506400,37.848
506410,34.915
506420,37.409
506430,42.995
506440,35.167
506450,40.415
506460,35.014
506470,37.003
506480,43.794
506490,35.539
506500,36.511
506510,60.008
506520,35.919
506530,34.523
506540,42.458
506550,33.928
506560,35.152
506570,36.788
506580,47.188
506590,32.334
506600,34.775
506610,33.177
506620,35.576
506630,42.596
506640,36.353
506650,37.413
506660,38.583
506670,55.127
506680,36.194
506690,35.235
506700,34.948
506710,33.276
506720,35.089
506730,46.765
506740,34.339
506750,33.772
506760,43.428
506770,35.315
506780,39.262
506790,34.925
506800,36.939
506810,37.463
506820,40.424
506830,33.098
506840,45.141
506850,34.186
506860,45.219
506870,34.575
506880,46.272
506890,32.069
506900,55.717
506910,34.992
506920,49.811
506930,33.598
506940,35.384
506950,40.130
506960,35.798
506970,36.345
506980,63.118
506990,36.849
507000,34.999
507010,36.019
507020,39.030
507030,34.776
507040,43.237
507050,35.327
507060,39.746
507070,33.439
507080,35.443
507090,55.484
507100,36.334
507110,35.443
507120,57.600
507130,35.417
507140,39.710
507150,34.015
507160,34.897
507170,44.725
507180,35.284
507190,44.180
507200,36.621
507210,34.656
507220,55.154
507230,36.243
507240,33.824
507250,36.725
507260,34.717
507270,36.275
507280,38.897
507290,34.711
507300,44.226
507310,35.509
507320,37.529
507330,36.406
507340,39.001
507350,34.783
507360,40.895
507370,33.504
507380,36.082
507390,38.019
507400,37.699
507410,34.322
507420,37.480
507430,38.114
507440,50.586
507450,33.656
507460,56.788
507470,34.137
507480,37.281
507490,55.002
507500,32.644
507510,56.074
507520,33.597
507530,52.776
507540,36.031
507550,34.699
507560,49.532
507570,36.430
507580,36.074
507590,60.527
507600,37.242
507610,35.108
507620,53.604
507630,33.178
507640,34.437
507650,33.392
507660,48.426
507670,35.090
507680,55.613
507690,34.522
507700,36.496
507710,43.162
507720,36.505
507730,34.370
507740,47.769
507750,54.215
507760,34.210
507770,34.418
507780,36.108
507790,43.510
507800,57.726
507810,32.134
507820,34.002
507830,52.537
507840,34.321
507850,37.968
507860,34.237
507870,51.468
507880,33.732
507890,33.617
507900,35.465
507910,34.682
507920,52.379
507930,36.176
507940,34.148
507950,36.399
507960,45.111
507970,32.785
507980,50.510
507990,33.580
508000,35.276
508010,57.468
508020,35.683
508030,36.238
508040,37.315
508050,55.196
508060,34.747
508070,34.121
508080,58.272
508090,33.589
508100,35.555
508110,40.796
508120,35.926
508130,57.994
508140,37.227
508150,34.516
508160,35.858
508170,32.975
508180,36.571
508190,56.750
508200,32.601
508210,34.425
508220,51.948
508230,34.119
508240,46.523
508250,33.321
508260,39.614
508270,33.092
508280,51.878
508290,36.630
508300,36.971
508310,35.969
508320,32.864
508330,34.508
508340,34.602
508350,44.541
508360,35.301
508370,37.159
508380,57.363
508390,37.862
508400,34.816
508410,36.702
508420,37.123
508430,36.057
508440,37.067
508450,37.041
508460,34.421
508470,53.678
508480,35.391
508490,36.455
508500,34.829
508510,44.038
508520,35.118
508530,55.729
508540,33.758
508550,36.205
508560,36.231
508570,37.696
508580,35.070
508590,37.706
508600,56.394
508610,35.207
508620,34.011
508630,34.912
508640,35.460
508650,35.078
508660,34.147
508670,42.234
508680,32.884
508690,40.523
508700,33.730
508710,55.404
508720,36.397
508730,49.775
508740,35.402
508750,36.046
508760,51.085
508770,47.712
508780,31.406
508790,39.291
508800,33.461
508810,36.898
508820,42.579
508830,51.461
508840,32.766
508850,49.312
508860,35.796
508870,33.855
508880,39.231
508890,33.605
508900,35.131
508910,33.963
508920,57.082
508930,34.390
508940,36.246
508950,36.871
508960,38.210
508970,35.156
508980,57.883
508990,36.391
509000,55.612
509010,35.135
509020,36.033
509030,44.613
509040,33.250
509050,35.714
509060,39.610
509070,34.796
509080,45.368
509090,33.512
509100,37.216
509110,34.147
509120,36.062
509130,46.094
509140,33.897
509150,52.196
509160,34.224
509170,34.475
509180,35.987
509190,34.515
509200,35.504
509210,45.744
509220,35.680
509230,39.263
509240,30.882
509250,34.639
509260,34.431
509270,32.451
509280,38.669
509290,33.596
509300,35.235
509310,54.905
509320,32.712
509330,33.760
509340,40.467
509350,33.909
509360,47.693
509370,34.372
509380,46.490
509390,35.604
509400,35.954
509410,38.059
509420,39.308
509430,43.065
509440,35.711
509450,36.300
509460,37.617
509470,33.574
509480,36.968
509490,52.375
509500,34.482
509510,56.633
509520,36.053
509530,54.779
509540,33.882
509550,33.632
509560,46.154
509570,37.842
509580,42.260
509590,32.164
509600,35.309
509610,40.271
509620,34.564
509630,56.609
509640,35.455
509650,33.173
509660,58.460
509670,34.016
509680,34.265
509690,31.799
509700,51.029
509710,33.447
509720,35.444
509730,32.864
509740,40.463
509750,52.294
509760,34.316
509770,33.283
509780,42.044
509790,48.048
509800,32.627
509810,34.922
509820,57.746
509830,36.288
509840,35.641
509850,58.002
509860,34.880
509870,46.434
509880,33.557
509890,33.599
509900,37.242
509910,53.190
509920,33.941
509930,53.903
509940,34.047
509950,51.655
509960,34.848
509970,33.021
509980,35.275
509990,33.647
510000,45.330
510010,35.521
510020,36.102
510030,41.350
510040,35.254
510050,61.449
510060,35.271
510070,35.474
510080,36.545
510090,49.501
510100,35.659
510110,35.806
510120,42.691
510130,34.929
510140,48.655
510150,36.642
510160,34.551
510170,36.715
510180,57.193
510190,35.920
510200,60.670
510210,33.520
510220,34.602
510230,37.044
510240,37.110
510250,48.924
510260,33.329
510270,33.805
510280,37.009
510290,35.208
510300,40.537
510310,34.005
510320,47.568
510330,34.036
510340,35.821
510350,38.221
510360,34.993
510370,46.199
510380,35.506
510390,48.167
510400,36.219
510410,33.896
510420,49.225
510430,33.893
510440,51.721
510450,35.075
510460,33.461
510470,35.715
510480,33.656
510490,57.978
510500,58.709
510510,33.186
510520,33.282
510530,38.533
510540,32.799
510550,35.173
510560,37.751
510570,34.187
510580,33.613
510590,36.600
510600,40.684
510610,36.155
510620,37.106
510630,61.179
510640,35.118
510650,57.502
510660,34.539
510670,60.138
510680,33.327
510690,52.232
510700,36.436
510710,33.599
510720,34.879
510730,43.386
510740,34.803
510750,51.811
510760,35.027
510770,40.423
510780,33.088
510790,35.642
510800,37.819
510810,46.242
510820,37.002
510830,37.799
510840,60.128
510850,34.927
510860,35.674
510870,48.043
510880,35.336
510890,59.546
510900,34.784
510910,50.051
510920,33.483
510930,37.551
510940,50.412
510950,32.789
510960,33.321
510970,36.153
510980,45.331
510990,36.358
511000,38.094
511010,62.106
511020,37.677
511030,34.972
511040,37.062
511050,38.639
511060,45.631
511070,35.513
511080,56.941
511090,49.030
511100,33.738
511110,49.261
511120,31.324
511130,34.754
511140,55.348
511150,36.573
511160,53.037
511170,32.949
511180,34.167
511190,44.082
511200,35.347
511210,35.432
511220,38.028
511230,48.147
511240,34.646
511250,57.584
511260,35.549
511270,34.883
511280,37.286
511290,60.003
511300,36.018
511310,36.304
511320,42.813
511330,34.610
511340,40.033
511350,34.106
511360,36.370
511370,47.497
511380,35.098
511390,35.891
511400,41.746
511410,34.505
511420,34.768
511430,45.755
511440,35.444
511450,36.304
511460,52.603
511470,37.589
511480,47.759
511490,33.801
511500,55.950
511510,33.324
511520,45.730
511530,33.282
511540,53.712
511550,32.637
511560,33.157
511570,37.722
511580,34.237
511590,49.483
511600,35.935
511610,36.116
511620,37.185
511630,47.959
511640,56.745
511650,33.655
511660,34.223
511670,46.695
511680,34.434
511690,38.827
511700,34.220
511710,37.178
511720,54.941
511730,37.237
511740,35.045
511750,52.172
511760,33.080
511770,35.808
511780,45.861
511790,35.242
511800,34.842
511810,60.679
511820,35.507
511830,56.222
511840,35.180
511850,35.600
511860,39.575
511870,34.016
511880,36.259
511890,42.844
511900,39.188
511910,36.124
511920,34.471
511930,33.409
511940,36.497
511950,33.543
511960,43.783
511970,34.728
511980,35.400
511990,47.961
512000,36.321
512010,33.729
512020,34.008
512030,31.841
512040,57.638
512050,36.457
512060,33.250
512070,39.547
512080,33.104
512090,49.480
512100,35.491
512110,35.218
512120,45.022
512130,33.659
512140,34.401
512150,33.580
512160,35.645
512170,44.118
512180,33.803
512190,43.992
512200,31.523
512210,32.992
512220,33.665
512230,40.488
512240,33.919
512250,36.331
512260,66.935
512270,35.922
512280,34.076
512290,35.846
512300,37.317
512310,35.828
512320,36.364
512330,33.569
512340,44.706
512350,34.095
512360,34.929
512370,38.413
512380,36.122
512390,41.716
512400,33.778
512410,35.393
512420,37.052
512430,37.356
512440,35.517
512450,50.270
512460,35.874
512470,35.188
512480,47.115
512490,33.573
512500,35.891
512510,52.091
512520,34.643
512530,35.300
512540,37.483
512550,40.238
512560,52.955
512570,33.325
512580,39.485
512590,33.008
512600,37.115
512610,37.408
512620,39.502
512630,40.597
512640,39.566
512650,34.984
512660,44.283
512670,32.615
512680,34.841
512690,38.370
512700,54.930
512710,34.902
512720,32.882
512730,42.669
512740,35.085
512750,40.631
512760,58.539
512770,31.808
512780,33.757
512790,42.533
512800,36.774
512810,35.213
512820,38.386
512830,44.176
512840,51.961
512850,32.559
512860,34.993
512870,39.322
512880,33.927
512890,36.132
512900,44.085
512910,31.548
512920,56.091
512930,33.123
512940,40.614
512950,31.840
512960,35.743
512970,37.871
512980,38.184
512990,41.911
513000,54.434
513010,33.810
513020,35.981
513030,39.384
513040,33.175
513050,35.523
513060,38.083
513070,54.796
513080,34.378
513090,35.003
513100,60.309
513110,35.319
513120,35.580
513130,37.526
513140,53.699
513150,35.176
513160,35.412
513170,51.552
513180,35.104
513190,63.342
513200,33.861
513210,33.258
513220,37.403
513230,34.949
513240,35.605
513250,45.829
513260,31.661
513270,37.337
513280,34.207
513290,53.140
513300,35.670
513310,42.077
513320,33.278
513330,48.701
513340,32.766
513350,54.452
513360,33.569
513370,35.430
513380,37.016
513390,54.894
513400,36.339
513410,45.941
513420,35.270
513430,36.568
513440,37.947
513450,33.478
513460,49.023
513470,34.017
513480,34.631
513490,55.361
513500,34.652
513510,35.662
513520,35.861
513530,35.225
513540,40.064
513550,31.769
513560,33.394
513570,47.572
513580,34.736
513590,55.911
513600,35.578
513610,35.829
513620,38.193
513630,48.780
513640,34.417
513650,35.364
513660,38.238
513670,34.720
513680,36.390
513690,39.503
513700,33.823
513710,41.329
513720,33.639
513730,36.078
513740,44.711
513750,34.619
513760,43.113
513770,34.286
513780,36.062
513790,54.417
513800,34.565
513810,57.865
513820,36.296
513830,35.047
513840,38.947
513850,35.109
513860,36.011
513870,41.177
513880,34.156
513890,57.748
513900,35.472
513910,36.122
513920,57.879
513930,34.688
513940,35.297
513950,40.698
513960,33.609
513970,44.998
513980,33.632
513990,57.138
514000,34.793
514010,35.116
514020,36.486
514030,33.201
514040,36.866
514050,40.568
514060,35.445
514070,36.175
514080,37.181
514090,38.629
514100,35.148
514110,52.576
514120,35.116
514130,33.972
514140,36.514
514150,33.647
514160,37.099
514170,56.773
514180,36.818
514190,37.079
514200,38.782
514210,38.898
514220,43.186
514230,35.580
514240,37.125
514250,33.932
514260,50.592
514270,34.490
514280,35.324
514290,58.823
514300,30.891
514310,32.731
514320,36.199
514330,34.287
514340,42.623
514350,34.288
514360,34.970
514370,37.084
514380,37.206
514390,39.578
514400,36.301
514410,37.631
514420,41.624
514430,36.510
514440,42.111
514450,32.810
514460,57.334
514470,36.865
514480,36.391
514490,45.861
514500,35.081
514510,53.000
514520,34.208
514530,46.430
514540,33.510
514550,39.911
514560,34.954
514570,34.988
514580,37.052
514590,60.434
514600,36.322
514610,35.667
514620,36.646
514630,34.324
514640,44.896
514650,33.312
514660,36.559
514670,39.884
514680,33.740
514690,41.789
514700,33.344
514710,46.113
514720,32.525
514730,35.000
514740,37.156
514750,38.491
514760,35.768
514770,55.967
514780,35.244
514790,52.541
514800,33.957
514810,34.869
514820,37.375
514830,43.570
514840,30.443
514850,33.554
514860,43.090
514870,51.779
514880,32.905
514890,35.404
514900,44.260
514910,37.464
514920,34.322
514930,40.493
514940,34.565
514950,35.315
514960,35.880
514970,42.240
514980,31.101
514990,43.125
515000,34.042
515010,35.193
515020,36.297
515030,33.680
515040,61.195
515050,35.998
515060,36.129
515070,55.440
515080,34.669
515090,34.678
515100,37.710
515110,44.421
515120,36.911
515130,39.595
515140,32.454
515150,44.404
515160,35.547
515170,59.236
515180,33.119
515190,47.319
515200,35.458
515210,33.931
515220,37.199
515230,35.472
515240,59.194
515250,36.183
515260,38.012
515270,33.432
515280,47.456
515290,55.665
515300,33.334
515310,34.080
515320,42.174
515330,33.418
515340,49.674
515350,33.979
515360,35.036
515370,36.972
515380,38.247
515390,40.439
515400,34.391
515410,37.226
515420,44.943
515430,36.372
515440,51.618
515450,34.635
515460,58.195
515470,33.526
515480,34.714
515490,43.536
515500,32.881
515510,57.393
515520,35.315
515530,34.926
515540,42.474
515550,34.513
515560,35.766
515570,37.694
515580,37.681
515590,34.440
515600,44.948
515610,45.866
515620,33.078
515630,33.013
515640,41.726
515650,34.294
515660,35.875
515670,45.309
515680,36.964
515690,36.188
515700,37.961
515710,38.377
515720,38.887
515730,41.063
515740,35.881
515750,36.760
515760,59.445
515770,35.341
515780,35.576
515790,40.225
515800,35.770
515810,60.290
515820,33.267
515830,44.024
515840,35.281
515850,51.342
515860,34.394
515870,35.196
515880,54.830
515890,37.030
515900,53.992
515910,35.037
515920,33.254
515930,34.911
515940,32.520
515950,48.313
515960,37.385
515970,34.803
515980,59.424
515990,36.870
516000,35.858
516010,58.386
516020,36.103
516030,55.507
516040,36.772
516050,52.209
516060,33.785
516070,34.461
516080,37.697
516090,57.808
516100,32.707
516110,35.730
516120,32.308
516130,35.609
516140,39.184
516150,31.475
516160,33.921
516170,45.315
516180,34.785
516190,41.924
516200,32.946
516210,35.157
516220,43.000
516230,36.105
516240,34.898
516250,35.147
516260,41.503
516270,34.578
516280,37.758
516290,46.067
516300,33.754
516310,54.528
516320,33.227
516330,33.353
516340,38.190
516350,34.214
516360,45.013
516370,34.215
516380,35.760
516390,52.854
516400,34.216
516410,45.841
516420,49.142
516430,34.671
516440,46.439
516450,31.701
516460,34.468
516470,57.115
516480,34.569
516490,35.896
516500,57.343
516510,36.653
516520,34.325
516530,36.180
516540,61.593
516550,36.404
516560,47.347
516570,33.738
516580,35.472
516590,62.347
516600,35.190
516610,34.593
516620,37.420
516630,58.248
516640,36.278
516650,34.978
516660,49.360
516670,36.207
516680,36.567
516690,43.888
516700,55.698
516710,34.865
516720,56.624
516730,35.524
516740,33.507
516750,35.729
516760,34.297
516770,51.742
516780,36.410
516790,40.178
516800,33.919
516810,40.777
516820,45.313
516830,31.148
516840,33.316
516850,36.421
516860,32.525
516870,55.086
516880,35.892
516890,43.812
516900,49.811
516910,30.911
516920,33.734
516930,55.154
516940,37.851
516950,35.076
516960,36.099
516970,46.613
516980,34.565
516990,35.864
517000,43.973
517010,33.147
517020,38.053
517030,33.228
517040,36.360
517050,33.628
517060,46.772
517070,35.135
517080,36.362
517090,60.784
517100,36.249
517110,48.433
517120,36.261
517130,34.818
517140,61.048
517150,34.777
517160,34.320
517170,37.306
517180,42.651
517190,35.446
517200,58.685
517210,35.521
517220,32.752
517230,37.562
517240,43.889
517250,34.660
517260,36.361
517270,33.634
517280,37.001
517290,34.950
517300,35.897
517310,38.708
517320,38.486
517330,34.816
517340,41.880
517350,34.253
517360,58.473
517370,36.157
517380,44.975
517390,36.666
517400,34.520
517410,39.235
517420,35.369
517430,35.815
517440,38.589
517450,35.499
517460,35.688
517470,34.963
517480,58.644
517490,35.505
517500,35.649
517510,48.556
517520,34.072
517530,56.441
517540,36.000
517550,33.688
517560,38.621
517570,34.518
517580,36.160
517590,61.512
517600,36.947
517610,36.047
517620,38.896
517630,33.591
517640,36.801
517650,46.150
517660,35.274
517670,35.948
517680,56.810
517690,37.346
517700,49.357
517710,33.920
517720,37.402
517730,32.125
517740,36.806
517750,40.740
517760,35.157
517770,36.063
517780,33.662
517790,54.713
517800,34.659
517810,33.864
517820,47.806
517830,35.570
517840,36.113
517850,38.525
517860,34.984
517870,36.396
517880,36.471
517890,35.332
517900,37.252
517910,39.516
517920,40.743
517930,54.173
517940,32.634
517950,55.831
517960,33.096
517970,42.711
517980,33.326
517990,36.018
518000,39.115
518010,35.269
518020,35.528
518030,33.080
518040,35.938
518050,38.147
518060,39.902
518070,41.561
518080,33.393
518090,47.233
518100,34.274
518110,32.829
518120,49.878
518130,35.019
518140,35.160
518150,51.046
518160,35.687
518170,35.612
518180,38.214
518190,45.921
518200,33.045
518210,34.515
518220,32.830
518230,45.739
518240,35.544
518250,35.943
518260,36.810
518270,35.866
518280,35.307
518290,34.800
518300,41.658
518310,32.402
518320,41.661
518330,33.005
518340,38.661
518350,34.084
518360,37.946
518370,35.072
518380,35.331
518390,37.077
518400,46.762
518410,35.564
518420,35.303
518430,36.816
518440,35.075
518450,37.678
518460,38.544
518470,37.725
518480,35.054
518490,38.747
518500,34.479
518510,35.889
518520,37.561
518530,38.975
518540,36.973
518550,55.341
518560,34.161
518570,34.658
518580,37.511
518590,50.732
518600,36.145
518610,35.402
518620,37.163
518630,37.827
518640,35.581
518650,39.484
518660,35.036
518670,36.350
518680,40.884
518690,35.068
518700,36.061
518710,38.115
518720,44.705
518730,35.585
518740,32.815
518750,35.856
518760,39.242
518770,34.551
518780,36.847
518790,46.501
518800,34.850
518810,35.829
518820,40.722
518830,35.436
518840,37.019
518850,36.597
518860,34.779
518870,57.940
518880,35.913
518890,60.079
518900,36.508
518910,34.537
518920,37.224
518930,55.746
518940,34.132
518950,33.672
518960,36.231
518970,35.634
518980,36.513
518990,40.034
519000,33.067
519010,54.786
519020,34.918
519030,51.186
519040,32.520
519050,34.857
519060,37.051
519070,38.038
519080,38.566
519090,59.891
519100,32.590
519110,33.957
519120,59.036
519130,34.769
519140,34.982
519150,40.686
519160,33.952
519170,35.757
519180,46.748
519190,34.928
519200,38.378
519210,33.357
519220,42.467
519230,50.174
519240,31.092
519250,36.759
519260,31.259
519270,35.411
519280,39.766
519290,35.697
519300,36.585
519310,53.454
519320,32.696
519330,52.029
519340,36.724
519350,35.425
519360,55.295
519370,35.340
519380,55.701
519390,36.711
519400,55.642
519410,35.097
519420,35.823
519430,51.827
519440,34.992
519450,34.855
519460,36.338
519470,33.961
519480,34.746
519490,35.045
519500,37.675
519510,39.309
519520,35.263
519530,53.151
519540,34.061
519550,35.677
519560,33.540
519570,37.749
519580,32.675
519590,45.394
519600,34.879
519610,35.588
519620,49.104
519630,52.452
519640,32.529
519650,54.782
519660,35.008
519670,34.857
519680,42.109
519690,35.399
519700,37.161
519710,58.606
519720,35.357
519730,36.891
519740,37.407
519750,60.705
519760,35.867
519770,34.629
519780,52.479
519790,34.475
519800,59.712
519810,33.268
519820,54.085
519830,33.536
519840,35.964
519850,38.272
519860,34.863
519870,38.201
519880,56.007
519890,37.927
519900,35.577
519910,36.465
519920,33.688
519930,37.995
519940,34.777
519950,35.165
519960,56.828
519970,33.518
519980,34.194
519990,40.926
520000,33.786
520010,36.356
520020,37.444
520030,38.276
520040,41.292
520050,34.567
520060,34.125
520070,34.583
520080,62.379
520090,35.540
520100,32.592
520110,39.980
520120,34.192
520130,36.548
520140,40.319
520150,31.579
520160,35.460
520170,38.858
520180,53.579
520190,35.265
520200,33.273
520210,44.693
520220,34.647
520230,39.194
520240,33.212
520250,39.454
520260,32.598
520270,41.563
520280,32.403
520290,60.336
520300,33.027
520310,33.802
520320,41.398
520330,33.350
520340,46.500
520350,34.014
520360,36.332
520370,48.519
520380,34.811
520390,53.154
520400,34.861
520410,36.312
520420,54.314
520430,34.488
520440,51.418
520450,33.774
520460,35.741
520470,36.883
520480,39.076
520490,53.358
520500,36.722
520510,36.526
520520,49.704
520530,35.403
520540,39.583
520550,32.885
520560,44.585
520570,34.974
520580,36.655
520590,49.115
520600,34.590
520610,58.155
520620,35.325
520630,36.641
520640,57.496
520650,35.037
520660,49.776
520670,33.669
520680,40.703
520690,53.082
520700,32.669
520710,55.828
520720,34.104
520730,34.274
520740,46.032
520750,35.862
520760,42.161
520770,33.353
520780,36.684
520790,50.533
520800,34.273
520810,51.462
520820,33.691
520830,48.955
520840,34.430
520850,36.079
520860,61.050
520870,34.588
520880,35.035
520890,61.796
520900,33.309
520910,35.933
520920,37.848
520930,39.767
520940,34.162
520950,61.908
520960,34.035
520970,34.088
520980,35.652
520990,38.895
521000,46.481
521010,33.821
521020,34.726
521030,35.861
521040,35.286
521050,37.868
521060,34.668
521070,37.254
521080,52.691
521090,33.090
521100,33.885
521110,55.838
521120,36.623
521130,36.521
521140,55.557
521150,36.826
521160,34.173
521170,37.190
521180,59.240
521190,55.240
521200,31.878
521210,32.024
521220,31.342
521230,50.695
521240,35.239
521250,38.842
521260,32.817
521270,45.006
521280,33.342
521290,37.900
521300,32.243
521310,35.752
521320,40.092
521330,35.971
521340,35.980
521350,38.884
521360,63.553
521370,35.778
521380,63.344
521390,33.712
521400,30.588
521410,34.068
521420,33.702
521430,36.722
521440,41.877
521450,34.543
521460,45.914
521470,34.399
521480,34.724
521490,40.910
521500,33.673
521510,35.903
521520,60.204
521530,34.612
521540,34.949
521550,44.747
521560,34.762
521570,36.414
521580,33.880
521590,47.271
521600,33.957
521610,50.950
521620,33.165
521630,33.948
521640,41.874
521650,33.682
521660,35.807
521670,36.142
521680,33.950
521690,48.257
521700,34.921
521710,36.259
521720,52.586
521730,35.025
521740,37.008
521750,39.353
521760,34.094
521770,38.311
521780,39.869
521790,42.932
521800,34.441
521810,49.455
521820,36.239
521830,36.236
521840,38.089
521850,35.116
521860,36.358
521870,36.680
521880,46.326
521890,37.064
521900,36.971
521910,37.801
521920,43.536
521930,34.743
521940,55.075
521950,35.236
521960,35.224
521970,45.173
521980,37.243
521990,56.730
522000,34.763
522010,34.078
522020,36.677
522030,41.335
522040,36.148
522050,59.503
522060,35.956
522070,33.858
522080,36.571
522090,49.425
522100,35.270
522110,36.910
522120,53.852
522130,36.677
522140,34.431
522150,36.125
522160,33.768
522170,39.815
522180,33.327
522190,36.087
522200,48.344
522210,35.823
522220,36.717
522230,42.650
522240,32.331
522250,45.746
522260,35.240
522270,33.344
522280,42.352
522290,33.839
522300,57.230
522310,33.933
522320,34.257
522330,36.134
522340,49.417
522350,34.716
522360,60.955
522370,35.288
522380,34.801
522390,39.612
522400,37.955
522410,34.689
522420,36.417
522430,63.200
522440,36.508
522450,34.788
522460,39.045
522470,34.192
522480,39.152
522490,52.075
522500,33.206
522510,34.230
522520,46.276
522530,35.809
522540,37.270
522550,43.564
522560,34.131
522570,55.310
522580,34.448
522590,36.760
522600,34.477
522610,38.377
522620,43.931
522630,32.228
522640,33.730
522650,49.318
522660,34.043
522670,50.900
522680,33.883
522690,37.247
522700,34.066
522710,37.582
522720,35.252
522730,35.040
522740,53.366
522750,34.473
522760,36.474
522770,37.182
522780,40.905
522790,35.589
522800,36.608
522810,37.084
522820,34.714
522830,38.626
522840,38.398
522850,61.573
522860,38.360
522870,36.170
522880,42.985
522890,54.399
522900,33.477
522910,33.449
522920,46.026
522930,35.510
522940,35.426
522950,38.237
522960,40.572
522970,34.053
522980,37.367
522990,38.204
523000,36.324
523010,59.018
523020,34.515
523030,35.127
523040,33.268
523050,36.769
523060,33.658
523070,36.549
523080,52.017
523090,35.719
523100,44.645
523110,34.113
523120,35.263
523130,41.493
523140,34.128
523150,43.185
523160,34.650
523170,35.698
523180,38.920
523190,55.213
523200,37.349
523210,36.263
523220,54.959
523230,38.920
523240,34.838
523250,36.756
523260,34.537
523270,35.913
523280,47.121
523290,34.831
523300,39.008
523310,32.984
523320,51.330
523330,33.215
523340,33.975
523350,56.476
523360,35.310
523370,34.855
523380,37.536
523390,55.894
523400,33.167
523410,34.446
523420,34.613
523430,34.085
523440,39.331
523450,36.040
523460,36.585
523470,37.095
523480,35.480
523490,40.548
523500,43.330
523510,34.412
523520,34.119
523530,41.599
523540,35.112
523550,56.720
523560,35.084
523570,35.241
523580,37.402
523590,54.388
523600,35.048
523610,35.547
523620,56.686
523630,37.429
523640,49.843
523650,33.343
523660,35.777
523670,33.421
523680,58.750
523690,36.819
523700,37.232
523710,32.438
523720,36.034
523730,58.714
523740,36.828
523750,35.632
523760,37.591
523770,37.669
523780,56.644
523790,37.240
523800,35.927
523810,55.548
523820,34.676
523830,35.841
523840,39.873
523850,45.714
523860,32.876
523870,33.428
523880,41.541
523890,51.186
523900,34.856
523910,33.665
523920,50.232
523930,33.654
523940,35.105
523950,37.207
523960,39.670
523970,34.961
523980,52.700
523990,36.858
524000,53.728
524010,36.769
524020,33.135
524030,35.046
524040,55.861
524050,33.673
524060,34.728
524070,40.383
524080,34.047
524090,54.974
524100,36.615
524110,37.110
524120,33.709
524130,57.343
524140,35.442
524150,34.300
524160,37.152
524170,59.002
524180,36.066
524190,58.802
524200,34.795
524210,35.245
524220,39.756
524230,34.532
524240,36.394
524250,37.233
524260,35.393
524270,55.668
524280,32.845
524290,53.417
524300,35.181
524310,36.065
524320,37.495
524330,40.613
524340,35.864
524350,57.539
524360,35.453
524370,45.597
524380,37.061
524390,53.600
524400,32.945
524410,48.224
524420,33.145
524430,35.414
524440,51.356
524450,34.770
524460,35.044
524470,39.396
524480,34.109
524490,44.922
524500,34.743
524510,46.512
524520,35.775
524530,34.726
524540,37.732
524550,33.967
524560,58.626
524570,36.859
524580,35.649
524590,50.740
524600,34.005
524610,36.244
524620,40.175
524630,47.040
524640,31.716
524650,40.809
524660,33.034
524670,55.307
524680,34.501
524690,49.916
524700,34.016
524710,40.970
524720,34.644
524730,34.288
524740,37.183
524750,33.932
524760,60.662
524770,34.794
524780,56.490
524790,37.054
524800,34.140
524810,60.031
524820,35.500
524830,36.836
524840,32.642
524850,50.500
524860,35.883
524870,42.895
524880,31.722
524890,35.702
524900,33.191
524910,36.889
524920,37.427
524930,51.288
524940,34.722
524950,35.155
524960,33.696
524970,35.103
524980,34.413
524990,36.885
525000,47.396
525010,36.181
525020,42.242
525030,33.122
525040,35.932
525050,41.667
525060,34.204
525070,52.543
525080,33.806
525090,35.732
525100,36.847
525110,34.830
525120,53.187
525130,35.512
525140,35.564
525150,37.353
525160,54.950
525170,35.451
525180,33.785
525190,50.520
525200,31.162
525210,33.377
525220,37.463
525230,49.509
525240,35.230
525250,37.834
525260,32.108
525270,34.870
525280,36.858
525290,48.520
525300,33.014
525310,55.615
525320,31.694
525330,54.934
525340,34.462
525350,35.663
525360,37.273
525370,33.289
525380,57.691
525390,36.099
525400,36.684
525410,32.262
525420,59.224
525430,35.192
525440,56.400
525450,34.480
525460,33.553
525470,35.486
525480,44.993
525490,33.879
525500,36.943
525510,30.682
525520,40.359
525530,42.186
525540,32.079
525550,33.802
525560,37.546
525570,35.078
525580,41.388
525590,35.518
525600,34.558
525610,36.114
525620,36.298
525630,34.273
525640,47.415
525650,35.465
525660,37.336
525670,37.527
525680,37.472
525690,51.236
525700,32.610
525710,55.149
525720,33.728
525730,35.194
525740,37.833
525750,34.318
525760,34.981
525770,37.767
525780,41.573
525790,35.821
525800,43.314
525810,33.016
525820,49.753
525830,33.967
525840,35.107
525850,38.250
525860,31.586
525870,59.854
525880,35.809
525890,51.038
525900,32.157
525910,44.868
525920,33.216
525930,53.436
525940,33.253
525950,35.493
525960,37.449
525970,44.900
525980,34.751
525990,51.375
526000,34.266
526010,34.827
526020,37.052
526030,51.872
526040,35.066
526050,55.265
526060,34.067
526070,34.511
526080,42.150
526090,35.292
526100,35.274
526110,36.009
526120,42.925
526130,34.308
526140,35.860
526150,37.760
526160,44.592
526170,33.931
526180,55.852
526190,34.777
526200,34.573
526210,36.544
526220,36.549
526230,37.778
526240,37.708
526250,39.568
526260,33.577
526270,56.445
526280,35.603
526290,51.661
526300,34.293
526310,43.890
526320,33.086
526330,42.258
526340,31.790
526350,36.718
526360,34.565
526370,34.043
526380,33.955
526390,35.782
526400,60.021
526410,36.841
526420,35.611
526430,39.663
526440,35.559
526450,37.148
526460,35.710
526470,36.736
526480,33.006
526490,42.423
526500,32.639
526510,35.109
526520,34.011
526530,34.524
526540,35.984
526550,46.232
526560,33.764
526570,35.502
526580,43.065
526590,34.379
526600,35.435
526610,47.491
526620,32.411
526630,35.607
526640,50.116
526650,34.610
526660,34.947
526670,37.553
526680,34.198
526690,57.150
526700,34.839
526710,45.337
526720,36.259
526730,35.148
526740,51.655
526750,34.706
526760,34.666
526770,37.024
526780,39.315
526790,35.427
526800,38.364
526810,40.434
526820,34.633
526830,51.801
526840,36.177
526850,53.508
526860,32.180
526870,39.732
526880,33.630
526890,48.538
526900,34.705
526910,35.450
526920,42.580
526930,35.606
526940,50.494
526950,33.382
526960,46.698
526970,33.407
526980,56.219
526990,35.901
527000,33.746
527010,49.124
527020,33.499
527030,34.764
527040,51.726
527050,33.407
527060,55.278
527070,35.510
527080,53.565
527090,34.848
527100,36.657
527110,32.327
527120,35.721
527130,42.584
527140,35.234
527150,50.599
527160,34.408
527170,36.198
527180,55.121
527190,38.115
527200,34.524
527210,47.768
527220,35.024
527230,51.560
527240,33.833
527250,43.385
527260,33.248
527270,37.045
527280,39.154
527290,48.718
527300,31.675
527310,34.035
527320,61.196
527330,36.033
527340,34.573
527350,52.968
527360,35.308
527370,34.768
527380,45.625
527390,49.596
527400,31.219
527410,34.143
527420,38.163
527430,33.946
527440,48.610
527450,34.178
527460,38.320
527470,31.277
527480,38.609
527490,35.162
527500,35.764
527510,39.012
527520,38.025
527530,39.217
527540,34.412
527550,52.985
527560,38.775
527570,35.476
527580,40.319
527590,53.855
527600,33.464
527610,32.761
527620,42.347
527630,33.212
527640,50.804
527650,34.314
527660,38.434
527670,33.006
527680,37.623
527690,35.353
527700,34.422
527710,36.554
527720,35.223
527730,56.663
527740,36.597
527750,54.579
527760,34.781
527770,34.891
527780,40.513
527790,50.701
527800,32.079
527810,33.088
527820,58.947
527830,36.166
527840,47.185
527850,32.678
527860,38.993
527870,33.472
527880,36.787
527890,50.136
527900,36.182
527910,52.790
527920,35.428
527930,36.426
527940,33.170
527950,38.674
527960,38.568
527970,30.857
527980,44.742
527990,51.086
528000,29.676
528010,33.536
528020,36.232
528030,51.768
528040,30.425
528050,55.311
528060,31.407
528070,47.129
528080,32.997
528090,35.861
528100,38.763
528110,53.095
528120,34.116
528130,48.268
528140,32.698
528150,41.315
528160,32.218
528170,42.374
528180,32.837
528190,36.948
528200,47.087
528210,37.498
528220,59.736
528230,34.011
528240,34.172
528250,58.542
528260,36.287
528270,38.673
528280,31.556
528290,35.904
528300,33.589
528310,52.954
528320,32.961
528330,35.287
528340,36.804
528350,33.387
528360,39.987
528370,33.743
528380,35.583
528390,52.791
528400,34.814
528410,34.695
528420,59.845
528430,37.154
528440,35.288
528450,36.259
528460,37.227
528470,34.946
528480,53.302
528490,35.762
528500,34.280
528510,60.095
528520,35.164
528530,41.103
528540,33.589
528550,50.616
528560,33.050
528570,40.440
528580,32.695
528590,58.120
528600,36.321
528610,33.615
528620,37.489
528630,34.510
528640,36.387
528650,37.621
528660,43.291
528670,35.364
528680,40.867
528690,34.498
528700,35.959
528710,37.260
528720,36.213
528730,37.317
528740,37.416
528750,33.878
528760,44.927
528770,35.467
528780,52.818
528790,46.631
528800,32.683
528810,32.686
528820,58.503
528830,35.484
528840,34.097
528850,54.607
528860,34.566
528870,35.562
528880,37.956
528890,49.589
528900,32.715
528910,33.168
528920,45.461
528930,34.705
528940,34.844
528950,35.859
528960,39.145
528970,34.524
528980,36.029
528990,45.069
529000,33.513
529010,34.860
529020,49.489
529030,35.087
529040,44.678
529050,53.340
529060,32.380
529070,34.249
529080,39.639
529090,47.108
529100,31.519
529110,34.519
529120,35.681
529130,35.424
529140,42.066
529150,35.812
529160,36.627
529170,61.171
529180,36.434
529190,34.471
529200,58.337
529210,37.094
529220,35.958
529230,39.576
529240,33.783
529250,56.500
529260,34.434
529270,35.410
529280,36.846
529290,52.269
529300,37.076
529310,37.220
529320,42.444
529330,34.114
529340,36.246
529350,36.998
529360,38.009
529370,45.755
529380,34.364
529390,38.729
529400,35.416
529410,35.554
529420,37.062
529430,39.563
529440,34.198
529450,61.935
529460,34.386
529470,34.157
529480,64.322
529490,36.086
529500,33.196
529510,36.103
529520,48.603
529530,37.143
529540,34.501
529550,38.142
529560,34.759
529570,36.607
529580,43.101
529590,48.179
529600,34.164
529610,33.618
529620,58.599
529630,35.728
529640,35.989
529650,38.698
529660,39.403
529670,37.908
529680,32.396
529690,57.602
529700,33.970
529710,35.195
529720,37.736
529730,41.248
529740,35.246
529750,47.813
529760,36.069
529770,35.646
529780,37.514
529790,53.608
529800,38.743
529810,33.333
529820,36.822
529830,58.574
529840,33.520
529850,33.140
529860,42.874
529870,33.233
529880,40.544
529890,34.172
529900,44.406
529910,33.248
529920,35.489
529930,33.392
529940,58.855
529950,35.963
529960,34.735
529970,42.466
529980,34.944
529990,54.016
530000,35.349
530010,35.421
530020,40.718
530030,33.328
530040,34.940
530050,33.816
530060,56.699
530070,35.730
530080,36.210
530090,51.757
530100,36.958
530110,36.774
530120,36.401
530130,37.595
530140,52.838
530150,34.873
530160,34.549
530170,36.562
530180,62.520
530190,37.814
530200,58.971
530210,33.468
530220,33.585
530230,55.152
530240,36.321
530250,36.147
530260,37.550
530270,39.144
530280,38.569
530290,40.302
530300,36.044
530310,37.129
530320,38.176
530330,34.438
530340,35.311
530350,51.883
530360,34.808
530370,36.072
530380,43.386
530390,34.485
530400,52.523
530410,35.709
530420,34.728
530430,37.148
530440,37.490
530450,34.381
530460,51.093
530470,35.053
530480,35.603
530490,47.981
530500,33.866
530510,34.549
530520,37.183
530530,34.112
530540,35.367
530550,58.396
530560,34.278
530570,40.408
530580,52.620
530590,35.916
530600,34.823
530610,34.405
530620,33.598
530630,41.367
530640,34.988
530650,38.188
530660,33.940
530670,35.830
530680,37.213
530690,46.353
530700,32.581
530710,59.262
530720,34.244
530730,34.139
530740,50.452
530750,35.885
530760,35.238
530770,41.373
530780,34.118
530790,37.151
530800,51.521
530810,32.511
530820,53.939
530830,33.482
530840,35.135
530850,49.666
530860,33.896
530870,40.731
530880,33.200
530890,45.335
530900,31.667
530910,33.483
530920,36.661
530930,34.270
530940,37.225
530950,40.177
530960,34.362
530970,37.224
530980,55.260
530990,34.359
531000,47.644
531010,34.198
531020,34.672
531030,36.541
531040,56.253
531050,37.475
531060,35.212
531070,36.283
531080,33.651
531090,38.959
531100,34.130
531110,59.410
531120,34.399
531130,43.534
531140,33.216
531150,35.405
531160,53.804
531170,36.562
531180,36.285
531190,34.495
531200,58.055
531210,35.769
531220,34.871
531230,37.691
531240,42.705
531250,34.016
531260,38.623
531270,53.739
531280,33.789
531290,46.963
531300,32.793
531310,34.664
531320,37.419
531330,36.624
531340,33.147
531350,34.558
531360,63.575
531370,34.688
531380,35.726
531390,56.739
531400,36.000
531410,35.474
531420,40.593
531430,35.597
531440,54.516
531450,35.450
531460,37.442
531470,33.824
531480,35.082
531490,37.966
531500,34.577
531510,43.680
531520,34.744
531530,35.423
531540,53.922
531550,37.480
531560,35.866
531570,38.433
531580,35.769
531590,37.545
531600,38.084
531610,52.958
531620,34.531
531630,35.325
531640,36.235
531650,60.090
531660,37.301
531670,36.267
531680,43.049
531690,33.618
531700,34.839
531710,44.462
531720,36.997
531730,48.950
531740,36.002
531750,58.244
531760,33.468
531770,47.167
531780,31.861
531790,35.129
531800,37.606
531810,35.691
531820,36.026
531830,43.977
531840,35.296
531850,43.234
531860,34.392
531870,35.764
531880,37.805
531890,57.602
531900,36.726
531910,36.459
531920,47.620
531930,35.889
531940,36.052
531950,37.410
531960,47.350
531970,32.426
531980,34.984
531990,36.725
532000,63.640
532010,36.991
532020,34.042
532030,41.765
532040,33.436
532050,38.276
532060,32.972
532070,41.049
532080,34.244
532090,35.475
532100,59.227
532110,38.950
532120,34.464
532130,41.149
532140,33.517
532150,47.408
532160,34.621
532170,57.081
532180,32.956
532190,41.919
532200,29.817
532210,33.472
532220,45.423
532230,34.847
532240,54.455
532250,33.896
532260,34.741
532270,33.828
532280,36.526
532290,35.976
532300,60.058
532310,36.708
532320,50.667
532330,33.407
532340,33.114
532350,37.033
532360,61.596
532370,35.820
532380,35.219
532390,40.748
532400,46.611
532410,31.896
532420,33.785
532430,36.424
532440,40.394
532450,34.382
532460,36.101
532470,37.516
532480,34.573
532490,37.363
532500,35.296
532510,56.399
532520,34.621
532530,35.474
532540,38.723
532550,38.421
532560,34.619
532570,49.345
532580,33.806
532590,45.817
532600,32.550
532610,41.655
532620,32.203
532630,35.221
532640,38.236
532650,35.837
532660,37.136
532670,41.704
532680,33.361
532690,40.400
532700,35.421
532710,34.453
532720,45.237
532730,38.020
532740,35.833
532750,36.859
532760,46.033
532770,35.158
532780,49.529
532790,34.573
532800,44.661
532810,33.133
532820,42.283
532830,34.297
532840,56.465
532850,35.514
532860,35.995
532870,45.240
532880,34.712
532890,44.829
532900,32.615
532910,35.376
532920,57.285
532930,36.720
532940,55.122
532950,34.738
532960,34.887
532970,45.546
532980,33.214
532990,45.815
533000,34.902
533010,36.462
533020,32.236
533030,40.427
533040,34.434
533050,35.576
533060,44.175
533070,38.303
533080,35.553
533090,43.899
533100,31.568
533110,39.474
533120,33.360
533130,49.994
533140,34.724
533150,34.172
533160,38.679
533170,34.959
533180,36.654
533190,36.597
533200,33.186
533210,36.345
533220,38.372
533230,39.253
533240,36.136
533250,40.526
533260,33.208
533270,54.162
533280,34.952
533290,43.485
533300,33.537
533310,33.840
533320,40.792
533330,34.327
533340,36.001
533350,41.848
533360,35.770
533370,36.307
533380,39.316
533390,43.514
533400,32.635
533410,33.014
533420,55.164
533430,35.644
533440,34.413
533450,42.894
533460,37.715
533470,36.349
533480,36.852
533490,40.521
533500,36.041
533510,36.344
533520,39.027
533530,40.169
533540,34.974
533550,36.269
533560,33.140
533570,35.549
533580,37.411
533590,43.147
533600,33.406
533610,35.660
533620,38.191
533630,40.089
533640,35.404
533650,40.386
533660,32.933
533670,54.375
533680,34.690
533690,44.458
533700,31.404
533710,34.553
533720,36.898
533730,38.153
533740,35.011
533750,42.649
533760,34.920
533770,36.305
533780,49.782
533790,36.491
533800,46.726
533810,34.794
533820,34.622
533830,36.881
533840,63.455
533850,37.932
533860,36.028
533870,37.797
533880,34.227
533890,46.712
533900,33.380
533910,33.570
533920,36.141
533930,34.702
533940,37.952
533950,33.411
533960,37.597
533970,42.084
533980,34.394
533990,57.365
534000,37.928
534010,36.333
534020,53.494
534030,33.952
534040,36.032
534050,39.609
534060,34.878
534070,36.977
534080,41.774
534090,35.205
534100,57.295
534110,35.249
534120,50.993
534130,32.862
534140,49.711
534150,34.843
534160,50.435
534170,34.111
534180,34.604
534190,62.300
534200,35.507
534210,34.388
534220,52.423
534230,34.401
534240,36.497
534250,36.877
534260,49.132
534270,34.620
534280,54.859
534290,36.099
534300,34.506
534310,57.959
534320,35.571
534330,34.449
534340,34.783
534350,33.360
534360,57.899
534370,35.265
534380,36.113
534390,39.761
534400,34.893
534410,36.684
534420,39.320
534430,44.425
534440,36.021
534450,56.205
534460,34.868
534470,52.051
534480,34.828
534490,41.395
534500,32.966
534510,44.142
534520,32.586
534530,39.470
534540,54.569
534550,33.958
534560,33.265
534570,44.725
534580,57.589
534590,32.941
534600,33.261
534610,34.806
534620,39.360
534630,54.955
534640,32.051
534650,33.947
534660,50.750
534670,33.536
534680,34.644
534690,43.362
534700,33.969
534710,35.805
534720,37.556
534730,35.343
534740,36.314
534750,33.264
534760,48.880
534770,33.764
534780,36.010
534790,34.566
534800,44.284
534810,34.067
534820,32.864
534830,35.727
534840,54.517
534850,36.303
534860,47.719
534870,34.611
534880,36.419
534890,45.478
534900,36.085
534910,41.135
534920,33.301
534930,35.841
534940,51.753
534950,35.273
534960,36.873
534970,40.446
534980,53.265
534990,32.452
535000,34.395
535010,36.624
535020,38.143
535030,39.203
535040,36.887
535050,44.285
535060,37.302
535070,36.563
535080,45.952
535090,35.900
535100,43.229
535110,37.516
535120,33.476
535130,34.220
535140,36.004
535150,57.694
535160,36.529
535170,53.975
535180,34.984
535190,34.892
535200,36.748
535210,45.065
535220,56.891
535230,32.504
535240,46.605
535250,56.847
535260,31.778
535270,32.971
535280,38.842
535290,33.826
535300,35.508
535310,33.658
535320,41.360
535330,32.596
535340,39.802
535350,33.608
535360,56.878
535370,36.622
535380,36.212
535390,39.472
535400,58.892
535410,33.717
535420,33.749
535430,45.529
535440,33.095
535450,35.053
535460,57.946
535470,34.733
535480,34.721
535490,38.787
535500,51.530
535510,32.063
535520,34.798
535530,37.135
535540,46.416
535550,34.192
535560,35.639
535570,39.281
535580,40.721
535590,46.588
535600,35.238
535610,35.748
535620,38.347
535630,41.533
535640,35.084
535650,36.962
535660,37.643
535670,39.532
535680,35.564
535690,40.420
535700,33.585
535710,49.448
535720,33.061
535730,45.964
535740,34.230
535750,35.143
535760,62.307
535770,35.752
535780,35.144
535790,45.654
535800,35.184
535810,56.855
535820,35.433
535830,33.438
535840,41.150
535850,34.669
535860,40.180
535870,33.506
535880,52.875
535890,35.238
535900,41.347
535910,32.686
535920,35.358
535930,47.719
535940,34.488
535950,33.638
535960,39.976
535970,33.083
535980,55.742
535990,35.595
536000,51.519
536010,32.563
536020,39.739
536030,31.807
536040,41.152
536050,34.824
536060,49.205
536070,33.783
536080,34.135
536090,42.375
536100,34.507
536110,56.654
536120,34.282
536130,45.121
536140,35.389
536150,51.674
536160,33.559
536170,50.583
536180,32.148
536190,34.896
536200,55.098
536210,36.954
536220,35.969
536230,46.606
536240,58.834
536250,31.950
536260,34.255
536270,32.650
536280,35.420
536290,40.998
536300,33.306
536310,32.426
536320,42.999
536330,32.477
536340,58.055
536350,36.025
536360,40.744
536370,34.426
536380,36.434
536390,43.427
536400,33.699
536410,41.786
536420,33.567
536430,34.836
536440,38.079
536450,37.332
536460,37.371
536470,45.898
536480,34.181
536490,36.613
536500,40.511
536510,34.272
536520,37.256
536530,66.180
536540,35.855
536550,33.214
536560,35.747
536570,41.993
536580,35.389
536590,43.223
536600,33.934
536610,44.732
536620,32.321
536630,34.738
536640,51.912
536650,36.309
536660,36.227
536670,35.587
536680,46.630
536690,34.961
536700,59.038
536710,33.416
536720,34.665
536730,51.971
536740,35.573
536750,37.085
536760,38.315
536770,42.644
536780,34.430
536790,40.757
536800,33.446
536810,35.094
536820,54.235
536830,36.330
536840,41.326
536850,32.628
536860,59.078
536870,33.809
536880,50.082
536890,35.751
536900,33.946
536910,45.398
536920,33.228
536930,35.289
536940,37.081
536950,36.186
536960,37.224
536970,37.448
536980,37.864
536990,43.211
537000,32.997
537010,34.895
537020,36.691
537030,34.625
537040,37.359
537050,55.341
537060,33.432
537070,32.792
537080,37.456
537090,34.323
537100,45.586
537110,33.973
537120,35.305
537130,39.777
537140,34.264
537150,35.412
537160,55.814
537170,35.051
537180,45.951
537190,33.390
537200,57.673
537210,35.083
537220,50.334
537230,33.383
537240,56.218
537250,35.103
537260,35.441
537270,34.119
537280,41.020
537290,35.641
537300,35.104
537310,36.210
537320,46.236
537330,32.753
537340,41.139
537350,33.045
537360,46.048
537370,33.892
537380,55.252
537390,37.334
537400,34.038
537410,54.536
537420,35.017
537430,34.552
537440,36.926
537450,37.949
537460,38.611
537470,46.834
537480,35.642
537490,37.761
537500,35.111
537510,39.126
537520,33.612
537530,38.941
537540,33.140
537550,35.842
537560,46.014
537570,34.186
537580,44.594
537590,34.340
537600,35.467
537610,37.068
537620,50.117
537630,36.339
537640,36.923
537650,40.006
537660,34.453
537670,51.284
537680,33.866
537690,41.160
537700,33.459
537710,55.245
537720,33.199
537730,34.630
537740,46.480
537750,35.015
537760,53.362
537770,36.610
537780,35.472
537790,37.998
537800,56.540
537810,34.229
537820,35.105
537830,47.830
537840,36.153
537850,49.596
537860,33.464
537870,34.763
537880,36.312
537890,60.463
537900,37.451
537910,35.717
537920,37.454
537930,37.414
537940,33.931
537950,52.406
537960,33.794
537970,34.073
537980,55.642
537990,37.229
538000,35.812
538010,37.959
538020,38.925
538030,35.806
538040,36.555
538050,39.075
538060,35.086
538070,35.958
538080,50.627
538090,35.021
538100,38.966
538110,33.342
538120,58.941
538130,34.545
538140,34.220
538150,53.514
538160,34.360
538170,35.556
538180,48.348
538190,37.212
538200,40.219
538210,32.342
538220,40.166
538230,33.583
538240,36.299
538250,36.663
538260,38.116
538270,55.180
538280,38.044
538290,56.942
538300,34.451
538310,34.428
538320,48.116
538330,35.277
538340,36.244
538350,40.526
538360,34.978
538370,47.183
538380,35.747
538390,40.689
538400,33.331
538410,41.780
538420,33.372
538430,54.442
538440,33.222
538450,41.099
538460,32.335
538470,41.005
538480,34.300
538490,40.522
538500,33.183
538510,37.827
538520,33.719
538530,54.296
538540,33.571
538550,35.313
538560,54.964
538570,36.051
538580,35.484
538590,42.699
538600,34.671
538610,55.879
538620,35.456
538630,35.544
538640,36.926
538650,37.773
538660,38.172
538670,43.204
538680,34.358
538690,42.250
538700,32.961
538710,41.759
538720,35.165
538730,35.291
538740,38.018
538750,38.182
538760,36.110
538770,38.921
538780,40.260
538790,59.360
538800,38.108
538810,36.438
538820,57.603
538830,36.385
538840,36.528
538850,37.842
538860,40.043
538870,34.452
538880,37.748
538890,34.069
538900,31.158
538910,41.787
538920,42.491
538930,34.519
538940,33.340
538950,33.857
538960,35.836
538970,34.600
538980,34.255
538990,36.500
539000,51.313
539010,34.680
539020,36.248
539030,38.137
539040,37.403
539050,35.530
539060,40.130
539070,35.178
539080,57.272
539090,35.046
539100,43.611
539110,34.317
539120,34.621
539130,37.026
539140,47.134
539150,35.114
539160,36.548
539170,38.034
539180,35.370
539190,41.007
539200,35.762
539210,38.441
539220,33.134
539230,42.607
539240,32.246
539250,36.814
539260,49.679
539270,33.181
539280,33.981
539290,43.228
539300,35.933
539310,54.626
539320,36.917
539330,34.540
539340,48.190
539350,34.273
539360,36.748
539370,49.813
539380,35.003
539390,39.954
539400,54.125
539410,31.418
539420,34.201
539430,36.617
539440,45.704
539450,34.168
539460,36.401
539470,60.708
539480,36.509
539490,35.425
539500,37.947
539510,33.622
539520,36.355
539530,38.973
539540,35.006
539550,38.111
539560,32.691
539570,40.967
539580,34.674
539590,40.516
539600,31.804
539610,52.291
539620,35.437
539630,33.812
539640,40.442
539650,33.424
539660,36.997
539670,49.545
539680,33.854
539690,55.523
539700,35.524
539710,35.762
539720,39.935
539730,34.213
539740,35.989
539750,36.937
539760,34.853
539770,32.557
539780,35.101
539790,41.953
539800,35.885
539810,37.158
539820,59.124
539830,36.692
539840,36.284
539850,51.826
539860,35.869
539870,47.463
539880,33.035
539890,39.972
539900,32.070
539910,35.246
539920,33.641
539930,50.053
539940,34.368
539950,36.379
539960,45.915
539970,34.274
539980,36.119
539990,41.573
540000,55.553
540010,33.921
540020,53.833
540030,32.808
540040,35.396
540050,57.700
540060,36.327
540070,46.309
540080,33.537
540090,36.489
540100,41.933
540110,44.181
540120,34.514
540130,34.281
540140,44.777
540150,33.603
540160,38.964
540170,33.437
540180,36.052
540190,37.452
540200,33.585
540210,37.021
540220,43.415
540230,35.524
540240,38.031
540250,33.994
540260,52.486
540270,35.928
540280,34.164
540290,37.774
540300,59.909
540310,33.984
540320,34.790
540330,37.789
540340,42.276
540350,33.645
540360,34.883
540370,42.420
540380,35.174
540390,41.300
540400,32.958
540410,34.400
540420,37.828
540430,55.896
540440,34.476
540450,35.775
540460,42.300
540470,34.166
540480,35.056
540490,42.067
540500,35.500
540510,35.515
540520,36.632
540530,34.464
540540,55.869
540550,34.940
540560,38.245
540570,53.980
540580,32.195
540590,58.685
540600,33.494
540610,34.652
540620,39.683
540630,33.512
540640,36.644
540650,51.498
540660,34.987
540670,49.259
540680,33.524
540690,53.399
540700,34.529
540710,34.426
540720,38.588
540730,35.043
540740,54.334
540750,34.170
540760,34.348
540770,37.375
540780,55.874
540790,36.596
540800,36.769
540810,38.321
540820,36.272
540830,56.231
540840,36.143
540850,35.304
540860,37.135
540870,41.881
540880,34.792
540890,37.447
540900,43.515
540910,32.252
540920,56.378
540930,33.609
540940,34.764
540950,42.802
540960,34.171
540970,46.613
540980,32.654
540990,39.033
541000,32.042
541010,41.153
541020,34.164
541030,34.506
541040,46.237
541050,34.084
541060,50.888
541070,34.086
541080,34.814
541090,34.693
541100,50.630
541110,33.907
541120,55.439
541130,35.728
541140,50.213
541150,35.272
541160,34.361
541170,39.734
541180,33.489
541190,40.594
541200,32.638
541210,42.807
541220,33.582
541230,59.109
541240,34.558
541250,34.540
541260,34.767
541270,33.191
541280,36.771
541290,35.924
541300,30.447
541310,32.775
541320,34.231
541330,43.266
541340,35.855
541350,45.968
541360,33.759
541370,58.323
541380,32.477
541390,50.497
541400,33.282
541410,34.825
541420,37.265
541430,33.696
541440,34.366
541450,37.650
541460,34.012
541470,34.158
541480,50.796
541490,35.341
541500,35.269
541510,50.745
541520,36.928
541530,35.974
541540,37.574
541550,38.404
541560,35.729
541570,48.136
541580,34.458
541590,40.080
541600,31.623
541610,35.499
541620,43.723
541630,32.146
541640,35.439
541650,37.621
541660,42.993
541670,38.122
541680,35.934
541690,42.168
541700,34.062
541710,36.686
541720,36.450
541730,34.070
541740,55.855
541750,34.675
541760,35.530
541770,37.223
541780,45.051
541790,35.469
541800,48.051
541810,35.220
541820,44.998
541830,35.472
541840,36.034
541850,46.608
541860,34.575
541870,36.619
541880,44.489
541890,34.835
541900,36.288
541910,44.015
541920,34.664
541930,40.615
541940,34.061
541950,41.888
541960,34.167
541970,35.423
541980,45.957
541990,34.793
542000,36.756
542010,37.410
542020,35.694
542030,43.614
542040,36.058
542050,36.133
542060,35.922
542070,45.338
542080,36.040
542090,37.906
542100,37.472
542110,38.940
542120,35.000
542130,35.231
542140,37.680
542150,45.950
542160,32.144
542170,34.503
542180,40.083
542190,32.457
542200,35.819
542210,36.195
542220,36.989
542230,35.877
542240,37.733
542250,38.652
542260,48.393
542270,35.405
542280,35.759
542290,42.467
542300,34.512
542310,42.781
542320,32.900
542330,35.256
542340,34.246
542350,39.782
542360,36.145
542370,35.022
542380,45.075
542390,34.368
542400,38.178
542410,32.895
542420,35.591
542430,38.582
542440,35.960
542450,35.403
542460,50.444
542470,35.497
542480,48.731
542490,35.545
542500,54.065
542510,35.853
542520,34.712
542530,44.726
542540,33.634
542550,36.104
542560,44.077
542570,33.758
542580,35.809
542590,38.775
542600,39.090
542610,40.439
542620,36.588
542630,62.176
542640,35.747
542650,41.487
542660,34.085
542670,52.420
542680,32.414
542690,34.804
542700,42.295
542710,56.552
542720,33.646
542730,33.615
542740,37.964
542750,36.914
542760,32.337
542770,34.825
542780,58.019
542790,36.145
542800,36.327
542810,37.936
542820,33.012
542830,49.075
542840,33.329
542850,56.097
542860,35.574
542870,34.906
542880,49.654
542890,35.209
542900,57.071
542910,33.694
542920,56.452
542930,33.895
542940,33.082
542950,35.975
542960,60.719
542970,36.455
542980,57.320
542990,36.544
543000,35.497
543010,42.290
543020,35.444
543030,35.921
543040,41.494
543050,44.060
543060,34.451
543070,32.648
543080,37.173
543090,34.650
543100,36.162
543110,37.807
543120,37.132
543130,39.231
543140,33.975
543150,34.726
543160,42.172
543170,33.536
543180,36.652
543190,40.674
543200,35.115
543210,38.319
543220,33.523
543230,45.142
543240,35.114
543250,33.975
543260,60.746
543270,35.405
543280,50.288
543290,35.667
543300,33.627
543310,37.617
543320,33.864
543330,36.396
543340,37.574
543350,39.495
543360,36.597
543370,40.567
543380,33.527
543390,38.096
543400,33.586
543410,35.513
543420,46.099
543430,32.991
543440,35.259
543450,33.362
543460,36.438
543470,55.665
543480,33.561
543490,36.642
543500,32.386
543510,48.058
543520,33.795
543530,35.748
543540,60.821
543550,35.207
543560,34.312
543570,36.944
543580,41.489
543590,35.646
543600,42.932
543610,33.132
543620,55.027
543630,34.414
543640,33.704
543650,44.810
543660,34.441
543670,57.962
543680,34.315
543690,56.224
543700,33.796
543710,34.648
543720,38.227
543730,43.100
543740,32.594
543750,53.760
543760,35.131
543770,34.235
543780,37.465
543790,36.403
543800,31.760
543810,44.745
543820,34.007
543830,36.570
543840,44.868
543850,33.690
543860,49.187
543870,33.381
543880,34.891
543890,34.832
543900,33.649
543910,36.312
543920,38.549
543930,39.627
543940,33.547
543950,60.397
543960,35.426
543970,44.499
543980,34.014
543990,37.600
544000,33.102
544010,35.238
544020,37.482
544030,38.223
544040,42.330
544050,35.108
544060,35.624
544070,36.847
544080,34.901
544090,37.720
544100,33.975
544110,58.895
544120,33.486
544130,34.386
544140,44.330
544150,34.233
544160,37.402
544170,32.794
544180,44.188
544190,33.671
544200,51.682
544210,34.681
544220,34.833
544230,40.139
544240,34.475
544250,37.054
544260,44.793
544270,35.750
544280,50.433
544290,34.506
544300,35.888
544310,44.835
544320,34.864
544330,34.101
544340,35.607
544350,38.013
544360,35.890
544370,36.569
544380,38.789
544390,38.407
544400,57.003
544410,33.633
544420,59.563
544430,33.992
544440,55.964
544450,34.057
544460,51.653
544470,34.917
544480,35.124
544490,36.843
544500,32.231
544510,34.623
544520,41.368
544530,34.218
544540,58.012
544550,35.866
544560,36.504
544570,37.182
544580,49.100
544590,37.201
544600,37.660
544610,44.911
544620,37.159
544630,35.147
544640,39.019
544650,41.594
544660,34.184
544670,35.932
544680,35.144
544690,39.720
544700,33.892
544710,47.896
544720,35.285
544730,57.407
544740,33.053
544750,35.345
544760,32.253
544770,42.566
544780,33.525
544790,36.337
544800,38.395
544810,37.915
544820,35.736
544830,54.488
544840,35.833
544850,42.722
544860,32.952
544870,44.792
544880,32.753
544890,38.580
544900,32.436
544910,44.855
544920,33.401
544930,54.971
544940,33.649
544950,35.829
544960,36.184
544970,38.563
544980,45.516
544990,35.683
545000,36.199
545010,37.336
545020,62.979
545030,36.028
545040,34.505
545050,36.880
545060,37.996
545070,43.894
545080,35.741
545090,40.080
545100,35.268
545110,34.086
545120,35.397
545130,37.433
545140,54.296
545150,34.559
545160,35.966
545170,44.031
545180,43.337
545190,33.566
545200,56.076
545210,35.628
545220,36.228
545230,36.388
545240,38.192
545250,52.507
545260,31.852
545270,34.797
545280,59.519
545290,36.303
545300,33.990
545310,59.277
545320,36.844
545330,35.323
545340,59.237
545350,34.528
545360,33.568
545370,43.865
545380,33.408
545390,37.095
545400,34.026
545410,36.907
545420,55.587
545430,35.534
545440,34.719
545450,40.732
545460,34.657
545470,50.219
545480,33.069
545490,48.262
545500,33.000
545510,40.101
545520,33.534
545530,49.299
545540,36.433
545550,35.417
545560,48.701
545570,56.275
545580,32.752
545590,35.115
545600,35.503
545610,42.320
545620,35.035
545630,36.351
545640,37.714
545650,37.261
545660,59.401
545670,36.406
545680,36.090
545690,34.031
545700,31.594
545710,36.880
545720,34.680
545730,38.878
545740,33.522
545750,46.063
545760,56.417
545770,32.475
545780,33.570
545790,50.683
545800,36.451
545810,34.374
545820,41.696
545830,33.525
545840,49.478
545850,34.271
545860,36.159
545870,34.220
545880,36.783
545890,41.861
545900,34.920
545910,53.851
545920,35.186
545930,34.130
545940,37.453
545950,34.155
545960,37.641
545970,32.999
545980,47.114
545990,36.162
546000,35.215
546010,59.095
546020,36.523
546030,39.416
546040,33.258
546050,34.607
546060,34.981
546070,36.313
546080,59.056
546090,34.828
546100,35.412
546110,37.671
546120,58.959
546130,36.325
546140,33.870
546150,35.091
546160,33.213
546170,43.304
546180,33.088
546190,36.773
546200,36.486
546210,39.660
546220,47.070
546230,34.527
546240,41.997
546250,35.286
546260,38.815
546270,33.771
546280,35.575
546290,40.856
546300,55.273
546310,34.175
546320,34.466
546330,58.421
546340,36.048
546350,35.842
546360,36.889
546370,38.882
546380,35.632
546390,37.811
546400,38.886
546410,34.571
546420,36.101
546430,38.191
546440,34.612
546450,36.579
546460,57.657
546470,36.835
546480,35.779
546490,38.507
546500,33.311
546510,36.434
546520,38.772
546530,55.498
546540,34.880
546550,33.005
546560,41.693
546570,35.651
546580,35.133
546590,40.453
546600,33.179
546610,35.792
546620,51.502
546630,35.436
546640,36.507
546650,40.464
546660,49.098
546670,32.298
546680,32.703
546690,37.003
546700,35.326
546710,36.548
546720,39.891
546730,34.292
546740,36.246
546750,44.419
546760,35.468
546770,36.483
546780,37.759
546790,35.294
546800,52.594
546810,32.690
546820,34.307
546830,43.879
546840,35.977
546850,42.553
546860,33.441
546870,36.131
546880,45.519
546890,36.213
546900,36.737
546910,37.290
546920,37.849
546930,35.773
546940,47.154
546950,35.071
546960,56.674
546970,34.456
546980,57.902
546990,35.514
547000,34.183
547010,34.633
547020,47.675
547030,32.618
547040,34.303
547050,42.189
547060,33.778
547070,35.932
547080,55.297
547090,37.437
547100,36.104
547110,44.979
547120,34.153
547130,35.756
547140,59.419
547150,35.946
547160,35.747
547170,38.864
547180,35.625
547190,37.941
547200,34.001
547210,59.371
547220,35.253
547230,34.998
547240,35.943
547250,37.380
547260,40.359
547270,59.567
547280,32.842
547290,35.144
547300,43.650
547310,53.533
547320,31.771
547330,35.427
547340,37.523
547350,38.909
547360,37.669
547370,36.516
547380,36.631
547390,34.505
547400,36.598
547410,52.863
547420,35.351
547430,33.996
547440,36.663
547450,55.197
547460,36.625
547470,38.542
547480,34.141
547490,39.096
547500,33.944
547510,44.785
547520,36.322
547530,50.767
547540,35.506
547550,35.119
547560,57.926
547570,34.974
547580,35.629
547590,37.423
547600,38.313
547610,39.661
547620,40.304
547630,35.920
547640,57.708
547650,35.523
547660,45.106
547670,32.861
547680,35.164
547690,35.438
547700,33.048
547710,36.567
547720,38.764
547730,34.664
547740,46.663
547750,33.816
547760,33.723
547770,59.052
547780,36.035
547790,35.314
547800,38.654
547810,34.410
547820,36.966
547830,51.546
547840,36.745
547850,37.386
547860,58.084
547870,35.224
547880,36.072
547890,38.854
547900,35.550
547910,39.965
547920,33.271
547930,35.261
547940,41.444
547950,34.944
547960,39.236
547970,34.083
547980,37.074
547990,34.313
548000,37.307
548010,55.784
548020,35.232
548030,34.870
548040,36.317
548050,50.733
548060,36.871
548070,35.983
548080,39.113
548090,35.922
548100,37.959
548110,68.223
548120,34.042
548130,48.405
548140,33.378
548150,55.618
548160,34.227
548170,34.927
548180,35.740
548190,35.837
548200,41.430
548210,34.986
548220,35.868
548230,53.749
548240,36.146
548250,33.920
548260,34.767
548270,57.024
548280,34.915
548290,35.599
548300,42.260
548310,33.648
548320,35.181
548330,51.057
548340,36.369
548350,34.281
548360,37.015
548370,34.457
548380,36.286
548390,37.066
548400,31.464
548410,43.146
548420,35.848
548430,34.553
548440,54.214
548450,35.585
548460,34.257
548470,47.892
548480,33.467
548490,36.468
548500,44.890
548510,34.444
548520,36.360
548530,40.841
548540,34.499
548550,36.053
548560,38.433
548570,33.981
548580,53.243
548590,32.978
548600,47.755
548610,33.722
548620,45.826
548630,35.228
548640,34.614
548650,61.206
548660,35.248
548670,48.465
548680,35.090
548690,35.279
548700,33.575
548710,35.973
548720,39.360
548730,48.136
548740,32.409
548750,50.899
548760,32.690
548770,56.415
548780,34.461
548790,35.201
548800,36.728
548810,45.772
548820,36.919
548830,37.149
548840,57.059
548850,36.897
548860,36.042
548870,38.051
548880,64.168
548890,37.487
548900,34.481
548910,36.803
548920,40.636
548930,33.913
548940,37.591
548950,43.690
548960,34.870
548970,35.018
548980,37.417
548990,39.473
549000,35.896
549010,36.142
549020,37.527
549030,62.270
549040,36.581
549050,34.559
549060,46.733
549070,35.170
549080,59.627
549090,36.234
549100,44.731
549110,32.336
549120,39.983
549130,32.443
549140,35.122
549150,37.723
549160,37.240
549170,36.654
549180,54.964
549190,35.111
549200,38.359
549210,44.213
549220,34.037
549230,34.210
549240,48.578
549250,34.808
549260,35.863
549270,60.405
549280,36.840
549290,35.058
549300,47.890
549310,34.784
549320,38.054
549330,34.060
549340,56.318
549350,33.582
549360,34.743
549370,36.516
549380,33.471
549390,35.583
549400,52.996
549410,32.590
549420,53.318
549430,34.542
549440,35.580
549450,38.754
549460,42.282
549470,33.170
549480,42.016
549490,34.043
549500,58.026
549510,34.155
549520,35.540
549530,52.695
549540,33.908
549550,40.191
549560,32.886
549570,57.025
549580,34.427
549590,54.142
549600,33.319
549610,35.308
549620,37.633
549630,38.274
549640,39.432
549650,51.600
549660,36.404
549670,58.332
549680,36.193
549690,36.571
549700,57.770
549710,36.592
549720,34.915
549730,38.162
549740,40.237
549750,33.268
549760,36.092
549770,34.750
549780,37.619
549790,49.451
549800,33.316
549810,34.781
549820,36.422
549830,37.705
549840,37.380
549850,36.968
549860,56.854
549870,34.810
549880,59.862
549890,35.754
549900,36.616
549910,31.071
549920,44.387
549930,34.239
549940,37.238
549950,30.958
549960,39.431
549970,33.386
549980,54.829
549990,35.618
550000,35.090
550010,53.660
550020,35.058
550030,34.047
550040,35.196
550050,33.990
550060,43.342
550070,33.317
550080,37.187
550090,37.061
550100,32.821
550110,35.206
550120,37.487
550130,41.342
550140,35.942
550150,41.535
550160,32.861
550170,35.202
550180,44.076
550190,35.061
550200,36.714
550210,45.119
550220,35.533
550230,35.256
550240,37.477
550250,42.279
550260,34.352
550270,32.057
550280,52.243
550290,36.707
550300,45.686
550310,34.238
550320,35.060
550330,36.829
550340,38.618
550350,43.643
550360,36.244
550370,62.439
550380,35.483
550390,34.707
550400,41.799
550410,34.924
550420,47.853
550430,35.988
550440,34.873
550450,41.815
550460,35.726
550470,35.838
550480,40.979
550490,35.958
550500,39.905
550510,33.647
550520,48.593
550530,32.854
550540,35.733
550550,58.451
550560,38.278
550570,33.447
550580,36.687
550590,34.988
550600,36.028
550610,45.595
550620,34.759
550630,36.626
550640,45.899
550650,35.978
550660,35.883
550670,43.951
550680,39.030
550690,51.086
550700,33.980
550710,35.048
550720,40.414
550730,33.529
550740,37.175
550750,49.508
550760,35.418
550770,51.481
550780,37.060
550790,34.225
550800,36.095
550810,33.330
550820,47.599
550830,34.166
550840,34.561
550850,38.658
550860,34.563
550870,59.551
550880,38.532
550890,35.159
550900,35.733
550910,36.545
550920,35.188
550930,50.454
550940,33.079
550950,45.355
550960,34.038
550970,55.545
550980,32.614
550990,33.408
551000,32.900
551010,46.876
551020,34.935
551030,36.061
551040,37.489
551050,51.691
551060,35.591
551070,35.671
551080,39.922
551090,35.451
551100,37.267
551110,39.145
551120,34.489
551130,36.563
551140,37.313
551150,55.678
551160,33.479
551170,44.647
551180,31.682
551190,35.398
551200,33.525
551210,37.676
551220,32.580
551230,34.955
551240,53.805
551250,36.580
551260,52.151
551270,35.524
551280,34.958
551290,38.151
551300,34.672
551310,47.813
551320,35.421
551330,35.264
551340,51.253
551350,33.932
551360,35.318
551370,46.434
551380,35.907
551390,37.310
551400,33.155
551410,47.759
551420,34.841
551430,35.495
551440,40.149
551450,34.924
551460,36.885
551470,47.107
551480,34.878
551490,34.512
551500,33.538
551510,56.902
551520,35.369
551530,34.936
551540,44.873
551550,35.388
551560,35.631
551570,55.272
551580,34.890
551590,35.893
551600,37.328
551610,34.384
551620,37.678
551630,34.214
551640,51.642
551650,35.867
551660,55.093
551670,36.020
551680,34.523
551690,32.524
551700,54.149
551710,36.180
551720,34.235
551730,57.418
551740,36.270
551750,56.899
551760,33.538
551770,46.450
551780,33.834
551790,35.019
551800,36.072
551810,38.381
551820,37.696
551830,33.383
551840,42.281
551850,33.289
551860,58.044
551870,35.184
551880,34.484
551890,38.962
551900,34.404
551910,58.572
551920,35.279
551930,34.948
551940,55.871
551950,34.613
551960,37.319
551970,39.981
551980,33.662
551990,33.882
552000,34.261
552010,43.706
552020,33.948
552030,58.192
552040,34.405
552050,34.151
552060,38.031
552070,38.100
552080,38.758
552090,33.300
552100,36.155
552110,39.260
552120,55.197
552130,32.203
552140,33.030
552150,60.021
552160,35.545
552170,53.178
552180,34.710
552190,35.491
552200,37.098
552210,52.696
552220,34.651
552230,58.636
552240,36.991
552250,34.598
552260,46.924
552270,34.383
552280,34.895
552290,32.166
552300,30.257
552310,36.250
552320,52.657
552330,34.812
552340,34.661
552350,42.814
552360,33.747
552370,59.292
552380,37.389
552390,58.522
552400,34.406
552410,47.156
552420,34.334
552430,34.282
552440,42.737
552450,34.016
552460,52.295
552470,34.050
552480,34.306
552490,35.347
552500,32.980
552510,40.340
552520,34.323
552530,34.976
552540,39.956
552550,35.151
552560,34.651
552570,34.937
552580,34.186
552590,37.870
552600,34.834
552610,36.237
552620,43.482
552630,34.520
552640,36.356
552650,42.710
552660,34.669
552670,46.012
552680,35.173
552690,57.537
552700,34.741
552710,39.447
552720,32.600
552730,33.589
552740,39.810
552750,34.500
552760,42.652
552770,33.672
552780,38.411
552790,36.955
552800,33.663
552810,35.933
552820,36.044
552830,34.762
552840,37.404
552850,37.472
552860,41.015
552870,35.714
552880,60.155
552890,35.859
552900,43.509
552910,32.731
552920,35.949
552930,51.964
552940,36.909
552950,33.704
552960,58.336
552970,34.473
552980,36.035
552990,36.866
553000,34.060
553010,58.946
553020,35.164
553030,36.408
553040,42.811
553050,34.587
553060,35.602
553070,46.477
553080,35.515
553090,36.821
553100,46.816
553110,33.955
553120,34.099
553130,32.740
553140,34.858
553150,39.736
553160,36.455
553170,34.582
553180,34.043
553190,33.203
553200,54.552
553210,34.400
553220,34.732
553230,36.172
553240,60.000
553250,36.609
553260,35.366
553270,44.429
553280,34.342
553290,36.816
553300,37.492
553310,40.310
553320,34.995
553330,38.596
553340,34.390
553350,35.369
553360,38.579
553370,35.163
553380,39.963
553390,40.838
553400,30.817
553410,49.970
553420,34.505
553430,36.496
553440,57.324
553450,38.288
553460,35.139
553470,37.808
553480,43.505
553490,36.415
553500,35.503
553510,37.233
553520,49.668
553530,36.204
553540,35.334
553550,38.004
553560,39.264
553570,39.048
553580,40.699
553590,34.004
553600,35.326
553610,38.874
553620,35.870
553630,47.216
553640,36.361
553650,35.137
553660,41.480
553670,32.995
553680,48.958
553690,36.655
553700,33.937
553710,36.319
553720,37.150
553730,34.040
553740,36.249
553750,38.947
553760,36.376
553770,37.065
553780,73.114
553790,33.490
553800,33.060
553810,36.997
553820,37.546
553830,35.932
553840,36.816
553850,52.843
553860,37.163
553870,35.374
553880,50.512
553890,34.444
553900,35.242
553910,54.083
553920,36.122
553930,34.159
553940,60.775
553950,35.466
553960,35.054
553970,32.507
553980,41.060
553990,34.286
554000,54.914
554010,34.249
554020,36.716
554030,44.444
554040,34.479
554050,35.571
554060,44.330
554070,33.816
554080,35.396
554090,34.254
554100,37.196
554110,37.639
554120,52.992
554130,34.778
554140,37.049
554150,59.071
554160,36.931
554170,35.512
554180,37.166
554190,38.714
554200,34.849
554210,38.162
554220,34.270
554230,37.133
554240,41.852
554250,34.072
554260,48.335
554270,35.424
554280,34.506
554290,36.653
554300,57.666
554310,34.159
554320,50.936
554330,35.070
554340,35.507
554350,37.658
554360,39.425
554370,38.758
554380,36.305
554390,58.791
554400,36.010
554410,35.945
554420,40.448
554430,33.242
554440,36.422
554450,46.746
554460,34.838
554470,34.941
554480,34.326
554490,48.805
554500,35.720
554510,39.783
554520,32.342
554530,53.921
554540,34.685
554550,57.263
554560,34.372
554570,33.851
554580,44.774
554590,36.347
554600,37.231
554610,59.059
554620,36.603
554630,44.337
554640,34.957
554650,53.720
554660,35.573
554670,53.577
554680,33.453
554690,41.052
554700,32.838
554710,34.977
554720,36.614
554730,32.928
554740,37.403
554750,34.980
554760,43.879
554770,57.027
554780,32.243
554790,40.038
554800,55.663
554810,33.427
554820,33.746
554830,36.375
554840,43.198
554850,34.288
554860,34.441
554870,37.387
554880,61.445
554890,34.683
554900,35.754
554910,35.896
554920,57.505
554930,37.731
554940,35.813
554950,46.706
554960,32.684
554970,35.830
554980,38.437
554990,33.538
555000,36.537
555010,34.549
555020,35.450
555030,38.910
555040,45.961
555050,36.799
555060,61.543
555070,34.566
555080,33.725
555090,35.154
555100,32.969
555110,37.164
555120,33.331
555130,53.276
555140,35.845
555150,36.422
555160,39.654
555170,34.080
555180,34.523
555190,37.203
555200,34.707
555210,44.112
555220,54.934
555230,30.376
555240,33.355
555250,36.518
555260,39.656
555270,40.435
555280,43.754
555290,33.753
555300,36.377
555310,41.092
555320,34.273
555330,44.367
555340,32.388
555350,35.244
555360,44.721
555370,35.851
555380,46.512
555390,35.898
555400,33.464
555410,36.061
555420,34.323
555430,37.844
555440,32.636
555450,34.069
555460,34.320
555470,36.071
555480,38.803
555490,34.694
555500,36.397
555510,38.412
555520,55.774
555530,35.240
555540,33.905
555550,36.527
555560,34.799
555570,37.053
555580,47.127
555590,34.756
555600,36.164
555610,49.471
555620,32.009
555630,40.902
555640,31.234
555650,35.921
555660,36.166
555670,43.784
555680,35.609
555690,42.013
555700,34.194
555710,35.902
555720,37.741
555730,60.771
555740,35.686
555750,35.866
555760,46.072
555770,37.222
555780,56.206
555790,33.342
555800,32.620
555810,45.505
555820,32.562
555830,55.082
555840,34.137
555850,35.196
555860,34.174
555870,58.894
555880,35.918
555890,35.607
555900,38.917
555910,51.535
555920,34.121
555930,35.048
555940,48.921
555950,36.725
555960,36.258
555970,52.358
555980,35.476
555990,37.118
556000,60.390
556010,35.803
556020,35.159
556030,36.538
556040,59.184
556050,37.407
556060,35.561
556070,43.222
556080,47.659
556090,33.538
556100,56.259
556110,32.481
556120,33.665
556130,35.744
556140,34.132
556150,37.494
556160,34.550
556170,35.060
556180,38.213
556190,35.278
556200,36.064
556210,38.754
556220,34.876
556230,36.996
556240,51.917
556250,35.169
556260,34.729
556270,34.673
556280,36.441
556290,54.542
556300,36.087
556310,35.453
556320,58.965
556330,35.419
556340,56.713
556350,33.294
556360,32.608
556370,36.413
556380,48.359
556390,34.897
556400,34.396
556410,53.817
556420,35.422
556430,52.136
556440,34.137
556450,36.032
556460,56.010
556470,34.372
556480,65.473
556490,32.749
556500,58.706
556510,32.977
556520,33.809
556530,36.153
556540,58.940
556550,38.144
556560,35.237
556570,37.278
556580,39.378
556590,37.692
556600,35.462
556610,37.123
556620,34.513
556630,52.274
556640,34.096
556650,35.117
556660,38.022
556670,51.463
556680,36.543
556690,45.525
556700,33.899
556710,35.174
556720,37.036
556730,37.356
556740,35.826
556750,46.003
556760,32.806
556770,35.224
556780,50.627
556790,35.564
556800,50.838
556810,35.771
556820,37.032
556830,53.393
556840,33.268
556850,35.490
556860,59.134
556870,37.440
556880,34.888
556890,38.618
556900,52.858
556910,35.713
556920,34.401
556930,32.288
556940,35.740
556950,33.819
556960,37.539
556970,38.551
556980,39.594
556990,40.956
557000,36.627
557010,37.387
557020,45.101
557030,37.175
557040,36.292
557050,44.394
557060,33.301
557070,61.904
557080,34.801
557090,34.244
557100,49.373
557110,35.747
557120,39.965
557130,33.232
557140,47.903
557150,33.175
557160,36.560
557170,41.912
557180,53.920
557190,33.201
557200,33.505
557210,36.421
557220,48.239
557230,34.250
557240,45.408
557250,33.016
557260,55.972
557270,34.918
557280,56.792
557290,35.012
557300,34.275
557310,57.476
557320,35.847
557330,33.657
557340,40.491
557350,34.409
557360,36.164
557370,38.115
557380,45.556
557390,48.382
557400,32.620
557410,34.290
557420,36.269
557430,60.429
557440,35.467
557450,36.242
557460,56.372
557470,36.699
557480,56.944
557490,34.274
557500,33.259
557510,34.638
557520,33.858
557530,63.274
557540,35.746
557550,35.236
557560,37.959
557570,33.481
557580,48.655
557590,34.524
557600,47.186
557610,33.862
557620,36.118
557630,39.259
557640,34.966
557650,35.330
557660,37.121
557670,34.173
557680,46.386
557690,35.897
557700,57.000
557710,35.488
557720,34.667
557730,38.292
557740,50.319
557750,35.739
557760,55.850
557770,33.866
557780,43.019
557790,34.244
557800,36.600
557810,38.045
557820,43.957
557830,36.285
557840,35.775
557850,37.181
557860,33.718
557870,41.360
557880,35.256
557890,36.184
557900,39.794
557910,55.838
557920,32.530
557930,57.541
557940,33.634
557950,56.428
557960,35.945
557970,34.076
557980,60.628
557990,35.297
558000,35.782
558010,35.681
558020,37.182
558030,37.571
558040,35.514
558050,36.204
558060,41.321
558070,35.236
558080,57.160
558090,35.752
558100,36.307
558110,38.468
558120,50.650
558130,36.059
558140,35.674
558150,37.520
558160,39.117
558170,41.701
558180,60.664
558190,33.221
558200,33.057
558210,53.381
558220,34.099
558230,35.601
558240,46.381
558250,33.398
558260,44.789
558270,33.730
558280,43.577
558290,35.008
558300,35.329
558310,46.771
558320,33.743
558330,34.789
558340,36.820
558350,34.772
558360,57.441
558370,35.914
558380,52.947
558390,35.479
558400,44.975
558410,34.926
558420,55.138
558430,33.542
558440,33.652
558450,35.995
558460,57.136
558470,36.125
558480,59.370
558490,34.105
558500,34.675
558510,36.674
558520,38.041
558530,38.564
558540,49.138
558550,35.109
558560,45.951
558570,35.253
558580,52.555
558590,34.918
558600,35.233
558610,39.864
558620,35.093
558630,60.542
558640,33.263
558650,33.850
558660,52.599
558670,34.070
558680,59.677
558690,35.038
558700,53.857
558710,33.592
558720,44.368
558730,31.631
558740,53.182
558750,34.104
558760,35.913
558770,39.205
558780,59.896
558790,33.644
558800,33.093
558810,35.577
558820,57.102
558830,34.566
558840,35.636
558850,36.937
558860,56.348
558870,36.689
558880,63.226
558890,34.301
558900,32.623
558910,36.658
558920,33.826
558930,37.784
558940,33.795
558950,41.739
558960,31.886
558970,35.248
558980,46.093
558990,33.255
559000,58.141
559010,31.788
559020,32.737
559030,44.232
559040,34.744
559050,36.250
559060,44.879
559070,34.249
559080,35.939
559090,45.571
559100,34.739
559110,37.567
559120,33.359
559130,50.531
559140,34.312
559150,58.219
559160,34.719
559170,34.850
559180,51.902
559190,36.026
559200,35.459
559210,46.118
559220,33.265
559230,35.274
559240,40.307
559250,35.517
559260,37.270
559270,47.102
559280,58.506
559290,31.637
559300,55.382
559310,33.907
559320,34.003
559330,36.665
559340,63.299
559350,35.273
559360,34.346
559370,36.068
559380,66.417
559390,34.599
559400,34.207
559410,36.899
559420,37.535
559430,59.303
559440,37.272
559450,55.859
559460,33.843
559470,50.431
559480,36.390
559490,35.934
559500,60.470
559510,35.969
559520,36.351
559530,37.259
559540,38.774
559550,35.223
559560,37.687
559570,34.840
559580,63.463
559590,33.501
559600,33.878
559610,60.678
559620,36.130
559630,35.784
559640,37.037
559650,38.882
559660,32.163
559670,55.730
559680,34.837
559690,35.514
559700,58.666
559710,33.607
559720,35.796
559730,39.070
559740,33.273
559750,40.811
559760,33.414
559770,40.858
559780,56.701
559790,34.509
559800,34.459
559810,44.010
559820,33.186
559830,35.375
559840,41.423
559850,33.950
559860,35.271
559870,58.392
559880,37.274
559890,36.001
559900,42.303
559910,34.696
559920,40.983
559930,34.251
559940,58.819
559950,36.008
559960,35.078
559970,36.284
559980,39.538
559990,35.862
560000,47.077
560010,34.514
560020,46.413
560030,35.192
560040,35.435
560050,47.818
560060,34.707
560070,35.322
560080,37.215
560090,33.600
560100,48.684
560110,33.752
560120,55.182
560130,35.371
560140,34.088
560150,48.913
560160,34.454
560170,46.084
560180,34.485
560190,36.300
560200,61.108
560210,36.667
560220,34.776
560230,35.780
560240,37.269
560250,39.540
560260,34.925
560270,50.808
560280,56.280
560290,37.179
560300,36.674
560310,33.808
560320,43.449
560330,34.267
560340,33.456
560350,50.180
560360,34.553
560370,34.488
560380,36.125
560390,44.736
560400,35.221
560410,38.368
560420,34.119
560430,36.538
560440,37.552
560450,34.723
560460,35.758
560470,39.282
560480,36.020
560490,36.760
560500,37.486
560510,37.024
560520,34.458
560530,49.580
560540,34.982
560550,36.337
560560,36.997
560570,38.315
560580,48.006
560590,35.808
560600,35.577
560610,37.287
560620,33.809
560630,36.169
560640,38.755
560650,34.953
560660,61.264
560670,36.917
560680,62.135
560690,34.572
560700,33.820
560710,35.638
560720,38.964
560730,34.359
560740,54.486
560750,35.361
560760,60.841
560770,34.585
560780,39.855
560790,34.388
560800,34.648
560810,42.224
560820,32.176
560830,47.138
560840,33.210
560850,44.307
560860,33.496
560870,45.174
560880,54.939
560890,31.898
560900,33.767
560910,44.086
560920,33.410
560930,34.672
560940,50.737
560950,35.282
560960,35.446
560970,58.284
560980,36.352
560990,36.728
561000,33.430
561010,37.106
561020,46.737
561030,33.746
561040,54.131
561050,35.591
561060,34.007
561070,36.925
561080,35.242
561090,40.118
561100,47.568
561110,33.332
561120,32.956
561130,35.859
561140,43.731
561150,34.465
561160,35.960
561170,57.706
561180,36.287
561190,37.782
561200,33.909
561210,41.716
561220,31.911
561230,48.077
561240,34.034
561250,57.290
561260,35.654
561270,42.713
561280,36.412
561290,35.602
561300,37.468
561310,40.250
561320,34.606
561330,35.702
561340,35.032
561350,37.418
561360,38.843
561370,34.795
561380,64.877
561390,36.012
561400,34.483
561410,37.139
561420,48.966
561430,32.062
561440,32.978
561450,39.185
561460,34.940
561470,44.513
561480,57.728
561490,33.433
561500,43.732
561510,32.800
561520,34.513
561530,55.780
561540,35.525
561550,36.570
561560,40.489
561570,33.907
561580,37.334
561590,34.417
561600,37.279
561610,53.110
561620,38.374
561630,34.896
561640,57.076
561650,35.776
561660,42.307
561670,33.833
561680,62.672
561690,34.266
561700,35.194
561710,36.886
561720,56.025
561730,36.970
561740,34.715
561750,36.878
561760,37.229
561770,34.587
561780,61.665
561790,37.620
561800,34.194
561810,49.452
561820,35.050
561830,35.534
561840,57.347
561850,35.067
561860,35.327
561870,54.817
561880,37.934
561890,34.462
561900,35.561
561910,33.526
561920,52.378
561930,35.664
561940,34.612
561950,46.972
561960,33.690
561970,35.146
561980,38.459
561990,34.062
562000,36.462
562010,51.662
562020,55.659
562030,32.744
562040,33.183
562050,37.848
562060,35.217
562070,36.705
562080,44.804
562090,35.323
562100,35.987
562110,36.671
562120,34.881
562130,33.553
562140,35.516
562150,40.018
562160,35.986
562170,36.394
562180,39.235
562190,54.401
562200,36.620
562210,36.058
562220,55.431
562230,36.975
562240,35.934
562250,36.279
562260,61.384
562270,36.955
562280,59.790
562290,33.431
562300,34.510
562310,37.118
562320,56.660
562330,35.934
562340,35.289
562350,38.286
562360,41.032
562370,36.290
562380,49.773
562390,36.007
562400,34.636
562410,64.743
562420,35.383
562430,35.125
562440,37.811
562450,45.851
562460,35.923
562470,35.981
562480,37.605
562490,34.735
562500,55.016
562510,34.506
562520,35.300
562530,37.063
562540,52.795
562550,34.977
562560,37.922
562570,40.181
562580,56.761
562590,33.145
562600,34.659
562610,44.072
562620,34.823
562630,36.864
562640,36.493
562650,34.579
562660,36.417
562670,34.491
562680,37.664
562690,38.438
562700,34.965
562710,37.427
562720,65.580
562730,36.518
562740,35.696
562750,37.933
562760,57.656
562770,37.211
562780,61.551
562790,34.407
562800,54.367
562810,34.040
562820,34.431
562830,46.622
562840,33.958
562850,44.209
562860,31.924
562870,33.805
562880,51.004
562890,34.840
562900,36.451
562910,38.355
562920,38.897
562930,40.403
562940,35.055
562950,56.759
562960,36.621
562970,35.670
562980,59.222
562990,34.940
563000,35.317
563010,38.767
563020,35.830
563030,35.623
563040,47.167
563050,35.347
563060,36.035
563070,36.599
563080,60.089
563090,33.156
563100,33.914
563110,36.339
563120,45.015
563130,33.677
563140,36.857
563150,55.768
563160,31.861
563170,33.480
563180,37.076
563190,43.812
563200,36.103
563210,36.644
563220,39.939
563230,52.574
563240,33.622
563250,34.923
563260,35.100
563270,37.760
563280,35.389
563290,59.612
563300,33.723
563310,37.432
563320,36.850
563330,32.460
563340,35.780
563350,49.615
563360,34.740
563370,35.705
563380,46.111
563390,34.252
563400,35.197
563410,32.735
563420,57.467
563430,36.442
563440,57.237
563450,34.237
563460,33.307
563470,54.350
563480,37.358
563490,36.287
563500,42.510
563510,32.447
563520,43.204
563530,35.835
563540,34.178
563550,36.537
563560,37.351
563570,43.273
563580,37.295
563590,38.307
563600,56.981
563610,36.075
563620,34.871
563630,39.892
563640,33.206
563650,43.205
563660,33.557
563670,34.403
563680,44.406
563690,34.479
563700,35.357
563710,58.241
563720,37.086
563730,42.502
563740,32.718
563750,34.580
563760,54.265
563770,33.863
563780,46.508
563790,34.026
563800,35.305
563810,37.879
563820,33.643
563830,59.500
563840,34.504
563850,42.326
563860,31.394
563870,34.975
563880,42.607
563890,34.611
563900,45.613
563910,34.130
563920,58.267
563930,35.980
563940,35.368
563950,36.621
563960,46.592
563970,32.298
563980,59.778
563990,32.856
564000,34.502
564010,37.191
564020,34.450
564030,56.014
564040,34.801
564050,58.637
564060,33.563
564070,34.017
564080,39.565
564090,33.699
564100,37.263
564110,37.827
564120,39.408
564130,36.486
564140,39.445
564150,34.516
564160,37.551
564170,32.056
564180,36.656
564190,42.535
564200,36.034
564210,57.801
564220,33.235
564230,33.862
564240,58.804
564250,35.599
564260,36.341
564270,38.013
564280,64.925
564290,35.062
564300,59.098
564310,34.610
564320,34.520
564330,39.961
564340,35.913
564350,36.280
564360,50.751
564370,36.470
564380,43.649
564390,35.457
564400,34.860
564410,41.803
564420,35.868
564430,36.677
564440,43.609
564450,34.688
564460,35.992
564470,43.997
564480,56.135
564490,33.543
564500,34.965
564510,54.322
564520,35.327
564530,35.328
564540,37.380
564550,37.022
564560,38.247
564570,32.481
564580,35.855
564590,55.127
564600,32.984
564610,46.487
564620,55.381
564630,31.723
564640,33.618
564650,33.153
564660,36.535
564670,62.274
564680,36.503
564690,36.519
564700,59.031
564710,38.103
564720,36.243
564730,36.653
564740,40.772
564750,34.018
564760,35.558
564770,34.259
564780,56.148
564790,34.599
564800,50.088
564810,32.914
564820,35.527
564830,42.091
564840,35.442
564850,36.496
564860,37.798
564870,38.865
564880,57.635
564890,33.894
564900,38.441
564910,33.715
564920,56.985
564930,36.293
564940,35.421
564950,52.880
564960,34.439
564970,34.653
564980,58.526
564990,37.733
565000,54.381
565010,34.474
565020,35.515
565030,46.502
565040,33.004
565050,36.208
565060,57.048
565070,36.299
565080,57.996
565090,34.799
565100,46.915
565110,33.564
565120,34.678
565130,51.913
565140,35.580
565150,35.434
565160,39.177
565170,52.965
565180,35.826
565190,32.927
565200,52.225
565210,35.933
565220,50.200
565230,50.422
565240,32.276
565250,34.661
565260,42.477
565270,55.226
565280,35.508
565290,53.600
565300,33.912
565310,34.610
565320,37.486
565330,46.391
565340,33.957
565350,36.064
565360,44.899
565370,35.564
565380,56.376
565390,36.264
565400,35.110
565410,36.491
565420,38.622
565430,39.661
565440,38.764
565450,55.060
565460,37.418
565470,36.977
565480,42.974
565490,35.412
565500,36.779
565510,49.219
565520,37.445
565530,34.677
565540,59.303
565550,34.481
565560,34.550
565570,36.008
565580,57.740
565590,33.146
565600,56.941
565610,33.882
565620,34.606
565630,36.658
565640,34.210
565650,59.492
565660,36.909
565670,35.135
565680,39.410
565690,35.334
565700,35.911
565710,38.060
565720,32.984
565730,41.763
565740,52.994
565750,32.553
565760,38.474
565770,32.969
565780,52.766
565790,36.401
565800,34.726
565810,45.251
565820,32.637
565830,34.915
565840,38.578
565850,41.699
565860,54.631
565870,34.247
565880,51.134
565890,30.141
565900,33.958
565910,38.771
565920,34.332
565930,36.102
565940,47.844
565950,34.152
565960,35.982
565970,43.268
565980,54.516
565990,35.038
566000,33.608
566010,36.163
566020,49.325
566030,35.431
566040,35.334
566050,38.265
566060,41.100
566070,35.600
566080,34.898
566090,51.666
566100,34.797
566110,33.803
566120,38.608
566130,35.628
566140,39.849
566150,33.958
566160,34.366
566170,41.528
566180,55.675
566190,32.882
566200,35.827
566210,46.901
566220,34.236
566230,37.138
566240,37.504
566250,40.016
566260,45.633
566270,55.805
566280,36.285
566290,51.899
566300,32.310
566310,35.730
566320,40.391
566330,34.521
566340,48.337
566350,35.239
566360,34.898
566370,36.357
566380,57.908
566390,36.912
566400,36.156
566410,41.594
566420,35.919
566430,55.184
566440,33.980
566450,34.380
566460,42.919
566470,33.915
566480,58.406
566490,35.154
566500,48.097
566510,36.015
566520,34.567
566530,44.863
566540,34.515
566550,36.224
566560,38.100
566570,44.439
566580,56.270
566590,33.334
566600,47.534
566610,33.636
566620,55.442
566630,33.066
566640,35.761
566650,51.774
566660,34.797
566670,36.106
566680,62.274
566690,34.277
566700,35.364
566710,36.710
566720,33.418
566730,35.972
566740,39.865
566750,35.746
566760,36.893
566770,44.464
566780,36.686
566790,40.896
566800,34.232
566810,36.325
566820,34.471
566830,35.436
566840,67.127
566850,33.452
566860,34.709
566870,38.730
566880,53.825
566890,31.270
566900,34.340
566910,62.009
566920,35.150
566930,34.630
566940,37.780
566950,33.668
566960,37.527
566970,34.103
566980,57.254
566990,35.991
567000,34.402
567010,43.017
567020,33.570
567030,42.170
567040,34.792
567050,58.643
567060,33.942
567070,33.940
567080,51.676
567090,33.991
567100,34.881
567110,38.874
567120,33.878
567130,36.753
567140,37.915
567150,35.951
567160,58.565
567170,36.350
567180,37.142
567190,42.130
567200,32.943
567210,35.816
567220,37.818
567230,42.702
567240,36.147
567250,41.951
567260,34.130
567270,57.660
567280,34.645
567290,34.707
567300,50.578
567310,34.802
567320,36.253
567330,36.930
567340,39.845
567350,33.903
567360,36.116
567370,59.655
567380,37.142
567390,43.323
567400,45.591
567410,32.303
567420,35.280
567430,43.488
567440,54.194
567450,35.230
567460,32.856
567470,36.650
567480,45.414
567490,35.254
567500,35.866
567510,45.299
567520,34.944
567530,34.825
567540,57.231
567550,36.923
567560,34.758
567570,37.219
567580,34.308
567590,47.456
567600,32.659
567610,34.254
567620,36.044
567630,42.182
567640,33.356
567650,35.526
567660,37.090
567670,40.253
567680,59.507
567690,31.246
567700,46.359
567710,34.316
567720,35.795
567730,37.572
567740,50.158
567750,33.074
567760,34.417
567770,48.169
567780,35.290
567790,35.378
567800,41.219
567810,36.015
567820,40.822
567830,33.456
567840,57.341
567850,32.724
567860,33.705
567870,40.838
567880,34.806
567890,35.148
567900,37.225
567910,38.575
567920,46.017
567930,36.209
567940,54.166
567950,35.357
567960,35.651
567970,51.404
567980,36.680
567990,35.615
568000,37.217
568010,37.704
568020,39.066
568030,36.108
568040,53.570
568050,36.012
568060,33.992
568070,37.102
568080,56.942
568090,37.292
568100,35.206
568110,45.182
568120,34.123
568130,35.738
568140,38.084
568150,34.292
568160,45.839
568170,34.407
568180,51.522
568190,34.280
568200,35.347
568210,45.563
568220,36.471
568230,41.476
568240,31.866
568250,47.889
568260,34.174
568270,34.927
568280,51.385
568290,56.247
568300,34.651
568310,33.852
568320,54.675
568330,35.950
568340,33.897
568350,49.435
568360,33.586
568370,57.906
568380,52.200
568390,31.861
568400,33.286
568410,34.659
568420,33.210
568430,42.095
568440,33.010
568450,40.247
568460,33.644
568470,40.356
568480,33.353
568490,36.463
568500,60.412
568510,35.918
568520,47.658
568530,34.073
568540,35.098
568550,42.574
568560,33.787
568570,58.377
568580,34.516
568590,35.565
568600,48.672
568610,34.267
568620,35.859
568630,37.037
568640,42.709
568650,34.573
568660,35.002
568670,33.587
568680,53.038
568690,33.438
568700,37.721
568710,33.490
568720,40.327
568730,33.628
568740,35.106
568750,37.788
568760,48.133
568770,32.209
568780,48.416
568790,32.513
568800,34.333
568810,39.527
568820,54.053
568830,34.278
568840,33.197
568850,58.863
568860,36.010
568870,35.352
568880,56.467
568890,35.571
568900,54.600
568910,34.405
568920,34.795
568930,42.797
568940,34.520
568950,34.981
568960,39.636
568970,34.716
568980,40.902
568990,53.021
569000,32.962
569010,35.855
569020,36.367
569030,38.121
569040,43.182
569050,37.001
569060,40.427
569070,36.106
569080,40.091
569090,34.038
569100,35.418
569110,48.160
569120,33.748
569130,42.361
569140,34.280
569150,46.541
569160,34.226
569170,35.617
569180,53.923
569190,34.988
569200,35.422
569210,43.115
569220,35.907
569230,36.082
569240,61.380
569250,36.873
569260,41.719
569270,31.642
569280,33.598
569290,45.642
569300,35.384
569310,36.253
569320,32.665
569330,36.411
569340,41.144
569350,35.390
569360,36.883
569370,35.051
569380,57.324
569390,32.163
569400,46.439
569410,36.502
569420,34.915
569430,50.313
569440,35.367
569450,36.280
569460,37.947
569470,35.301
569480,51.252
569490,34.452
569500,38.628
569510,33.315
569520,51.142
569530,35.060
569540,56.494
569550,36.938
569560,57.362
569570,34.004
569580,33.076
569590,35.964
569600,36.076
569610,36.916
569620,45.945
569630,35.512
569640,35.144
569650,33.189
569660,33.675
569670,55.529
569680,34.435
569690,34.261
569700,32.754
569710,35.334
569720,44.945
569730,33.310
569740,34.651
569750,36.819
569760,44.242
569770,34.994
569780,37.015
569790,33.220
569800,47.355
569810,34.508
569820,35.312
569830,34.652
569840,36.799
569850,32.720
569860,52.934
569870,34.328
569880,48.437
569890,35.589
569900,34.935
569910,36.556
569920,42.237
569930,33.330
569940,50.762
569950,34.918
569960,35.706
569970,55.610
569980,36.816
569990,35.939
570000,47.884
570010,35.142
570020,35.891
570030,48.774
570040,34.617
570050,46.504
570060,34.517
570070,37.018
570080,53.776
570090,35.734
570100,35.026
570110,36.983
570120,41.193
570130,44.860
570140,33.451
570150,35.331
570160,37.415
570170,38.888
570180,41.322
570190,34.618
570200,54.685
570210,36.390
570220,56.588
570230,31.955
570240,33.051
570250,37.583
570260,33.381
570270,36.138
570280,32.192
570290,51.901
570300,34.355
570310,35.942
570320,42.967
570330,34.197
570340,35.638
570350,38.522
570360,57.061
570370,34.875
570380,35.682
570390,36.406
570400,54.089
570410,33.240
570420,35.677
570430,36.516
570440,33.050
570450,58.516
570460,34.558
570470,34.891
570480,35.705
570490,42.442
570500,34.085
570510,35.895
570520,37.019
570530,57.944
570540,33.678
570550,35.362
570560,38.954
570570,33.799
570580,49.955
570590,34.674
570600,34.468
570610,38.643
570620,39.287
570630,40.611
570640,35.256
570650,36.720
570660,45.218
570670,34.620
570680,53.875
570690,34.834
570700,48.013
570710,35.724
570720,34.657
570730,35.791
570740,34.025
570750,37.674
570760,38.726
570770,44.110
570780,36.888
570790,55.118
570800,34.468
570810,36.012
570820,37.301
570830,50.986
570840,34.705
570850,35.865
570860,54.356
570870,34.138
570880,48.215
570890,32.495
570900,34.563
570910,36.568
570920,55.945
570930,36.173
570940,37.187
570950,33.784
570960,35.874
570970,38.687
570980,55.495
570990,38.300
571000,35.515
571010,43.321
571020,37.665
571030,34.382
571040,58.941
571050,36.752
571060,35.021
571070,35.835
571080,52.055
571090,35.619
571100,44.838
571110,36.034
571120,43.484
571130,31.942
571140,42.060
571150,32.086
571160,32.171
571170,32.871
571180,37.364
571190,32.056
571200,36.084
571210,54.655
571220,34.968
571230,38.460
571240,36.674
571250,34.237
571260,60.372
571270,35.225
571280,35.575
571290,37.071
571300,46.651
571310,34.329
571320,44.392
571330,33.947
571340,34.907
571350,36.955
571360,34.942
571370,35.449
571380,43.528
571390,35.806
571400,35.562
571410,38.095
571420,55.349
571430,34.129
571440,35.295
571450,62.494
571460,33.830
571470,33.542
571480,50.154
571490,33.549
571500,35.570
571510,37.314
571520,53.901
571530,34.099
571540,36.052
571550,59.220
571560,36.564
571570,35.781
571580,44.547
571590,33.946
571600,36.984
571610,59.417
571620,36.269
571630,56.761
571640,33.158
571650,33.880
571660,43.586
571670,34.424
571680,49.497
571690,58.416
571700,33.108
571710,33.454
571720,35.739
571730,37.489
571740,35.504
571750,52.816
571760,36.485
571770,34.747
571780,50.340
571790,33.475
571800,35.628
571810,52.412
571820,34.653
571830,45.730
571840,36.335
571850,56.002
571860,32.116
571870,49.028
571880,36.009
571890,34.370
571900,40.031
571910,55.213
571920,33.844
571930,32.942
571940,62.059
571950,36.160
571960,34.257
571970,58.049
571980,35.905
571990,56.347
572000,33.580
572010,35.656
572020,38.590
572030,39.721
572040,35.182
572050,35.879
572060,43.164
572070,50.532
572080,33.409
572090,34.252
572100,36.403
572110,55.616
572120,34.937
572130,35.180
572140,50.867
572150,34.204
572160,35.466
572170,38.603
572180,49.149
572190,32.924
572200,52.837
572210,33.876
572220,34.219
572230,37.528
572240,35.290
572250,36.606
572260,40.255
572270,34.506
572280,47.863
572290,33.061
572300,35.733
572310,37.375
572320,36.416
572330,42.616
572340,34.768
572350,33.034
572360,36.603
572370,36.978
572380,54.913
572390,33.343
572400,34.390
572410,41.812
572420,35.598
572430,40.657
572440,33.701
572450,36.065
572460,40.491
572470,35.290
572480,37.520
572490,38.194
572500,47.315
572510,35.637
572520,35.046
572530,38.276
572540,34.103
572550,46.211
572560,32.617
572570,34.779
572580,47.515
572590,34.286
572600,34.911
572610,38.950
572620,33.923
572630,36.127
572640,33.913
572650,36.599
572660,38.926
572670,47.425
572680,41.507
572690,32.022
572700,45.749
572710,37.471
572720,56.275
572730,32.483
572740,43.906
572750,33.133
572760,36.414
572770,40.472
572780,46.014
572790,31.398
572800,35.582
572810,37.010
572820,34.207
572830,37.948
572840,33.368
572850,50.157
572860,30.441
572870,33.774
572880,50.593
572890,34.775
572900,34.746
572910,37.211
572920,58.822
572930,38.157
572940,36.934
572950,57.610
572960,34.515
572970,42.768
572980,33.675
572990,56.928
573000,33.972
573010,35.192
573020,38.498
573030,53.418
573040,39.376
573050,35.687
573060,40.353
573070,33.367
573080,43.240
573090,35.585
573100,34.777
573110,35.413
573120,35.461
573130,39.409
573140,34.807
573150,36.461
573160,33.464
573170,36.262
573180,45.645
573190,32.896
573200,34.869
573210,42.487
573220,35.290
573230,37.132
573240,37.581
573250,56.579
573260,36.363
573270,55.450
573280,34.763
573290,47.449
573300,32.155
573310,34.979
573320,57.813
573330,36.230
573340,36.010
573350,39.438
573360,35.315
573370,51.655
573380,34.278
573390,37.321
573400,39.579
573410,33.696
573420,35.712
573430,53.606
573440,36.395
573450,35.338
573460,37.796
573470,37.896
573480,35.893
573490,36.364
573500,37.955
573510,35.122
573520,53.497
573530,35.602
573540,34.863
573550,44.326
573560,35.109
573570,55.030
573580,34.745
573590,35.481
573600,42.697
573610,54.031
573620,33.594
573630,34.532
573640,37.127
573650,33.702
573660,36.741
573670,39.243
573680,34.673
573690,40.720
573700,34.767
573710,51.243
573720,36.936
573730,34.229
573740,36.601
573750,47.929
573760,35.651
573770,33.984
573780,47.607
573790,34.516
573800,51.511
573810,36.949
573820,34.579
573830,35.862
573840,44.611
573850,36.795
573860,51.049
573870,35.189
573880,41.134
573890,36.850
573900,34.165
573910,46.919
573920,36.491
573930,37.196
573940,31.954
573950,34.815
573960,37.941
573970,55.627
573980,35.452
573990,45.871
574000,34.345
574010,35.016
574020,36.560
574030,37.709
574040,43.598
574050,34.330
574060,37.729
574070,34.392
574080,56.864
574090,34.768
574100,35.599
574110,37.973
574120,52.138
574130,35.268
574140,34.998
574150,35.930
574160,37.423
574170,34.777
574180,47.255
574190,35.135
574200,54.310
574210,37.615
574220,35.982
574230,34.967
574240,34.068
574250,37.067
574260,37.857
574270,33.547
574280,49.201
574290,34.881
574300,37.526
574310,31.695
574320,34.229
574330,37.325
574340,32.843
574350,56.761
574360,33.396
574370,34.437
574380,38.844
574390,34.854
574400,35.229
574410,34.377
574420,36.227
574430,48.214
574440,35.601
574450,50.263
574460,33.916
574470,48.645
574480,34.848
574490,35.254
574500,36.432
574510,47.927
574520,46.944
574530,33.974
574540,35.418
574550,55.279
574560,34.858
574570,35.316
574580,48.359
574590,36.078
574600,41.795
574610,33.916
574620,36.735
574630,34.443
574640,40.771
574650,35.036
574660,56.640
574670,33.942
574680,46.161
574690,33.993
574700,34.828
574710,58.121
574720,35.416
574730,35.451
574740,36.152
574750,56.839
574760,37.812
574770,41.314
574780,32.970
574790,36.544
574800,54.515
574810,36.262
574820,36.298
574830,44.246
574840,34.968
574850,36.408
574860,36.756
574870,32.881
574880,36.586
574890,56.409
574900,33.820
574910,43.102
574920,32.974
574930,46.066
574940,31.877
574950,35.559
574960,51.555
574970,36.316
574980,45.267
574990,32.252
575000,33.872
575010,36.081
575020,35.028
575030,37.490
575040,34.470
575050,35.951
575060,54.838
575070,35.214
575080,35.728
575090,47.572
575100,33.881
575110,35.517
575120,51.665
575130,37.622
575140,39.469
575150,31.631
575160,34.571
575170,37.309
575180,47.735
575190,34.568
575200,53.031
575210,35.477
575220,47.798
575230,33.574
575240,35.862
575250,40.356
575260,35.563
575270,57.866
575280,34.034
575290,34.850
575300,40.586
575310,33.848
575320,50.578
575330,34.257
575340,39.644
575350,31.975
575360,35.057
575370,46.224
575380,35.035
575390,40.022
575400,33.029
575410,35.424
575420,59.072
575430,36.859
575440,46.603
575450,32.364
575460,34.891
575470,49.855
575480,35.911
575490,37.201
575500,38.018
575510,52.922
575520,35.559
575530,37.453
575540,34.092
575550,43.213
575560,56.913
575570,33.091
575580,41.525
575590,47.829
575600,33.260
575610,54.410
575620,32.520
575630,35.453
575640,57.849
575650,36.025
575660,34.382
575670,37.185
575680,37.950
575690,37.881
575700,35.156
575710,36.720
575720,59.471
575730,36.151
575740,51.400
575750,33.766
575760,35.128
575770,49.227
575780,35.689
575790,39.279
575800,32.816
575810,61.135
575820,35.499
575830,34.883
575840,36.692
575850,40.627
575860,35.575
575870,54.360
575880,34.809
575890,36.422
575900,36.477
575910,37.990
575920,34.777
575930,36.338
575940,57.451
575950,33.686
575960,43.603
575970,35.629
575980,49.923
575990,34.300
576000,34.925
576010,54.957
576020,35.979
576030,35.147
576040,54.753
576050,35.822
576060,49.619
576070,34.605
576080,43.947
576090,34.289
576100,35.631
576110,37.389
576120,39.194
576130,35.383
576140,37.064
576150,38.854
576160,49.044
576170,34.240
576180,35.007
576190,40.082
576200,35.502
576210,60.089
576220,36.575
576230,34.276
576240,36.744
576250,33.873
576260,40.509
576270,35.017
576280,35.143
576290,57.081
576300,33.906
576310,43.366
576320,33.524
576330,58.332
576340,33.793
576350,33.927
576360,51.990
576370,36.617
576380,41.472
576390,34.991
576400,41.453
576410,32.834
576420,57.217
576430,35.922
576440,35.912
576450,36.772
576460,44.831
576470,33.463
576480,34.459
576490,38.281
576500,65.684
576510,36.842
576520,34.754
576530,35.847
576540,55.448
576550,39.639
576560,35.937
576570,35.990
576580,44.562
576590,34.934
576600,35.917
576610,33.438
576620,34.889
576630,42.541
576640,32.772
576650,37.435
576660,33.199
576670,46.286
576680,35.783
576690,39.739
576700,32.929
576710,36.428
576720,40.427
576730,37.508
576740,34.941
576750,36.655
576760,33.864
576770,47.309
576780,36.898
576790,49.427
576800,36.641
576810,42.252
576820,35.776
576830,35.172
576840,57.249
576850,34.272
576860,60.037
576870,34.546
576880,55.903
576890,35.109
576900,35.429
576910,36.114
576920,46.122
576930,33.976
576940,57.636
576950,36.818
576960,35.912
576970,43.636
576980,34.259
576990,50.812
577000,33.701
577010,45.255
577020,35.159
577030,35.919
577040,56.488
577050,35.028
577060,50.503
577070,32.426
577080,34.552
577090,34.190
577100,36.555
577110,35.173
577120,55.235
577130,34.842
577140,35.189
577150,36.432
577160,32.783
577170,36.286
577180,47.436
577190,35.587
577200,61.805
577210,34.367
577220,36.266
577230,37.077
577240,59.416
577250,34.620
577260,35.644
577270,39.036
577280,34.106
577290,34.829
577300,33.666
577310,37.327
577320,49.337
577330,38.153
577340,35.163
577350,37.682
577360,42.189
577370,34.196
577380,44.486
577390,35.046
577400,36.271
577410,40.160
577420,33.697
577430,36.002
577440,38.754
577450,35.157
577460,36.840
577470,42.969
577480,36.740
577490,40.616
577500,35.000
577510,38.578
577520,33.146
577530,57.508
577540,37.431
577550,35.492
577560,35.469
577570,38.056
577580,43.345
577590,37.043
577600,36.128
577610,44.428
577620,35.186
577630,36.647
577640,45.786
577650,34.615
577660,37.925
577670,38.201
577680,38.030
577690,34.908
577700,45.332
577710,35.285
577720,38.987
577730,33.599
577740,34.879
577750,42.964
577760,34.083
577770,35.365
577780,52.470
577790,36.702
577800,35.132
577810,36.348
577820,35.507
577830,42.779
577840,34.880
577850,36.750
577860,41.384
577870,33.036
577880,34.934
577890,37.879
577900,40.049
577910,33.849
577920,49.659
577930,33.811
577940,50.883
577950,32.882
577960,51.853
577970,33.621
577980,56.301
577990,34.613
578000,33.169
578010,56.128
578020,35.119
578030,40.122
578040,31.794
578050,36.440
578060,38.191
578070,35.270
578080,58.746
578090,35.561
578100,36.017
578110,39.530
578120,34.536
578130,35.973
578140,48.182
578150,35.014
578160,53.540
578170,36.418
578180,40.951
578190,33.483
578200,34.602
578210,38.955
578220,35.138
578230,52.595
578240,36.266
578250,35.548
578260,55.221
578270,34.362
578280,41.854
578290,32.858
578300,35.370
578310,32.640
578320,36.124
578330,40.017
578340,35.663
578350,37.542
578360,46.607
578370,35.642
578380,45.472
578390,34.237
578400,45.087
578410,34.373
578420,35.289
578430,50.037
578440,34.455
578450,36.066
578460,42.834
578470,36.306
578480,35.986
578490,38.075
578500,44.643
578510,31.880
578520,32.572
578530,37.573
578540,33.903
578550,36.155
578560,36.307
578570,35.204
578580,39.193
578590,35.230
578600,37.293
578610,35.767
578620,38.678
578630,35.914
578640,35.204
578650,48.888
578660,33.809
578670,41.122
578680,35.396
578690,36.157
578700,36.735
578710,33.475
578720,36.861
578730,44.185
578740,36.390
578750,36.330
578760,58.026
578770,36.172
578780,44.739
578790,33.307
578800,34.623
578810,47.759
578820,45.047
578830,33.552
578840,34.532
578850,37.612
578860,53.833
578870,37.036
578880,42.527
578890,33.542
578900,35.283
578910,38.691
578920,31.529
578930,38.925
578940,32.046
578950,56.999
578960,34.971
578970,37.792
578980,57.286
578990,32.424
579000,34.089
579010,59.586
579020,35.734
579030,34.882
579040,40.995
579050,34.467
579060,41.230
579070,34.816
579080,45.617
579090,32.314
579100,34.098
579110,37.631
579120,41.508
579130,36.929
579140,36.000
579150,38.279
579160,56.524
579170,36.632
579180,36.912
579190,37.333
579200,35.361
579210,45.616
579220,35.737
579230,34.137
579240,59.552
579250,36.465
579260,36.411
579270,37.058
579280,44.079
579290,34.483
579300,32.592
579310,35.088
579320,36.653
579330,34.465
579340,44.760
579350,34.185
579360,34.795
579370,48.694
579380,38.502
579390,35.461
579400,37.014
579410,44.014
579420,32.261
579430,36.421
579440,48.852
579450,34.872
579460,36.529
579470,48.618
579480,35.257
579490,35.158
579500,46.833
579510,35.932
579520,43.719
579530,33.228
579540,35.273
579550,49.920
579560,35.386
579570,36.355
579580,44.607
579590,34.517
579600,52.678
579610,34.755
579620,35.429
579630,37.527
579640,43.393
579650,35.587
579660,42.915
579670,34.407
579680,42.858
579690,33.440
579700,35.322
579710,51.507
579720,36.587
579730,36.833
579740,40.414
579750,33.764
579760,57.322
579770,35.765
579780,35.792
579790,38.546
579800,34.684
579810,54.394
579820,36.302
579830,36.314
579840,40.691
579850,33.844
579860,35.147
579870,47.479
579880,48.604
579890,35.986
579900,32.730
579910,34.616
579920,33.972
579930,36.629
579940,40.078
579950,35.127
579960,50.802
579970,36.343
579980,40.216
579990,33.202
580000,34.381
580010,50.712
580020,36.776
580030,40.144
580040,34.391
580050,40.003
580060,32.736
580070,46.314
580080,35.127
580090,36.804
580100,59.357
580110,37.947
580120,34.579
580130,57.194
580140,36.296
580150,35.416
580160,35.888
580170,38.254
580180,47.050
580190,35.706
580200,34.335
580210,36.612
580220,34.749
580230,36.664
580240,38.863
580250,40.131
580260,33.922
580270,34.909
580280,58.847
580290,35.212
580300,33.534
580310,36.231
580320,53.370
580330,35.094
580340,43.791
580350,33.715
580360,49.981
580370,32.001
580380,40.269
580390,33.091
580400,37.755
580410,33.827
580420,37.238
580430,39.749
580440,55.047
580450,35.311
580460,48.347
580470,33.230
580480,42.229
580490,32.531
580500,37.191
580510,32.865
580520,35.369
580530,48.493
580540,36.071
580550,44.299
580560,32.597
580570,35.590
580580,40.776
580590,34.315
580600,36.470
580610,38.974
580620,46.105
580630,34.424
580640,55.015
580650,35.265
580660,36.006
580670,41.990
580680,34.148
580690,36.239
580700,55.309
580710,36.929
580720,35.963
580730,41.691
580740,33.512
580750,57.344
580760,34.680
580770,59.439
580780,34.104
580790,54.718
580800,33.834
580810,57.050
580820,34.514
580830,56.303
580840,33.045
580850,34.226
580860,54.735
580870,35.089
580880,36.206
580890,62.463
580900,35.762
580910,38.621
580920,31.538
580930,35.206
580940,33.969
580950,34.326
580960,35.417
580970,33.887
580980,39.668
580990,43.783
581000,30.992
581010,34.176
581020,40.483
581030,34.167
581040,52.366
581050,35.218
581060,53.166
581070,35.240
581080,35.622
581090,33.514
581100,53.534
581110,34.224
581120,37.073
581130,33.089
581140,43.495
581150,34.050
581160,54.013
581170,35.224
581180,34.771
581190,43.256
581200,33.628
581210,57.813
581220,36.106
581230,34.930
581240,51.738
581250,35.061
581260,34.233
581270,55.902
581280,37.168
581290,35.741
581300,38.012
581310,37.184
581320,35.016
581330,37.964
581340,52.151
581350,37.370
581360,33.897
581370,39.549
581380,34.790
581390,39.549
581400,33.617
581410,36.893
581420,60.066
581430,37.701
581440,52.271
581450,33.235
581460,33.630
581470,55.453
581480,37.022
581490,56.024
581500,34.560
581510,34.101
581520,41.280
581530,35.257
581540,36.701
581550,40.007
581560,35.201
581570,40.580
581580,35.371
581590,36.211
581600,38.083
581610,34.327
581620,36.138
581630,39.526
581640,35.692
581650,44.795
581660,33.347
581670,52.726
581680,34.294
581690,57.501
581700,35.717
581710,55.708
581720,32.574
581730,32.599
581740,36.258
581750,42.709
581760,34.316
581770,37.793
581780,43.875
581790,45.759
581800,31.670
581810,57.660
581820,33.793
581830,54.903
581840,35.097
581850,36.550
581860,60.676
581870,36.289
581880,39.820
581890,32.308
581900,52.902
581910,34.921
581920,35.304
581930,37.703
581940,44.204
581950,36.138
581960,33.629
581970,54.449
581980,35.661
581990,37.817
582000,35.141
582010,41.249
582020,34.210
582030,36.184
582040,51.478
582050,34.128
582060,35.643
582070,45.212
582080,34.777
582090,59.516
582100,34.683
582110,35.480
582120,36.793
582130,58.546
582140,37.659
582150,36.138
582160,51.971
582170,36.477
582180,40.025
582190,33.759
582200,55.732
582210,34.126
582220,35.374
582230,41.100
582240,33.865
582250,51.412
582260,33.420
582270,43.520
582280,33.041
582290,46.439
582300,35.400
582310,57.026
582320,35.315
582330,33.654
582340,53.140
582350,34.473
582360,35.342
582370,37.701
582380,40.232
582390,41.282
582400,34.439
582410,36.864
582420,59.529
582430,36.099
582440,36.294
582450,55.976
582460,35.732
582470,35.329
582480,36.506
582490,34.017
582500,45.518
582510,34.884
582520,35.763
582530,42.888
582540,33.989
582550,45.829
582560,34.579
582570,36.595
582580,33.258
582590,56.686
582600,35.311
582610,35.233
582620,42.247
582630,33.962
582640,35.057
582650,37.833
582660,41.993
582670,32.809
582680,54.869
582690,33.543
582700,55.283
582710,36.672
582720,34.627
582730,50.831
582740,32.991
582750,41.330
582760,32.241
582770,47.247
582780,33.871
582790,33.604
582800,36.773
582810,50.326
582820,34.723
582830,34.790
582840,62.625
582850,35.882
582860,34.213
582870,42.812
582880,35.128
582890,40.688
582900,32.892
582910,36.580
582920,54.034
582930,34.387
582940,34.332
582950,36.175
582960,53.276
582970,33.163
582980,39.055
582990,33.637
583000,36.464
583010,42.741
583020,34.628
583030,39.535
583040,33.354
583050,34.454
583060,37.316
583070,38.157
583080,43.521
583090,33.352
583100,36.544
583110,49.188
583120,37.034
583130,36.304
583140,38.000
583150,38.460
583160,40.863
583170,40.139
583180,39.291
583190,32.802
583200,55.934
583210,35.821
583220,34.237
583230,50.677
583240,34.379
583250,44.243
583260,33.109
583270,36.621
583280,34.873
583290,50.206
583300,34.597
583310,34.924
583320,49.830
583330,35.260
583340,35.216
583350,40.426
583360,34.641
583370,57.462
583380,37.246
583390,35.714
583400,60.819
583410,34.898
583420,36.285
583430,45.968
583440,34.635
583450,35.960
583460,47.391
583470,35.391
583480,39.899
583490,33.849
583500,35.720
583510,38.234
583520,39.572
583530,56.440
583540,32.853
583550,56.302
583560,34.612
583570,33.897
583580,41.639
583590,33.224
583600,42.869
583610,33.546
583620,56.737
583630,36.257
583640,59.031
583650,30.739
583660,32.826
583670,36.254
583680,41.610
583690,33.206
583700,55.712
583710,36.032
583720,34.963
583730,46.691
583740,34.380
583750,53.456
583760,34.728
583770,34.146
583780,37.667
583790,39.544
583800,55.271
583810,35.968
583820,35.786
583830,42.420
583840,35.785
583850,35.722
583860,36.984
583870,35.226
583880,40.671
583890,33.381
583900,50.865
583910,33.014
583920,54.210
583930,34.849
583940,53.622
583950,32.739
583960,37.706
583970,33.004
583980,52.258
583990,36.539
584000,35.045
584010,40.242
584020,33.795
584030,43.246
584040,33.931
584050,34.822
584060,35.563
584070,34.785
584080,37.327
584090,39.055
584100,35.617
584110,37.501
584120,35.605
584130,45.862
584140,33.493
584150,35.483
584160,40.758
584170,36.751
584180,38.555
584190,33.887
584200,49.839
584210,34.192
584220,58.217
584230,33.768
584240,34.421
584250,37.731
584260,34.666
584270,51.314
584280,35.361
584290,35.154
584300,35.495
584310,38.535
584320,35.191
584330,38.459
584340,43.573
584350,34.329
584360,53.779
584370,35.404
584380,37.507
584390,31.018
584400,49.791
584410,34.092
584420,58.676
584430,35.720
584440,33.859
584450,55.776
584460,36.490
584470,40.567
584480,34.078
584490,35.086
584500,38.322
584510,34.393
584520,35.681
584530,36.931
584540,34.230
584550,44.557
584560,36.302
584570,35.722
584580,55.996
584590,35.306
584600,36.484
584610,40.281
584620,35.563
584630,35.366
584640,47.091
584650,32.380
584660,42.958
584670,32.015
584680,36.343
584690,36.870
584700,38.041
584710,34.140
584720,35.612
584730,33.856
584740,36.910
584750,34.207
584760,36.550
584770,61.046
584780,37.213
584790,46.827
584800,37.660
584810,53.360
584820,32.820
584830,35.001
584840,37.565
584850,43.818
584860,35.751
584870,37.707
584880,57.550
584890,36.208
584900,54.415
584910,34.521
584920,36.334
584930,54.112
584940,36.088
584950,35.428
584960,47.671
584970,34.361
584980,38.171
584990,33.085
585000,49.346
585010,34.094
585020,35.299
585030,36.818
585040,43.644
585050,35.034
585060,36.130
585070,40.606
585080,38.280
585090,33.694
585100,41.598
585110,50.899
585120,33.417
585130,33.284
585140,50.624
585150,33.014
585160,44.909
585170,32.123
585180,35.527
585190,30.676
585200,34.380
585210,40.382
585220,35.610
585230,53.044
585240,36.132
585250,41.040
585260,50.730
585270,30.690
585280,33.105
585290,37.653
585300,53.721
585310,35.514
585320,35.544
585330,38.054
585340,34.944
585350,39.390
585360,32.879
585370,44.431
585380,35.327
585390,38.644
585400,33.487
585410,36.376
585420,61.635
585430,35.791
585440,35.828
585450,36.965
585460,38.151
585470,34.974
585480,37.240
585490,41.742
585500,36.728
585510,58.097
585520,35.295
585530,35.578
585540,39.500
585550,32.757
585560,58.004
585570,36.200
585580,56.386
585590,33.922
585600,34.313
585610,42.693
585620,35.988
585630,35.304
585640,39.793
585650,33.389
585660,35.982
585670,59.737
585680,39.007
585690,35.487
585700,37.863
585710,39.281
585720,41.827
585730,35.996
585740,34.151
585750,36.610
585760,45.702
585770,34.592
585780,37.145
585790,40.627
585800,34.782
585810,35.728
585820,43.174
585830,35.234
585840,33.852
585850,42.546
585860,33.734
585870,35.017
585880,37.431
585890,53.308
585900,34.288
585910,35.483
585920,49.263
585930,34.392
585940,37.147
585950,39.884
585960,34.806
585970,36.872
585980,40.597
585990,35.295
586000,46.637
586010,34.975
586020,35.787
586030,37.417
586040,58.486
586050,34.556
586060,35.229
586070,42.524
586080,35.610
586090,38.169
586100,34.298
586110,43.308
586120,35.545
586130,38.479
586140,32.182
586150,34.732
586160,37.927
586170,38.932
586180,36.317
586190,38.437
586200,33.030
586210,46.413
586220,35.267
586230,59.743
586240,33.978
586250,34.282
586260,49.342
586270,37.605
586280,36.370
586290,36.618
586300,38.386
586310,39.238
586320,39.503
586330,34.894
586340,37.184
586350,43.156
586360,35.678
586370,39.854
586380,36.016
586390,33.969
586400,36.410
586410,45.348
586420,34.988
586430,50.020
586440,33.767
586450,46.464
586460,33.624
586470,48.407
586480,32.293
586490,34.617
586500,38.754
586510,33.983
586520,41.005
586530,32.913
586540,35.288
586550,45.674
586560,34.811
586570,36.575
586580,60.825
586590,34.977
586600,35.148
586610,38.314
586620,45.933
586630,34.724
586640,35.585
586650,41.958
586660,58.336
586670,33.526
586680,54.503
586690,33.921
586700,34.831
586710,54.904
586720,36.791
586730,34.547
586740,47.346
586750,33.826
586760,36.129
586770,36.885
586780,52.783
586790,34.076
586800,35.835
586810,36.902
586820,37.558
586830,35.415
586840,39.335
586850,34.515
586860,36.233
586870,38.136
586880,41.936
586890,32.856
586900,34.832
586910,34.348
586920,38.105
586930,33.039
586940,34.416
586950,37.770
586960,34.772
586970,45.591
586980,37.228
586990,35.350
587000,38.959
587010,33.440
587020,35.888
587030,45.988
587040,33.978
587050,37.194
587060,49.076
587070,36.070
587080,39.329
587090,33.778
587100,35.839
587110,38.491
587120,37.590
587130,54.389
587140,34.210
587150,33.062
587160,38.534
587170,47.914
587180,34.587
587190,34.387
587200,40.619
587210,35.044
587220,56.437
587230,34.762
587240,36.238
587250,37.939
587260,52.312
587270,36.691
587280,35.591
587290,36.065
587300,38.417
587310,34.885
587320,57.481
587330,34.440
587340,37.278
587350,47.815
587360,32.109
587370,58.383
587380,34.619
587390,34.592
587400,36.573
587410,38.358
587420,41.437
587430,34.794
587440,35.473
587450,39.429
587460,50.923
587470,36.382
587480,38.051
587490,33.265
587500,41.423
587510,33.912
587520,33.777
587530,42.541
587540,32.674
587550,34.495
587560,55.435
587570,37.083
587580,34.620
587590,38.463
587600,34.543
587610,36.214
587620,58.986
587630,37.203
587640,35.298
587650,37.928
587660,34.143
587670,35.905
587680,52.734
587690,35.851
587700,41.094
587710,36.044
587720,36.120
587730,36.489
587740,59.060
587750,38.559
587760,35.162
587770,38.887
587780,34.133
587790,54.633
587800,35.603
587810,41.667
587820,33.129
587830,60.224
587840,34.807
587850,58.113
587860,32.742
587870,33.952
587880,37.608
587890,39.158
587900,41.722
587910,35.830
587920,36.180
587930,37.464
587940,41.661
587950,34.250
587960,61.725
587970,35.266
587980,34.194
587990,50.495
588000,35.004
588010,55.521
588020,35.213
588030,36.678
588040,56.328
588050,36.640
588060,34.475
588070,53.746
588080,35.859
588090,35.869
588100,38.169
588110,40.734
588120,35.110
588130,44.146
588140,33.836
588150,35.039
588160,31.755
588170,36.333
588180,40.088
588190,35.540
588200,38.195
588210,34.064
588220,36.417
588230,33.611
588240,53.048
588250,34.505
588260,38.356
588270,34.220
588280,38.648
588290,34.239
588300,56.487
588310,35.336
588320,47.723
588330,34.914
588340,50.399
588350,33.150
588360,33.898
588370,59.986
588380,37.143
588390,34.953
588400,40.469
588410,34.637
588420,35.867
588430,33.539
588440,46.969
588450,36.501
588460,61.393
588470,33.065
588480,36.327
588490,32.374
588500,35.542
588510,35.381
588520,40.955
588530,33.460
588540,33.862
588550,33.799
588560,37.087
588570,38.427
588580,35.387
588590,37.350
588600,39.590
588610,31.279
588620,38.850
588630,33.606
588640,41.329
588650,33.069
588660,56.444
588670,34.769
588680,35.230
588690,51.268
588700,36.028
588710,36.503
588720,47.620
588730,37.222
588740,56.394
588750,34.602
588760,34.478
588770,46.513
588780,34.420
588790,38.541
588800,35.117
588810,36.206
588820,36.736
588830,37.967
588840,34.229
588850,37.022
588860,39.698
588870,55.096
588880,33.254
588890,33.934
588900,40.864
588910,34.178
588920,54.950
588930,35.552
588940,58.757
588950,36.417
588960,34.710
588970,43.029
588980,37.245
588990,55.632
589000,34.976
589010,35.636
589020,37.614
589030,33.153
589040,35.444
589050,43.992
589060,31.259
589070,33.420
589080,38.480
589090,34.410
589100,49.534
589110,35.136
589120,38.288
589130,33.407
589140,35.561
589150,36.298
589160,51.324
589170,35.255
589180,38.364
589190,34.253
589200,41.263
589210,33.034
589220,35.057
589230,31.701
589240,53.089
589250,35.124
589260,35.226
589270,45.619
589280,37.939
589290,36.084
589300,36.754
589310,43.872
589320,35.488
589330,37.715
589340,35.804
589350,50.829
589360,33.635
589370,37.156
589380,33.751
589390,38.253
589400,33.309
589410,49.848
589420,34.351
589430,39.401
589440,33.391
589450,39.029
589460,34.368
589470,33.422
589480,44.466
589490,34.638
589500,35.789
589510,38.224
589520,35.372
589530,36.204
589540,37.818
589550,35.029
589560,38.957
589570,34.009
589580,39.063
589590,33.210
589600,35.684
589610,45.460
589620,33.886
589630,41.577
589640,33.308
589650,45.590
589660,32.373
589670,34.008
589680,38.134
589690,34.223
589700,36.517
589710,33.124
589720,36.385
589730,43.597
589740,34.036
589750,35.779
589760,34.719
589770,44.260
589780,34.401
589790,35.719
589800,58.403
589810,36.669
589820,36.381
589830,31.971
589840,35.718
589850,38.739
589860,33.701
589870,43.863
589880,35.830
589890,49.074
589900,49.050
589910,35.036
589920,33.617
589930,40.790
589940,35.052
589950,35.597
589960,38.909
589970,34.406
589980,37.275
589990,35.202
590000,37.401
590010,38.263
590020,54.303
590030,34.034
590040,43.702
590050,35.176
590060,36.073
590070,37.201
590080,38.699
590090,57.578
590100,31.466
590110,44.906
590120,33.941
590130,34.789
590140,55.771
590150,37.165
590160,35.582
590170,35.483
590180,36.147
590190,30.306
590200,45.229
590210,32.928
590220,35.363
590230,60.656
590240,35.100
590250,36.286
590260,59.097
590270,37.236
590280,45.770
590290,34.626
590300,42.687
590310,34.598
590320,34.992
590330,59.433
590340,36.044
590350,35.688
590360,42.910
590370,33.441
590380,35.453
590390,36.694
590400,34.751
590410,48.104
590420,33.118
590430,56.540
590440,33.200
590450,35.161
590460,37.744
590470,39.295
590480,35.076
590490,51.791
590500,33.859
590510,35.227
590520,35.072
590530,45.084
590540,35.759
590550,33.588
590560,39.339
590570,33.436
590580,35.791
590590,36.096
590600,34.959
590610,40.116
590620,34.071
590630,35.672
590640,38.816
590650,49.569
590660,37.294
590670,34.021
590680,53.158
590690,36.109
590700,35.329
590710,39.326
590720,37.021
590730,48.784
590740,33.625
590750,58.544
590760,33.486
590770,33.523
590780,40.879
590790,47.808
590800,32.881
590810,48.599
590820,32.778
590830,34.759
590840,41.464
590850,34.832
590860,37.421
590870,53.423
590880,36.307
590890,51.346
590900,33.932
590910,35.757
590920,36.950
590930,39.084
590940,34.224
590950,41.254
590960,37.077
590970,34.980
590980,47.832
590990,36.696
591000,42.142
591010,32.994
591020,34.622
591030,38.033
591040,35.447
591050,56.630
591060,34.776
591070,53.149
591080,35.973
591090,35.256
591100,61.758
591110,35.919
591120,36.904
591130,39.698
591140,34.349
591150,35.569
591160,33.829
591170,52.470
591180,36.681
591190,36.834
591200,45.917
591210,35.132
591220,60.193
591230,36.475
591240,36.353
591250,39.464
591260,34.440
591270,36.805
591280,42.106
591290,36.181
591300,37.021
591310,42.039
591320,35.964
591330,34.486
591340,38.696
591350,38.254
591360,35.592
591370,55.649
591380,38.382
591390,34.019
591400,36.098
591410,38.981
591420,35.616
591430,58.844
591440,35.162
591450,35.191
591460,57.958
591470,34.372
591480,36.432
591490,39.175
591500,34.742
591510,56.224
591520,36.293
591530,55.058
591540,33.074
591550,35.003
591560,53.610
591570,35.111
591580,37.050
591590,53.918
591600,35.564
591610,35.025
591620,61.996
591630,36.355
591640,36.784
591650,37.830
591660,44.671
591670,33.758
591680,37.458
591690,34.710
591700,35.616
591710,51.723
591720,36.380
591730,39.896
591740,31.034
591750,34.971
591760,49.339
591770,35.131
591780,47.366
591790,35.903
591800,34.121
591810,46.747
591820,54.913
591830,32.709
591840,33.240
591850,51.725
591860,35.900
591870,36.618
591880,46.885
591890,34.182
591900,36.224
591910,38.124
591920,34.250
591930,45.248
591940,34.919
591950,44.161
591960,34.564
591970,34.712
591980,38.714
591990,55.382
592000,33.063
592010,33.263
592020,59.736
592030,35.774
592040,34.764
592050,36.816
592060,38.405
592070,34.175
592080,47.014
592090,37.004
592100,33.431
592110,48.770
592120,34.040
592130,34.969
592140,36.860
592150,47.914
592160,34.966
592170,47.375
592180,33.791
592190,34.437
592200,54.673
592210,34.381
592220,35.245
592230,37.504
592240,34.643
592250,42.988
592260,34.884
592270,34.001
592280,38.338
592290,46.588
592300,33.526
592310,54.588
592320,32.211
592330,34.334
592340,51.223
592350,36.052
592360,35.699
592370,38.695
592380,40.439
592390,35.681
592400,35.177
592410,38.066
592420,33.099
592430,36.042
592440,62.895
592450,35.380
592460,52.264
592470,34.083
592480,37.135
592490,54.605
592500,35.503
592510,34.836
592520,37.629
592530,48.000
592540,34.722
592550,36.025
592560,38.892
592570,34.497
592580,36.982
592590,38.046
592600,50.170
592610,32.643
592620,39.533
592630,33.858
592640,37.212
592650,33.662
592660,35.358
592670,59.723
592680,37.009
592690,46.912
592700,33.625
592710,39.546
592720,33.732
592730,35.702
592740,59.195
592750,35.551
592760,47.257
592770,36.335
592780,34.293
592790,50.250
592800,35.330
592810,34.069
592820,49.409
592830,35.339
592840,56.926
592850,34.752
592860,35.756
592870,37.594
592880,34.859
592890,32.266
592900,37.994
592910,33.136
592920,37.656
592930,31.990
592940,35.327
592950,51.392
592960,33.983
592970,45.708
592980,33.756
592990,35.447
593000,36.630
593010,41.698
593020,48.573
593030,34.123
593040,39.660
593050,34.282
593060,31.039
593070,34.624
593080,38.609
593090,35.278
593100,36.235
593110,39.743
593120,34.706
593130,36.211
593140,38.546
593150,32.111
593160,34.685
593170,37.473
593180,47.823
593190,33.205
593200,35.654
593210,37.097
593220,55.253
593230,34.630
593240,34.108
593250,40.031
593260,34.368
593270,38.283
593280,34.982
593290,34.867
593300,42.972
593310,34.957
593320,36.943
593330,48.598
593340,33.658
593350,57.228
593360,35.845
593370,33.770
593380,36.117
593390,33.355
593400,37.215
593410,34.535
593420,60.160
593430,35.380
593440,35.661
593450,49.570
593460,33.812
593470,35.734
593480,36.580
593490,33.094
593500,37.756
593510,34.090
593520,51.682
593530,32.665
593540,33.941
593550,34.862
593560,44.031
593570,33.129
593580,34.774
593590,54.661
593600,34.279
593610,35.139
593620,36.963
593630,37.516
593640,36.338
593650,52.491
593660,35.421
593670,34.750
593680,46.825
593690,35.270
593700,36.480
593710,48.463
593720,39.174
593730,36.489
593740,44.791
593750,34.364
593760,36.180
593770,38.170
593780,38.684
593790,35.373
593800,44.158
593810,35.714
593820,59.551
593830,36.274
593840,55.489
593850,33.570
593860,33.064
593870,36.509
593880,34.681
593890,42.113
593900,38.653
593910,54.023
593920,32.752
593930,32.545
593940,35.940
593950,37.619
593960,45.182
593970,35.244
593980,37.730
593990,32.974
594000,36.605
594010,35.202
594020,36.072
594030,56.017
594040,34.316
594050,35.002
594060,40.529
594070,36.185
594080,55.643
594090,34.318
594100,33.839
594110,49.068
594120,35.502
594130,55.175
594140,33.333
594150,53.894
594160,35.490
594170,35.200
594180,35.950
594190,32.515
594200,57.017
594210,36.957
594220,34.775
594230,37.194
594240,56.121
594250,36.163
594260,36.687
594270,42.410
594280,35.349
594290,45.795
594300,32.013
594310,34.060
594320,37.006
594330,34.433
594340,34.979
594350,36.482
594360,37.140
594370,35.806
594380,44.314
594390,35.147
594400,43.307
594410,36.192
594420,36.575
594430,46.034
594440,34.761
594450,54.466
594460,34.858
594470,33.708
594480,51.818
594490,34.878
594500,56.909
594510,35.423
594520,47.378
594530,34.320
594540,35.132
594550,37.901
594560,38.060
594570,48.209
594580,34.124
594590,45.886
594600,31.979
594610,34.762
594620,37.330
594630,37.040
594640,34.610
594650,43.068
594660,50.742
594670,33.071
594680,54.686
594690,35.328
594700,34.054
594710,44.262
594720,34.419
594730,38.748
594740,33.988
594750,35.558
594760,38.322
594770,39.251
594780,41.070
594790,35.231
594800,49.013
594810,33.916
594820,44.521
594830,32.719
594840,35.471
594850,37.178
594860,37.162
594870,35.388
594880,61.927
594890,36.827
594900,51.814
594910,32.969
594920,43.832
594930,34.621
594940,46.367
594950,34.020
594960,34.622
594970,38.711
594980,34.455
594990,47.078
595000,34.750
595010,35.764
595020,41.374
595030,34.043
595040,46.466
595050,34.517
595060,47.696
595070,32.478
595080,35.420
595090,33.695
595100,35.352
595110,50.796
595120,37.415
595130,57.783
595140,34.971
595150,39.852
595160,32.481
595170,35.812
595180,38.391
595190,32.928
595200,37.611
595210,45.543
595220,36.267
595230,36.293
595240,48.666
595250,35.292
595260,33.777
595270,32.333
595280,35.891
595290,33.320
595300,35.962
595310,56.368
595320,37.709
595330,51.819
595340,34.340
595350,51.329
595360,32.933
595370,34.698
595380,34.421
595390,34.997
595400,35.710
595410,36.759
595420,34.705
595430,36.728
595440,42.168
595450,36.322
595460,37.196
595470,39.393
595480,39.523
595490,34.596
595500,36.586
595510,59.461
595520,37.205
595530,46.817
595540,36.213
595550,33.564
595560,37.014
595570,34.791
595580,63.281
595590,33.938
595600,33.883
595610,62.082
595620,35.584
595630,50.206
595640,33.652
595650,34.430
595660,64.956
595670,35.394
595680,32.819
595690,32.375
595700,41.270
595710,34.245
595720,35.930
595730,37.160
595740,48.476
595750,35.945
595760,35.200
595770,42.145
595780,35.975
595790,36.327
595800,59.529
595810,36.068
595820,36.456
595830,40.446
595840,34.910
595850,36.698
595860,46.350
595870,37.037
595880,42.239
595890,34.807
595900,35.715
595910,46.691
595920,35.789
595930,36.932
595940,43.309
595950,34.798
595960,35.011
595970,62.536
595980,36.465
595990,36.047
596000,37.004
596010,47.614
596020,35.453
596030,60.311
596040,35.573
596050,34.167
596060,37.031
596070,42.417
596080,36.219
596090,52.891
596100,33.772
596110,35.904
596120,42.129
596130,33.650
596140,36.541
596150,42.912
596160,34.830
596170,36.299
596180,59.547
596190,37.318
596200,35.440
596210,37.129
596220,48.353
596230,33.746
596240,54.961
596250,33.329
596260,47.758
596270,35.051
596280,36.253
596290,36.969
596300,37.947
596310,37.527
596320,34.734
596330,37.421
596340,47.436
596350,36.496
596360,35.645
596370,41.560
596380,34.679
596390,42.905
596400,32.973
596410,57.310
596420,35.928
596430,34.137
596440,36.106
596450,35.310
596460,38.428
596470,48.361
596480,35.826
596490,35.428
596500,52.117
596510,35.196
596520,46.412
596530,32.637
596540,44.067
596550,33.837
596560,52.091
596570,35.342
596580,34.469
596590,43.900
596600,33.214
596610,34.567
596620,48.105
596630,33.504
596640,35.093
596650,41.492
596660,32.831
596670,36.339
596680,38.275
596690,35.599
596700,50.223
596710,36.931
596720,55.229
596730,33.535
596740,35.824
596750,44.063
596760,34.418
596770,36.607
596780,36.921
596790,35.902
596800,37.400
596810,43.197
596820,35.331
596830,35.125
596840,38.540
596850,39.030
596860,54.166
596870,36.163
596880,35.673
596890,33.335
596900,59.661
596910,35.115
596920,39.739
596930,33.949
596940,57.600
596950,34.218
596960,44.204
596970,34.529
596980,42.313
596990,33.043
597000,35.641
597010,44.550
597020,34.873
597030,35.114
597040,32.930
597050,50.718
597060,35.153
597070,35.500
597080,42.839
597090,35.899
597100,36.426
597110,36.517
597120,58.207
597130,36.099
597140,37.042
597150,37.067
597160,39.021
597170,41.145
597180,35.297
597190,44.541
597200,34.030
597210,41.845
597220,34.098
597230,35.846
597240,47.935
597250,35.275
597260,36.312
597270,38.434
597280,48.893
597290,31.856
597300,40.413
597310,32.401
597320,36.554
597330,33.028
597340,36.650
597350,37.807
597360,39.013
597370,34.635
597380,36.983
597390,37.098
597400,42.849
597410,36.828
597420,37.240
597430,52.992
597440,36.367
597450,34.600
597460,36.085
597470,35.293
597480,36.606
597490,56.072
597500,35.360
597510,34.675
597520,40.583
597530,35.549
597540,37.138
597550,37.895
597560,54.928
597570,35.262
597580,36.426
597590,45.561
597600,35.598
597610,57.683
597620,35.733
597630,35.970
597640,37.997
597650,40.704
597660,35.323
597670,36.879
597680,38.879
597690,38.054
597700,40.699
597710,31.985
597720,52.278
597730,35.631
597740,34.293
597750,37.229
597760,42.507
597770,35.441
597780,42.597
597790,33.554
597800,35.600
597810,36.781
597820,35.098
597830,36.630
597840,37.339
597850,34.793
597860,41.173
597870,33.424
597880,35.862
597890,32.726
597900,36.411
597910,35.246
597920,36.319
597930,55.616
597940,36.326
597950,45.341
597960,35.442
597970,38.856
597980,35.728
597990,34.756
598000,41.359
598010,33.857
598020,52.437
598030,33.019
598040,53.186
598050,33.552
598060,34.588
598070,57.686
598080,36.211
598090,58.615
598100,34.201
598110,34.140
598120,53.121
598130,35.246
598140,55.775
598150,33.045
598160,41.842
598170,34.435
598180,57.499
598190,35.056
598200,35.564
598210,38.717
598220,34.686
598230,34.488
598240,38.089
598250,35.725
598260,37.358
598270,34.851
598280,37.155
598290,37.134
598300,38.082
598310,37.392
598320,33.379
598330,35.593
598340,37.851
598350,39.823
598360,63.157
598370,37.478
598380,35.578
598390,58.212
598400,35.203
598410,35.299
598420,48.952
598430,36.128
598440,37.341
598450,39.238
598460,33.774
598470,52.269
598480,36.934
598490,50.166
598500,32.704
598510,34.343
598520,39.544
598530,34.051
598540,43.288
598550,33.465
598560,42.804
598570,33.547
598580,34.805
598590,36.373
598600,34.448
598610,35.749
598620,35.266
598630,36.204
598640,38.594
598650,57.296
598660,36.454
598670,41.197
598680,36.166
598690,35.003
598700,44.402
598710,35.609
598720,52.724
598730,34.416
598740,42.271
598750,35.287
598760,34.965
598770,38.981
598780,57.343
598790,34.270
598800,48.373
598810,34.798
598820,34.530
598830,36.505
598840,32.980
598850,52.701
598860,35.226
598870,48.451
598880,35.282
598890,32.703
598900,56.544
598910,34.961
598920,33.600
598930,42.834
598940,33.967
598950,35.481
598960,33.941
598970,38.774
598980,40.980
598990,32.045
599000,44.854
599010,33.070
599020,42.892
599030,35.380
599040,35.883
599050,58.918
599060,34.004
599070,40.593
599080,36.541
599090,57.081
599100,33.547
599110,48.319
599120,48.742
599130,29.951
599140,32.842
599150,36.956
599160,32.928
599170,55.047
599180,37.496
599190,41.436
599200,33.681
599210,35.488
599220,36.874
599230,44.249
599240,36.489
599250,36.155
599260,38.401
599270,39.058
599280,36.753
599290,36.625
599300,36.323
599310,35.861
599320,41.654
599330,34.065
599340,55.652
599350,37.025
599360,56.109
599370,35.651
599380,35.273
599390,35.485
599400,39.464
599410,35.863
599420,57.524
599430,36.514
599440,34.112
599450,59.525
599460,32.742
599470,42.829
599480,33.190
599490,36.483
599500,32.985
599510,36.390
599520,48.671
599530,34.888
599540,35.621
599550,42.012
599560,36.173
599570,36.198
599580,56.782
599590,35.828
599600,52.846
599610,34.029
599620,53.846
599630,33.121
599640,34.110
599650,36.449
599660,49.490
599670,51.154
599680,34.812
599690,34.691
599700,47.637
599710,35.338
599720,36.083
599730,60.134
599740,35.644
599750,35.780
599760,58.911
599770,35.760
599780,57.948
599790,34.131
599800,34.113
599810,35.458
599820,37.094
599830,45.466
599840,32.679
599850,34.508
599860,45.209
599870,47.632
599880,34.369
599890,35.194
599900,37.706
599910,41.419
599920,54.225
599930,33.206
599940,35.746
599950,36.240
599960,43.514
599970,34.854
599980,36.814
599990,38.859
600000,34.182
600010,36.603
600020,53.022
600030,34.980
600040,56.878
600050,34.170
600060,34.538
600070,55.567
600080,36.981
600090,34.985
600100,36.328
600110,42.538
600120,33.816
600130,35.636
600140,38.200
600150,34.111
600160,59.453
600170,57.548
600180,34.975
600190,33.033
600200,54.197
600210,35.323
600220,34.932
600230,37.341
600240,39.383
600250,39.709
600260,35.647
600270,54.303
600280,37.175
600290,34.451
600300,39.842
600310,34.525
600320,42.545
600330,34.471
600340,35.250
600350,37.597
600360,33.392
600370,56.826
600380,36.191
600390,34.004
600400,55.681
600410,37.787
600420,39.579
600430,33.717
600440,34.435
600450,38.439
600460,40.823
600470,31.966
600480,49.003
600490,33.953
600500,41.875
600510,34.233
600520,40.515
600530,33.332
600540,34.074
600550,40.126
600560,34.257
600570,40.415
600580,34.186
600590,53.105
600600,34.825
600610,55.987
600620,35.447
600630,34.674
600640,36.672
600650,53.177
600660,33.948
600670,41.522
600680,32.736
600690,35.231
600700,46.272
600710,36.163
600720,38.858
600730,53.355
600740,32.838
600750,53.580
600760,33.654
600770,36.350
600780,33.750
600790,35.838
600800,39.829
600810,34.077
600820,53.147
600830,35.124
600840,33.841
600850,35.752
600860,34.670
600870,36.042
600880,38.233
600890,34.373
600900,36.903
600910,38.883
600920,38.513
600930,44.541
600940,32.256
600950,35.230
600960,58.943
600970,37.524
600980,35.874
600990,59.837
601000,35.540
601010,36.561
601020,39.841
601030,34.769
601040,36.176
601050,33.740
601060,35.617
601070,38.787
601080,49.850
601090,36.759
601100,36.178
601110,41.157
601120,47.720
601130,33.313
601140,50.247
601150,33.574
601160,34.159
601170,62.974
601180,36.239
601190,33.299
601200,36.048
601210,34.799
601220,37.026
601230,38.080
601240,35.563
601250,38.122
601260,33.395
601270,36.512
601280,54.799
601290,37.172
601300,35.723
601310,38.349
601320,35.409
601330,37.811
601340,33.718
601350,39.093
601360,32.798
601370,39.442
601380,35.489
601390,36.682
601400,46.905
601410,35.076
601420,36.396
601430,45.499
601440,36.209
601450,51.912
601460,35.427
601470,54.514
601480,36.165
601490,35.504
601500,35.409
601510,34.388
601520,62.777
601530,33.930
601540,34.015
601550,57.368
601560,36.231
601570,35.638
601580,39.732
601590,34.293
601600,37.848
601610,33.419
601620,35.543
601630,37.703
601640,34.427
601650,36.257
601660,54.725
601670,33.697
601680,35.352
601690,35.395
601700,38.445
601710,35.503
601720,38.430
601730,43.204
601740,34.548
601750,34.404
601760,37.394
601770,44.249
601780,34.331
601790,48.002
601800,33.850
601810,45.556
601820,33.429
601830,34.798
601840,37.299
601850,35.714
601860,41.452
601870,60.018
601880,34.125
601890,32.717
601900,41.579
601910,31.968
601920,35.613
601930,52.433
601940,33.739
601950,34.253
601960,36.875
601970,35.444
601980,37.270
601990,49.806
602000,35.546
602010,34.708
602020,31.345
602030,43.841
602040,34.439
602050,53.470
602060,34.558
602070,55.280
602080,34.298
602090,33.779
602100,43.245
602110,34.316
602120,35.714
602130,38.371
602140,40.509
602150,33.346
602160,56.772
602170,55.227
602180,33.159
602190,33.107
602200,37.734
602210,33.735
602220,34.910
602230,57.869
602240,34.429
602250,35.538
602260,40.021
602270,59.029
602280,34.966
602290,33.115
602300,48.440
602310,34.854
602320,35.423
602330,47.444
602340,57.574
602350,34.484
602360,58.004
602370,34.720
602380,56.361
602390,34.338
602400,49.086
602410,34.256
602420,34.877
602430,58.530
602440,36.690
602450,56.639
602460,32.532
602470,53.400
602480,36.184
602490,34.610
602500,37.110
602510,38.681
602520,34.620
602530,36.785
602540,51.587
602550,35.635
602560,36.081
602570,57.882
602580,35.445
602590,36.162
602600,37.978
602610,38.706
602620,34.760
602630,62.358
602640,35.554
602650,34.350
602660,36.555
602670,59.418
602680,37.992
602690,33.874
602700,39.726
602710,44.944
602720,33.715
602730,32.966
602740,36.295
602750,36.539
602760,35.564
602770,48.788
602780,36.002
602790,36.692
602800,42.431
602810,32.691
602820,34.618
602830,38.092
602840,38.412
602850,38.774
602860,59.625
602870,57.563
602880,30.989
602890,40.333
602900,34.992
602910,32.937
602920,36.532
602930,60.208
602940,36.968
602950,34.580
602960,37.170
602970,51.440
602980,37.400
602990,39.262
603000,32.497
603010,45.659
603020,34.139
603030,36.092
603040,40.961
603050,33.841
603060,35.284
603070,48.951
603080,35.149
603090,35.128
603100,57.741
603110,35.971
603120,34.687
603130,38.140
603140,34.359
603150,44.611
603160,34.258
603170,40.672
603180,35.967
603190,49.429
603200,36.496
603210,33.896
603220,36.000
603230,37.088
603240,38.294
603250,34.951
603260,59.727
603270,36.376
603280,35.398
603290,40.391
603300,33.661
603310,35.383
603320,38.870
603330,32.726
603340,57.398
603350,34.314
603360,46.529
603370,36.347
603380,35.678
603390,57.189
603400,36.738
603410,34.840
603420,37.639
603430,38.708
603440,44.073
603450,36.549
603460,34.163
603470,60.082
603480,35.615
603490,35.389
603500,46.119
603510,35.135
603520,40.906
603530,32.675
603540,40.254
603550,33.448
603560,37.158
603570,52.506
603580,36.981
603590,57.975
603600,35.193
603610,33.818
603620,50.495
603630,34.268
603640,49.763
603650,35.466
603660,35.549
603670,36.494
603680,34.605
603690,40.465
603700,33.066
603710,35.624
603720,33.181
603730,36.811
603740,43.274
603750,34.669
603760,56.490
603770,35.378
603780,35.005
603790,40.714
603800,33.818
603810,35.764
603820,38.716
603830,33.997
603840,37.367
603850,36.560
603860,51.076
603870,33.723
603880,34.973
603890,41.274
603900,56.133
603910,33.392
603920,56.579
603930,33.921
603940,35.737
603950,35.780
603960,35.023
603970,51.262
603980,36.132
603990,36.240
604000,44.862
604010,35.927
604020,34.856
604030,37.667
604040,38.114
604050,59.606
604060,34.560
604070,53.223
604080,34.412
604090,35.723
604100,43.682
604110,32.083
604120,35.621
604130,36.835
604140,35.011
604150,52.678
604160,34.261
604170,36.637
604180,33.702
604190,36.348
604200,38.820
604210,32.337
604220,54.414
604230,34.347
604240,39.646
604250,35.712
604260,35.698
604270,58.522
604280,35.507
604290,34.691
604300,32.654
604310,34.759
604320,33.824
604330,38.601
604340,33.894
604350,48.997
604360,32.835
604370,44.572
604380,34.471
604390,36.189
604400,36.714
604410,39.345
604420,40.585
604430,34.984
604440,37.581
604450,34.388
604460,44.949
604470,36.159
604480,36.612
604490,48.464
604500,33.720
604510,35.607
604520,37.542
604530,35.096
604540,58.364
604550,34.078
604560,35.351
604570,63.054
604580,35.848
604590,35.374
604600,34.977
604610,37.417
604620,34.263
604630,36.564
604640,40.822
604650,33.940
604660,35.495
604670,34.638
604680,39.173
604690,34.552
604700,34.946
604710,37.126
604720,47.619
604730,32.892
604740,33.393
604750,54.638
604760,32.948
604770,60.032
604780,34.018
604790,33.553
604800,50.608
604810,35.488
604820,35.628
604830,52.755
604840,34.186
604850,58.797
604860,35.257
604870,34.228
604880,51.683
604890,35.425
604900,35.280
604910,60.479
604920,37.889
604930,34.858
604940,46.009
604950,34.263
604960,36.905
604970,39.413
604980,52.982
604990,37.493
605000,47.011
605010,34.020
605020,35.534
605030,40.718
605040,33.627
605050,40.132
605060,35.079
605070,44.779
605080,32.746
605090,36.577
605100,38.614
605110,34.225
605120,37.069
605130,40.848
605140,32.935
605150,36.603
605160,45.613
605170,36.304
605180,35.954
605190,41.500
605200,35.335
605210,39.847
605220,34.311
605230,35.560
605240,60.234
605250,35.305
605260,35.258
605270,37.582
605280,35.442
605290,37.078
605300,38.340
605310,46.512
605320,45.370
605330,32.414
605340,33.291
605350,34.538
605360,34.346
605370,61.988
605380,36.672
605390,35.318
605400,36.194
605410,45.075
605420,32.468
605430,55.924
605440,35.895
605450,35.467
605460,37.319
605470,64.515
605480,35.904
605490,34.474
605500,59.620
605510,36.388
605520,34.064
605530,36.958
605540,50.688
605550,36.099
605560,45.993
605570,35.600
605580,49.709
605590,34.136
605600,33.823
605610,57.369
605620,36.404
605630,35.732
605640,37.132
605650,45.010
605660,35.584
605670,37.667
605680,46.047
605690,34.674
605700,34.416
605710,32.814
605720,45.738
605730,34.079
605740,35.974
605750,37.985
605760,33.835
605770,60.483
605780,35.860
605790,51.928
605800,34.157
605810,34.570
605820,50.417
605830,34.423
605840,37.057
605850,38.927
605860,51.104
605870,58.641
605880,34.051
605890,56.377
605900,35.604
605910,35.629
605920,31.933
605930,35.253
605940,38.497
605950,34.932
605960,57.951
605970,36.336
605980,35.644
605990,37.052
606000,33.634
606010,34.213
606020,31.542
606030,34.994
606040,36.376
606050,54.475
606060,32.395
606070,57.470
606080,36.210
606090,34.844
606100,57.978
606110,35.301
606120,34.553
606130,46.388
606140,33.348
606150,34.737
606160,37.053
606170,39.920
606180,31.290
606190,42.763
606200,35.494
606210,35.862
606220,37.162
606230,54.278
606240,34.806
606250,36.142
606260,32.998
606270,46.743
606280,34.378
606290,37.983
606300,56.252
606310,34.253
606320,34.738
606330,51.809
606340,35.107
606350,56.942
606360,34.285
606370,35.821
606380,33.145
606390,56.137
606400,36.226
606410,35.707
606420,48.264
606430,34.418
606440,35.087
606450,37.397
606460,52.909
606470,32.069
606480,34.533
606490,36.933
606500,32.878
606510,49.714
606520,34.876
606530,36.153
606540,36.957
606550,39.588
606560,39.449
606570,36.381
606580,38.018
606590,38.286
606600,39.080
606610,41.212
606620,41.961
606630,30.696
606640,55.800
606650,35.638
606660,35.720
606670,59.079
606680,33.689
606690,33.492
606700,43.205
606710,34.863
606720,34.366
606730,36.475
606740,58.499
606750,36.681
606760,53.609
606770,36.408
606780,35.433
606790,38.798
606800,34.577
606810,38.918
606820,33.619
606830,58.850
606840,35.530
606850,42.655
606860,33.421
606870,54.984
606880,30.244
606890,33.480
606900,35.730
606910,45.633
606920,34.915
606930,49.258
606940,34.406
606950,47.531
606960,34.850
606970,46.506
606980,32.715
606990,35.013
607000,36.637
607010,38.774
607020,34.975
607030,36.758
607040,57.905
607050,35.077
607060,36.231
607070,52.286
607080,35.970
607090,49.701
607100,30.848
607110,38.196
607120,33.487
607130,34.641
607140,38.702
607150,40.055
607160,38.984
607170,41.832
607180,34.576
607190,35.800
607200,37.445
607210,39.911
607220,43.195
607230,36.371
607240,53.588
607250,35.156
607260,33.723
607270,46.466
607280,34.631
607290,43.522
607300,33.659
607310,34.670
607320,46.809
607330,34.879
607340,53.110
607350,33.693
607360,35.128
607370,37.489
607380,44.651
607390,35.128
607400,40.417
607410,34.636
607420,35.071
607430,36.950
607440,38.448
607450,33.979
607460,36.347
607470,58.346
607480,35.464
607490,35.004
607500,43.074
607510,35.478
607520,59.599
607530,32.878
607540,33.912
607550,35.607
607560,34.239
607570,38.396
607580,44.362
607590,35.050
607600,48.479
607610,34.186
607620,53.651
607630,33.790
607640,57.686
607650,34.758
607660,34.340
607670,51.168
607680,34.720
607690,36.217
607700,35.476
607710,32.888
607720,47.120
607730,35.238
607740,37.338
607750,32.660
607760,36.600
607770,56.455
607780,34.315
607790,34.024
607800,36.458
607810,46.963
607820,32.688
607830,34.637
607840,36.587
607850,37.631
607860,33.841
607870,37.586
607880,49.568
607890,35.992
607900,54.206
607910,35.156
607920,55.726
607930,33.590
607940,34.594
607950,37.418
607960,42.545
607970,32.312
607980,57.996
607990,36.448
608000,34.719
608010,37.777
608020,42.080
608030,34.070
608040,35.006
608050,47.605
608060,35.466
608070,59.541
608080,32.731
608090,34.566
608100,36.305
608110,43.844
608120,35.334
608130,36.189
608140,38.114
608150,37.804
608160,46.548
608170,34.890
608180,34.495
608190,37.090
608200,47.990
608210,35.384
608220,44.925
608230,32.634
608240,53.252
608250,35.533
608260,50.911
608270,35.044
608280,35.385
608290,39.789
608300,44.836
608310,34.260
608320,33.035
608330,36.470
608340,38.637
608350,38.560
608360,46.264
608370,34.732
608380,47.350
608390,35.394
608400,39.774
608410,33.039
608420,35.019
608430,54.727
608440,37.411
608450,36.618
608460,59.567
608470,37.339
608480,34.869
608490,56.311
608500,35.354
608510,37.385
608520,32.268
608530,49.933
608540,34.370
608550,36.198
608560,51.411
608570,36.093
608580,41.873
608590,33.408
608600,35.930
608610,40.531
608620,35.343
608630,36.680
608640,38.133
608650,36.971
608660,35.455
608670,61.624
608680,36.676
608690,34.894
608700,37.765
608710,40.912
608720,36.261
608730,41.236
608740,33.607
608750,46.562
608760,33.536
608770,60.532
608780,36.486
608790,56.411
608800,33.473
608810,34.516
608820,42.970
608830,34.716
608840,34.368
608850,37.996
608860,34.118
608870,37.331
608880,33.431
608890,60.681
608900,35.690
608910,55.938
608920,34.637
608930,55.579
608940,34.068
608950,44.594
608960,32.706
608970,34.625
608980,37.797
608990,34.895
609000,36.315
609010,49.152
609020,33.897
609030,45.296
609040,34.955
609050,32.906
609060,35.335
609070,55.116
609080,33.219
609090,36.005
609100,39.811
609110,34.699
609120,55.098
609130,38.705
609140,35.995
609150,37.467
609160,38.092
609170,48.322
609180,34.803
609190,40.837
609200,33.180
609210,36.185
609220,33.706
609230,36.190
609240,39.373
609250,33.686
609260,41.671
609270,35.427
609280,35.770
609290,53.856
609300,35.023
609310,58.113
609320,33.226
609330,35.000
609340,38.751
609350,33.891
609360,36.566
609370,43.668
609380,35.057
609390,37.242
609400,40.011
609410,59.743
609420,31.712
609430,34.524
609440,38.785
609450,33.193
609460,36.173
609470,38.998
609480,34.145
609490,36.840
609500,38.409
609510,34.059
609520,37.461
609530,51.097
609540,55.802
609550,33.970
609560,56.412
609570,37.568
609580,34.416
609590,38.893
609600,34.359
609610,47.095
609620,33.695
609630,41.039
609640,37.556
609650,34.754
609660,55.554
609670,35.480
609680,35.803
609690,58.451
609700,36.452
609710,40.980
609720,34.000
609730,35.872
609740,51.200
609750,34.617
609760,35.332
609770,36.966
609780,36.232
609790,33.885
609800,50.651
609810,33.092
609820,49.155
609830,32.900
609840,35.291
609850,36.626
609860,38.129
609870,38.368
609880,53.458
609890,34.000
609900,46.939
609910,36.542
609920,34.440
609930,42.645
609940,36.299
609950,34.645
609960,50.546
609970,37.579
609980,45.374
609990,34.612
610000,50.901
610010,32.409
610020,35.504
610030,41.533
610040,35.262
610050,44.299
610060,34.391
610070,43.336
610080,35.068
610090,34.809
610100,36.780
610110,47.019
610120,32.965
610130,46.704
610140,34.457
610150,35.882
610160,39.749
610170,35.221
610180,39.340
610190,34.565
610200,35.366
610210,58.933
610220,37.708
610230,36.863
610240,37.118
610250,55.356
610260,35.710
610270,37.232
610280,40.665
610290,33.114
610300,35.739
610310,49.549
610320,34.859
610330,35.014
610340,39.675
610350,35.708
610360,38.654
610370,55.793
610380,32.448
610390,33.633
610400,35.388
610410,39.299
610420,37.196
610430,36.423
610440,38.262
610450,36.366
610460,42.986
610470,35.317
610480,42.314
610490,36.857
610500,50.609
610510,33.118
610520,45.441
610530,33.928
610540,34.338
610550,67.021
610560,34.075
610570,53.037
610580,32.893
610590,58.457
610600,35.014
610610,34.852
610620,38.722
610630,32.961
610640,40.594
610650,33.998
610660,34.650
610670,55.789
610680,35.274
610690,50.020
610700,33.568
610710,35.756
610720,37.642
610730,42.826
610740,37.077
610750,37.727
610760,37.212
610770,34.672
610780,36.875
610790,40.448
610800,40.306
610810,40.826
610820,38.867
610830,35.852
610840,37.115
610850,40.834
610860,34.824
610870,39.270
610880,48.165
610890,35.401
610900,34.162
610910,37.931
610920,39.408
610930,52.550
610940,32.958
610950,35.199
610960,48.220
610970,53.071
610980,31.590
610990,33.145
611000,53.146
611010,35.552
611020,32.640
611030,32.788
611040,57.392
611050,35.262
611060,34.977
611070,55.265
611080,37.818
611090,34.555
611100,60.297
611110,36.026
611120,34.206
611130,59.863
611140,34.981
611150,34.421
611160,37.208
611170,35.441
611180,35.239
611190,37.333
611200,60.375
611210,36.468
611220,36.833
611230,38.346
611240,54.648
611250,35.331
611260,36.070
611270,38.103
611280,41.048
611290,34.786
611300,60.659
611310,35.134
611320,35.138
611330,41.718
611340,32.393
611350,35.372
611360,33.094
611370,38.746
611380,34.704
611390,36.803
611400,38.547
611410,40.086
611420,35.954
611430,36.843
611440,49.291
611450,35.180
611460,57.912
611470,34.936
611480,34.727
611490,38.343
611500,34.509
611510,35.375
611520,33.408
611530,43.154
611540,33.593
611550,34.522
611560,50.244
611570,37.618
611580,37.004
611590,38.174
611600,40.058
611610,34.216
611620,50.963
611630,32.561
611640,54.405
611650,32.026
611660,45.355
611670,34.674
611680,35.322
611690,39.533
611700,53.263
611710,34.088
611720,34.481
611730,56.327
611740,34.226
611750,47.604
611760,50.148
611770,34.454
611780,33.336
611790,36.848
611800,49.270
611810,34.532
611820,35.247
611830,35.587
611840,48.439
611850,33.157
611860,35.250
611870,37.771
611880,42.348
611890,33.544
611900,35.215
611910,33.720
611920,36.792
611930,48.523
611940,35.983
611950,56.574
611960,35.895
611970,55.119
611980,32.944
611990,34.694
612000,38.933
612010,33.487
612020,35.854
612030,45.929
612040,34.443
612050,57.836
612060,35.522
612070,41.790
612080,53.655
612090,32.292
612100,32.926
612110,35.704
612120,42.063
612130,45.208
612140,34.523
612150,34.142
612160,60.455
612170,35.755
612180,33.370
612190,51.094
612200,34.823
612210,35.053
612220,36.901
612230,36.116
612240,41.232
612250,34.334
612260,36.012
612270,44.975
612280,52.457
612290,32.484
612300,34.241
612310,42.099
612320,33.572
612330,36.287
612340,40.042
612350,34.061
612360,40.962
612370,51.158
612380,32.163
612390,34.213
612400,36.339
612410,39.884
612420,34.795
612430,36.910
612440,37.802
612450,34.624
612460,37.335
612470,39.028
612480,35.980
612490,51.169
612500,37.400
612510,34.948
612520,36.072
612530,47.460
612540,32.666
612550,37.798
612560,33.591
612570,52.889
612580,34.369
612590,46.146
612600,33.713
612610,53.767
612620,34.639
612630,35.808
612640,60.533
612650,35.639
612660,57.512
612670,37.384
612680,34.784
612690,37.368
612700,40.813
612710,35.603
612720,36.729
612730,45.323
612740,35.259
612750,37.144
612760,38.050
612770,56.470
612780,35.473
612790,35.686
612800,32.586
612810,45.026
612820,34.652
612830,38.512
612840,33.955
612850,35.943
612860,33.634
612870,49.945
612880,34.261
612890,34.426
612900,37.465
612910,34.493
612920,37.046
612930,46.574
612940,35.723
612950,36.929
612960,46.060
612970,36.396
612980,35.634
612990,36.558
613000,39.221
613010,42.721
613020,36.316
613030,37.854
613040,50.351
613050,34.386
613060,34.868
613070,48.673
613080,32.429
613090,36.037
613100,33.815
613110,40.246
613120,32.820
613130,58.731
613140,34.901
613150,35.706
613160,58.835
613170,37.021
613180,36.466
613190,35.740
613200,38.735
613210,58.436
613220,36.076
613230,35.221
613240,37.291
613250,47.244
613260,34.595
613270,37.149
613280,40.811
613290,33.757
613300,36.226
613310,41.718
613320,35.864
613330,37.325
613340,39.024
613350,36.987
613360,47.611
613370,37.213
613380,54.107
613390,33.688
613400,35.737
613410,48.054
613420,34.289
613430,54.665
613440,33.558
613450,35.808
613460,38.026
613470,56.451
613480,36.562
613490,34.943
613500,38.250
613510,39.601
613520,35.338
613530,44.064
613540,35.534
613550,34.775
613560,48.009
613570,34.848
613580,35.593
613590,37.366
613600,38.918
613610,39.611
613620,35.760
613630,57.224
613640,36.725
613650,34.498
613660,41.990
613670,34.206
613680,45.390
613690,33.088
613700,35.760
613710,38.166
613720,44.799
613730,34.648
613740,39.716
613750,34.105
613760,36.007
613770,52.639
613780,35.705
613790,37.943
613800,33.242
613810,36.799
613820,61.782
613830,36.232
613840,35.489
613850,52.115
613860,34.550
613870,49.858
613880,34.967
613890,34.965
613900,61.669
613910,36.377
613920,35.782
613930,37.538
613940,38.592
613950,60.758
613960,37.260
613970,36.496
613980,43.507
613990,54.966
614000,32.967
614010,42.854
614020,33.624
614030,35.389
614040,38.569
614050,35.209
614060,60.269
614070,36.297
614080,34.865
614090,35.509
614100,34.082
614110,46.617
614120,33.949
614130,33.236
614140,38.164
614150,34.315
614160,39.679
614170,34.619
614180,34.848
614190,37.814
614200,33.410
614210,50.756
614220,34.948
614230,49.719
614240,36.196
614250,35.400
614260,58.938
614270,36.001
614280,52.562
614290,34.315
614300,34.750
614310,36.632
614320,34.723
614330,35.911
614340,40.934
614350,53.459
614360,33.400
614370,35.722
614380,36.734
614390,36.386
614400,36.315
614410,48.607
614420,35.834
614430,35.275
614440,40.775
614450,34.498
614460,37.161
614470,53.184
614480,34.781
614490,52.639
614500,33.355
614510,46.131
614520,33.738
614530,56.147
614540,35.496
614550,43.534
614560,33.895
614570,48.641
614580,32.531
614590,34.893
614600,53.406
614610,34.829
614620,36.276
614630,44.624
614640,35.311
614650,35.831
614660,55.297
614670,35.706
614680,50.409
614690,32.407
614700,34.575
614710,36.700
614720,34.534
614730,42.459
614740,42.646
614750,31.805
614760,35.442
614770,49.531
614780,34.401
614790,35.670
614800,43.152
614810,36.237
614820,36.378
614830,39.388
614840,34.448
614850,35.995
614860,39.617
614870,37.821
614880,31.507
614890,35.862
614900,40.774
614910,33.724
614920,38.989
614930,33.795
614940,40.731
614950,36.723
614960,34.611
614970,47.600
614980,30.818
614990,34.386
615000,44.134
615010,34.568
615020,36.444
615030,37.486
615040,38.200
615050,47.561
615060,35.611
615070,41.392
615080,34.052
615090,35.748
615100,38.083
615110,35.580
615120,34.846
615130,46.905
615140,34.313
615150,36.724
615160,39.081
615170,54.334
615180,36.297
615190,34.646
615200,57.991
615210,35.410
615220,33.516
615230,38.437
615240,34.866
615250,54.518
615260,36.832
615270,50.479
615280,33.988
615290,34.302
615300,36.700
615310,52.447
615320,35.213
615330,38.129
615340,48.509
615350,33.183
615360,33.203
615370,48.672
615380,34.116
615390,35.626
615400,41.006
615410,33.300
615420,45.829
615430,34.594
615440,35.341
615450,40.443
615460,35.524
615470,47.988
615480,30.536
615490,32.778
615500,41.181
615510,34.159
615520,35.522
615530,40.704
615540,34.503
615550,35.472
615560,40.381
615570,47.320
615580,32.708
615590,33.727
615600,42.885
615610,33.869
615620,35.931
615630,37.419
615640,34.518
615650,36.714
615660,39.348
615670,41.182
615680,35.628
615690,39.551
615700,36.062
615710,41.769
615720,35.027
615730,39.734
615740,34.531
615750,62.006
615760,33.845
615770,48.386
615780,32.200
615790,56.094
615800,34.081
615810,34.599
615820,37.251
615830,39.709
615840,33.691
615850,36.889
615860,53.304
615870,39.529
615880,59.859
615890,34.426
615900,34.100
615910,49.197
615920,34.783
615930,43.035
615940,33.974
615950,36.684
615960,35.888
615970,35.578
615980,40.303
615990,34.840
616000,37.103
616010,45.882
616020,35.430
616030,42.431
616040,34.192
616050,58.314
616060,34.354
616070,35.050
616080,43.446
616090,34.250
616100,47.977
616110,34.670
616120,34.681
616130,38.453
616140,42.698
616150,36.844
616160,36.456
616170,41.145
616180,33.682
616190,46.237
616200,33.911
616210,36.845
616220,39.110
616230,57.135
616240,32.996
616250,33.919
616260,38.394
616270,34.697
616280,42.354
616290,33.208
616300,36.587
616310,39.987
616320,32.962
616330,35.771
616340,52.390
616350,34.114
616360,40.891
616370,33.572
616380,41.446
616390,34.116
616400,52.993
616410,34.990
616420,34.927
616430,46.974
616440,34.729
616450,35.481
616460,37.609
616470,36.257
616480,35.189
616490,37.931
616500,34.069
616510,51.727
616520,34.508
616530,35.084
616540,45.694
616550,34.262
616560,35.571
616570,34.662
616580,37.443
616590,45.996
616600,34.787
616610,53.091
616620,33.205
616630,35.496
616640,38.063
616650,38.456
616660,46.065
616670,54.202
616680,34.802
616690,34.565
616700,36.479
616710,38.238
616720,57.348
616730,34.521
616740,35.355
616750,39.296
616760,36.137
616770,40.889
616780,47.408
616790,33.067
616800,33.822
616810,37.710
616820,37.461
616830,56.606
616840,33.285
616850,34.269
616860,35.091
616870,33.987
616880,40.229
616890,34.494
616900,55.693
616910,36.503
616920,36.135
616930,41.856
616940,33.169
616950,34.693
616960,32.686
616970,46.537
616980,33.429
616990,34.907
617000,37.042
617010,55.226
617020,33.802
617030,33.864
617040,38.236
617050,34.404
617060,36.265
617070,41.732
617080,46.944
617090,31.654
617100,35.382
617110,40.779
617120,35.289
617130,37.683
617140,34.431
617150,46.412
617160,33.631
617170,45.897
617180,32.997
617190,34.759
617200,47.406
617210,33.342
617220,51.693
617230,33.286
617240,35.077
617250,37.142
617260,40.162
617270,34.992
617280,37.317
617290,41.909
617300,33.556
617310,51.921
617320,33.631
617330,35.595
617340,48.146
617350,38.945
617360,32.646
617370,44.122
617380,35.260
617390,54.740
617400,32.823
617410,34.861
617420,47.086
617430,35.252
617440,36.286
617450,33.592
617460,36.671
617470,41.401
617480,35.210
617490,36.047
617500,49.272
617510,36.052
617520,36.952
617530,39.707
617540,33.451
617550,40.978
617560,34.608
617570,35.719
617580,35.575
617590,33.812
617600,39.316
617610,35.003
617620,53.469
617630,34.790
617640,34.652
617650,37.247
617660,39.202
617670,47.877
617680,33.481
617690,55.694
617700,34.903
617710,34.245
617720,37.357
617730,41.144
617740,35.374
617750,58.068
617760,36.268
617770,46.323
617780,32.351
617790,38.688
617800,32.423
617810,55.742
617820,36.476
617830,36.006
617840,39.482
617850,33.712
617860,35.364
617870,41.016
617880,34.697
617890,38.442
617900,33.459
617910,34.832
617920,35.982
617930,35.760
617940,37.529
617950,39.206
617960,34.795
617970,47.747
617980,32.465
617990,34.512
618000,39.939
618010,35.173
618020,36.713
618030,41.072
618040,35.584
618050,38.904
618060,38.944
618070,39.387
618080,41.806
618090,38.190
618100,36.399
618110,42.548
618120,34.164
618130,61.086
618140,34.917
618150,34.864
618160,34.934
618170,53.542
618180,37.310
618190,41.242
618200,34.106
618210,36.507
618220,38.172
618230,34.474
618240,42.240
618250,33.766
618260,36.024
618270,59.590
618280,36.297
618290,36.538
618300,41.154
618310,33.323
618320,36.592
618330,54.734
618340,33.540
618350,33.920
618360,36.079
618370,40.061
618380,36.083
618390,36.980
618400,40.910
618410,35.527
618420,37.371
618430,38.384
618440,34.843
618450,35.502
618460,41.558
618470,35.833
618480,37.289
618490,38.364
618500,63.261
618510,36.388
618520,36.010
618530,44.319
618540,35.363
618550,35.879
618560,41.673
618570,43.666
618580,32.788
618590,34.708
618600,44.707
618610,32.740
618620,34.970
618630,32.760
618640,35.568
618650,54.922
618660,35.748
618670,42.853
618680,33.117
618690,57.225
618700,35.671
618710,34.459
618720,43.087
618730,34.541
618740,38.127
618750,33.453
618760,60.435
618770,37.564
618780,34.612
618790,48.470
618800,35.833
618810,47.138
618820,34.684
618830,53.787
618840,31.159
618850,34.063
618860,36.878
618870,38.373
618880,34.269
618890,52.855
618900,33.542
618910,45.937
618920,33.316
618930,35.622
618940,38.252
618950,34.591
618960,37.534
618970,39.074
618980,64.473
618990,35.117
619000,54.942
619010,33.034
619020,52.969
619030,33.557
619040,53.225
619050,37.786
619060,33.971
619070,35.273
619080,31.762
619090,42.420
619100,33.556
619110,37.449
619120,34.432
619130,36.377
619140,34.867
619150,34.769
619160,36.422
619170,37.422
619180,38.658
619190,50.766
619200,36.237
619210,36.850
619220,37.593
619230,35.392
619240,38.692
619250,34.530
619260,47.597
619270,35.081
619280,34.911
619290,49.959
619300,35.646
619310,35.106
619320,65.061
619330,35.607
619340,35.370
619350,37.228
619360,49.895
619370,37.719
619380,45.430
619390,34.386
619400,34.701
619410,41.416
619420,32.661
619430,57.375
619440,35.670
619450,36.495
619460,39.690
619470,39.068
619480,34.914
619490,47.610
619500,35.227
619510,36.432
619520,36.909
619530,34.268
619540,36.933
619550,44.224
619560,36.338
619570,38.507
619580,34.075
619590,37.172
619600,33.166
619610,41.358
619620,33.526
619630,46.590
619640,35.308
619650,35.402
619660,35.560
619670,42.444
619680,35.317
619690,51.187
619700,33.880
619710,33.656
619720,56.010
619730,35.709
619740,40.872
619750,32.511
619760,36.117
619770,40.950
619780,35.329
619790,36.579
619800,37.838
619810,47.351
619820,32.879
619830,41.182
619840,32.217
619850,45.150
619860,32.927
619870,42.806
619880,33.698
619890,34.617
619900,67.333
619910,32.574
619920,52.107
619930,34.418
619940,34.227
619950,36.551
619960,34.900
619970,42.687
619980,34.319
619990,35.685
620000,37.148
620010,57.101
620020,34.426
620030,34.538
620040,37.545
620050,34.313
620060,35.582
620070,36.903
620080,51.918
620090,33.704
620100,56.033
620110,35.487
620120,51.466
620130,34.964
620140,33.195
620150,36.435
620160,38.338
620170,47.045
620180,33.647
620190,34.192
620200,37.622
620210,60.717
620220,37.247
620230,36.594
620240,36.040
620250,35.005
620260,36.055
620270,37.320
620280,34.297
620290,58.902
620300,34.548
620310,34.675
620320,36.989
620330,42.990
620340,35.210
620350,53.008
620360,33.912
620370,36.199
620380,37.683
620390,34.951
620400,42.257
620410,34.359
620420,36.189
620430,41.254
620440,33.905
620450,36.554
620460,34.169
620470,37.724
620480,34.416
620490,39.687
620500,34.283
620510,36.883
620520,33.576
620530,38.575
620540,34.296
620550,38.370
620560,44.770
620570,34.109
620580,41.149
620590,54.987
620600,31.491
620610,33.146
620620,44.415
620630,34.992
620640,46.388
620650,34.921
620660,35.530
620670,46.815
620680,35.118
620690,41.835
620700,32.916
620710,46.766
620720,32.473
620730,35.392
620740,38.695
620750,39.058
620760,40.916
620770,41.920
620780,33.544
620790,36.022
620800,38.162
620810,38.601
620820,50.595
620830,33.933
620840,46.355
620850,33.250
620860,58.903
620870,35.306
620880,34.844
620890,59.376
620900,36.375
620910,34.641
620920,40.218
620930,36.614
620940,50.071
620950,34.000
620960,33.308
620970,39.612
620980,35.572
620990,37.738
621000,41.630
621010,33.401
621020,58.230
621030,34.891
621040,40.592
621050,33.081
621060,45.612
621070,34.045
621080,45.784
621090,32.240
621100,52.496
621110,35.595
621120,58.323
621130,33.561
621140,33.495
621150,37.331
621160,32.969
621170,35.788
621180,56.748
621190,33.730
621200,56.475
621210,33.427
621220,33.652
621230,40.457
621240,34.607
621250,36.255
621260,33.871
621270,44.475
621280,33.732
621290,36.812
621300,33.853
621310,36.255
621320,37.372
621330,47.149
621340,35.985
621350,37.396
621360,38.423
621370,48.176
621380,35.350
621390,37.168
621400,58.897
621410,36.879
621420,36.798
621430,42.055
621440,35.052
621450,38.030
621460,34.051
621470,42.389
621480,34.305
621490,40.970
621500,33.026
621510,35.433
621520,37.163
621530,39.076
621540,34.840
621550,36.705
621560,59.375
621570,38.376
621580,42.488
621590,31.990
621600,36.061
621610,58.139
621620,35.502
621630,57.461
621640,35.250
621650,32.665
621660,37.075
621670,42.972
621680,33.707
621690,35.225
621700,60.355
621710,37.598
621720,35.781
621730,46.678
621740,34.513
621750,40.752
621760,33.096
621770,37.267
621780,40.207
621790,32.830
621800,41.596
621810,33.726
621820,43.018
621830,32.927
621840,36.428
621850,46.035
621860,35.394
621870,42.579
621880,33.238
621890,54.442
621900,34.633
621910,56.070
621920,34.033
621930,37.223
621940,32.795
621950,54.727
621960,33.907
621970,41.966
621980,32.606
621990,40.039
622000,32.788
622010,35.374
622020,37.462
622030,42.278
622040,33.065
622050,35.053
622060,36.858
622070,48.053
622080,34.673
622090,36.597
622100,36.198
622110,36.256
622120,48.660
622130,34.521
622140,33.643
622150,38.632
622160,33.926
622170,35.983
622180,36.680
622190,35.492
622200,45.339
622210,53.093
622220,32.459
622230,33.583
622240,51.583
622250,34.213
622260,35.647
622270,47.785
622280,36.062
622290,35.806
622300,37.305
622310,38.410
622320,35.413
622330,42.160
622340,34.335
622350,45.563
622360,33.544
622370,45.092
622380,32.108
622390,45.324
622400,33.068
622410,45.165
622420,32.931
622430,35.238
622440,38.905
622450,31.990
622460,35.175
622470,48.721
622480,34.720
622490,34.615
622500,50.272
622510,36.401
622520,58.825
622530,36.086
622540,45.010
622550,33.185
622560,35.677
622570,59.718
622580,35.811
622590,35.154
622600,58.943
622610,35.964
622620,35.896
622630,57.595
622640,35.146
622650,39.912
622660,33.920
622670,35.673
622680,59.531
622690,36.485
622700,53.555
622710,31.926
622720,35.402
622730,37.165
622740,48.394
622750,33.977
622760,45.511
622770,33.815
622780,36.407
622790,40.745
622800,32.631
622810,37.136
622820,33.815
622830,36.733
622840,38.175
622850,34.469
622860,37.412
622870,47.088
622880,34.688
622890,35.295
622900,38.547
622910,46.655
622920,33.947
622930,41.568
622940,32.908
622950,35.231
622960,37.413
622970,39.579
622980,32.325
622990,35.212
623000,56.227
623010,37.271
623020,35.012
623030,35.519
623040,35.275
623050,37.431
623060,40.377
623070,42.121
623080,31.546
623090,33.852
623100,40.356
623110,34.266
623120,58.089
623130,35.338
623140,38.282
623150,48.215
623160,32.192
623170,34.295
623180,53.253
623190,34.374
623200,58.430
623210,35.766
623220,35.215
623230,36.494
623240,38.087
623250,54.120
623260,37.090
623270,43.154
623280,33.242
623290,38.843
623300,32.947
623310,35.169
623320,37.351
623330,34.662
623340,66.754
623350,35.078
623360,33.861
623370,42.946
623380,57.246
623390,33.852
623400,32.948
623410,40.426
623420,35.039
623430,55.283
623440,33.506
623450,34.529
623460,56.849
623470,35.513
623480,36.524
623490,41.661
623500,33.580
623510,36.450
623520,45.756
623530,36.304
623540,36.438
623550,52.119
623560,33.532
623570,42.525
623580,32.981
623590,45.506
623600,34.525
623610,48.709
623620,33.369
623630,55.861
623640,33.303
623650,33.347
623660,61.112
623670,35.393
623680,35.012
623690,37.227
623700,33.081
623710,51.125
623720,38.119
623730,37.363
623740,33.082
623750,35.525
623760,35.818
623770,35.276
623780,37.220
623790,41.521
623800,33.286
623810,43.126
623820,33.200
623830,35.864
623840,38.932
623850,33.208
623860,46.611
623870,34.160
623880,43.023
623890,34.452
623900,34.996
623910,38.090
623920,42.334
623930,34.412
623940,35.732
623950,36.977
623960,34.878
623970,42.487
623980,33.948
623990,35.345
624000,32.989
624010,44.626
624020,32.150
624030,40.503
624040,33.426
624050,56.247
624060,35.548
624070,38.470
624080,33.198
624090,35.390
624100,34.763
624110,45.068
624120,33.197
624130,41.653
624140,32.429
624150,56.713
624160,34.807
624170,40.933
624180,35.524
624190,34.660
624200,37.380
624210,32.450
624220,57.286
624230,35.218
624240,37.746
624250,34.859
624260,35.401
624270,35.005
624280,34.600
624290,38.141
624300,33.823
624310,40.317
624320,43.645
624330,32.555
624340,55.877
624350,34.965
624360,33.606
624370,41.941
624380,35.181
624390,38.369
624400,33.725
624410,35.741
624420,57.602
624430,35.686
624440,36.099
624450,36.852
624460,40.096
624470,39.838
624480,36.398
624490,37.249
624500,38.535
624510,42.794
624520,32.931
624530,56.074
624540,33.790
624550,35.131
624560,36.786
624570,34.411
624580,57.060
624590,35.444
624600,33.751
624610,36.326
624620,53.441
624630,32.800
624640,43.345
624650,34.253
624660,33.284
624670,43.065
624680,34.904
624690,35.592
624700,38.639
624710,35.168
624720,48.982
624730,35.424
624740,38.552
624750,32.073
624760,57.434
624770,35.074
624780,50.291
624790,34.356
624800,57.315
624810,34.812
624820,44.920
624830,32.526
624840,56.461
624850,34.331
624860,44.468
624870,32.757
624880,35.172
624890,36.190
624900,38.501
624910,41.713
624920,37.674
624930,40.513
624940,33.849
624950,41.990
624960,50.445
624970,32.930
624980,57.117
624990,33.972
625000,34.933
625010,37.424
625020,57.729
625030,35.864
625040,51.938
625050,34.317
625060,34.359
625070,61.942
625080,34.349
625090,36.864
625100,48.253
625110,35.387
625120,34.685
625130,44.387
625140,34.947
625150,50.083
625160,33.935
625170,49.645
625180,37.714
625190,33.806
625200,36.561
625210,51.887
625220,37.495
625230,50.593
625240,34.120
625250,33.696
625260,37.105
625270,39.285
625280,40.029
625290,38.310
625300,35.327
625310,64.668
625320,35.917
625330,35.377
625340,45.369
625350,35.696
625360,56.423
625370,36.461
625380,35.721
625390,59.116
625400,35.100
625410,35.947
625420,38.084
625430,59.049
625440,34.375
625450,56.924
625460,33.898
625470,34.339
625480,35.125
625490,43.795
625500,34.145
625510,36.693
625520,46.274
625530,35.969
625540,34.279
625550,36.440
625560,45.869
625570,36.939
625580,40.242
625590,33.701
625600,33.546
625610,44.856
625620,32.907
625630,35.026
625640,36.073
625650,34.022
625660,52.044
625670,35.615
625680,36.126
625690,39.283
625700,35.498
625710,49.481
625720,36.078
625730,35.099
625740,41.134
625750,35.018
625760,54.155
625770,34.678
625780,45.462
625790,33.501
625800,57.678
625810,33.480
625820,43.611
625830,33.819
625840,32.782
625850,59.129
625860,34.490
625870,35.261
625880,48.269
625890,35.892
625900,39.930
625910,34.253
625920,39.960
625930,33.378
625940,54.275
625950,35.956
625960,35.768
625970,33.471
625980,35.358
625990,40.242
626000,35.864
626010,38.946
626020,33.961
626030,39.659
626040,32.716
626050,35.645
626060,37.059
626070,35.962
626080,44.158
626090,34.520
626100,36.203
626110,52.899
626120,36.550
626130,42.127
626140,32.754
626150,36.624
626160,33.133
626170,36.664
626180,37.749
626190,54.337
626200,36.413
626210,36.293
626220,36.479
626230,47.959
626240,33.323
626250,54.127
626260,35.415
626270,34.539
626280,38.212
626290,34.615
626300,35.107
626310,51.151
626320,33.827
626330,35.621
626340,39.245
626350,44.871
626360,36.579
626370,60.885
626380,33.984
626390,33.819
626400,35.491
626410,36.513
626420,35.266
626430,37.097
626440,33.730
626450,39.845
626460,31.207
626470,53.261
626480,34.481
626490,34.716
626500,47.824
626510,33.993
626520,35.580
626530,37.206
626540,45.849
626550,52.869
626560,35.993
626570,33.062
626580,36.592
626590,50.851
626600,50.429
626610,32.854
626620,32.216
626630,46.088
626640,34.058
626650,37.115
626660,41.026
626670,34.426
626680,46.652
626690,34.148
626700,48.177
626710,34.094
626720,40.824
626730,53.489
626740,30.289
626750,32.335
626760,38.118
626770,34.038
626780,35.031
626790,37.230
626800,32.107
626810,35.285
626820,60.832
626830,35.905
626840,49.674
626850,35.459
626860,33.443
626870,38.090
626880,35.639
626890,40.324
626900,35.037
626910,36.461
626920,39.256
626930,34.246
626940,36.599
626950,36.785
626960,34.758
626970,41.855
626980,32.581
626990,34.471
627000,50.156
627010,33.849
627020,36.945
627030,38.761
627040,40.708
627050,37.831
627060,34.212
627070,37.730
627080,32.631
627090,55.779
627100,35.586
627110,35.094
627120,37.361
627130,64.242
627140,36.144
627150,34.767
627160,51.252
627170,33.704
627180,35.048
627190,37.182
627200,41.898
627210,34.511
627220,56.613
627230,36.408
627240,40.758
627250,33.272
627260,35.342
627270,32.415
627280,35.950
627290,46.212
627300,34.956
627310,57.288
627320,34.574
627330,35.453
627340,36.879
627350,34.540
627360,35.974
627370,44.865
627380,35.280
627390,41.651
627400,33.166
627410,57.001
627420,37.625
627430,36.840
627440,47.530
627450,34.626
627460,49.666
627470,33.551
627480,33.971
627490,37.145
627500,38.777
627510,35.230
627520,42.325
627530,55.233
627540,32.340
627550,46.079
627560,34.352
627570,36.560
627580,31.864
627590,57.348
627600,36.212
627610,34.484
627620,32.575
627630,57.956
627640,35.321
627650,35.887
627660,37.498
627670,35.601
627680,40.633
627690,36.615
627700,33.636
627710,35.834
627720,34.774
627730,48.181
627740,32.918
627750,41.796
627760,32.112
627770,34.801
627780,37.720
627790,47.348
627800,34.875
627810,36.478
627820,32.619
627830,54.362
627840,35.170
627850,35.566
627860,37.464
627870,44.443
627880,35.687
627890,50.414
627900,35.156
627910,41.697
627920,38.361
627930,32.426
627940,36.271
627950,49.855
627960,35.383
627970,40.066
627980,33.580
627990,33.955
628000,44.514
628010,32.344
628020,35.366
628030,38.136
628040,42.664
628050,36.002
628060,61.953
628070,36.597
628080,35.407
628090,38.141
628100,38.439
628110,38.839
628120,35.680
628130,36.510
628140,45.422
628150,33.761
628160,35.888
628170,36.584
628180,55.725
628190,31.301
628200,33.750
628210,48.883
628220,35.177
628230,35.783
628240,33.405
628250,57.023
628260,33.221
628270,34.919
628280,38.015
628290,35.269
628300,39.992
628310,33.370
628320,35.693
628330,38.682
628340,36.193
628350,37.112
628360,49.970
628370,34.803
628380,37.652
628390,33.381
628400,35.799
628410,39.155
628420,33.786
628430,56.428
628440,35.027
628450,36.504
628460,52.056
628470,35.360
628480,36.042
628490,38.257
628500,31.893
628510,40.448
628520,33.994
628530,36.903
628540,38.039
628550,51.866
628560,33.747
628570,37.849
628580,33.219
628590,35.962
628600,58.228
628610,35.871
628620,35.727
628630,37.748
628640,40.578
628650,35.608
628660,42.534
628670,33.677
628680,35.911
628690,45.179
628700,33.790
628710,35.344
628720,39.195
628730,34.227
628740,36.318
628750,62.349
628760,37.898
628770,39.420
628780,33.612
628790,35.540
628800,35.226
628810,35.347
628820,40.120
628830,35.157
628840,37.212
628850,34.230
628860,49.016
628870,34.530
628880,44.336
628890,34.952
628900,48.448
628910,31.843
628920,41.267
628930,31.955
628940,35.425
628950,37.359
628960,48.071
628970,35.430
628980,49.686
628990,36.334
629000,52.504
629010,35.253
629020,35.731
629030,37.095
629040,37.834
629050,42.068
629060,35.776
629070,39.693
629080,35.750
629090,36.963
629100,38.399
629110,38.653
629120,35.281
629130,41.863
629140,34.091
629150,34.887
629160,37.783
629170,43.305
629180,34.021
629190,43.546
629200,34.496
629210,40.119
629220,35.918
629230,34.500
629240,35.819
629250,46.694
629260,35.053
629270,39.913
629280,33.751
629290,33.925
629300,51.849
629310,35.762
629320,51.533
629330,33.932
629340,40.926
629350,33.669
629360,35.455
629370,41.115
629380,32.765
629390,35.593
629400,61.221
629410,37.076
629420,35.330
629430,49.608
629440,35.147
629450,35.626
629460,51.205
629470,37.460
629480,36.151
629490,37.743
629500,38.382
629510,35.516
629520,36.421
629530,39.236
629540,33.673
629550,34.746
629560,34.711
629570,39.704
629580,33.456
629590,37.003
629600,37.762
629610,49.867
629620,33.819
629630,35.307
629640,53.964
629650,37.032
629660,34.402
629670,37.432
629680,32.964
629690,39.671
629700,35.410
629710,36.764
629720,54.084
629730,34.083
629740,49.155
629750,33.955
629760,50.830
629770,33.437
629780,34.038
629790,61.761
629800,36.576
629810,48.449
629820,31.375
629830,34.628
629840,36.872
629850,35.602
629860,39.634
629870,33.952
629880,36.090
629890,64.079
629900,35.925
629910,36.225
629920,53.474
629930,34.357
629940,34.108
629950,35.133
629960,38.455
629970,42.971
629980,35.797
629990,50.077
630000,34.082
630010,49.345
630020,34.753
630030,55.386
630040,34.771
630050,34.914
630060,41.609
630070,35.048
630080,35.132
630090,39.430
630100,34.084
630110,49.877
630120,36.052
630130,43.162
630140,31.891
630150,35.180
630160,49.738
630170,35.496
630180,35.149
630190,37.644
630200,40.625
630210,35.325
630220,41.969
630230,33.246
630240,37.097
630250,33.283
630260,35.131
630270,42.223
630280,34.531
630290,35.752
630300,39.483
630310,35.332
630320,40.927
630330,41.454
630340,31.722
630350,52.601
630360,33.419
630370,36.751
630380,52.119
630390,36.318
630400,54.107
630410,34.153
630420,35.992
630430,50.421
630440,35.333
630450,48.080
630460,31.558
630470,58.104
630480,38.292
630490,35.030
630500,36.984
630510,37.646
630520,34.475
630530,39.668
630540,34.154
630550,56.690
630560,37.975
630570,36.509
630580,35.968
630590,45.765
630600,34.786
630610,59.780
630620,36.489
630630,36.279
630640,50.089
630650,36.072
630660,35.479
630670,39.862
630680,43.795
630690,32.920
630700,55.271
630710,31.992
630720,34.625
630730,37.729
630740,33.919
630750,34.183
630760,33.921
630770,36.989
630780,34.335
630790,36.053
630800,37.602
630810,34.514
630820,37.380
630830,42.025
630840,34.837
630850,39.287
630860,45.365
630870,35.033
630880,55.340
630890,32.586
630900,34.065
630910,37.619
630920,33.438
630930,55.266
630940,35.085
630950,35.453
630960,39.892
630970,35.387
630980,45.298
630990,32.040
631000,34.968
631010,38.500
631020,41.658
631030,35.566
631040,36.148
631050,37.434
631060,45.158
631070,35.518
631080,35.405
631090,34.524
631100,43.992
631110,33.023
631120,35.857
631130,46.149
631140,34.919
631150,34.799
631160,41.302
631170,34.355
631180,35.382
631190,34.037
631200,62.850
631210,34.752
631220,35.022
631230,35.074
631240,38.432
631250,40.167
631260,39.944
631270,34.599
631280,35.363
631290,36.570
631300,45.753
631310,36.243
631320,36.197
631330,37.498
631340,42.978
631350,35.487
631360,57.050
631370,34.963
631380,34.672
631390,37.077
631400,40.175
631410,34.798
631420,36.392
631430,57.109
631440,37.097
631450,36.880
631460,49.700
631470,34.660
631480,36.467
631490,38.821
631500,44.840
631510,36.627
631520,36.626
631530,37.371
631540,34.640
631550,57.137
631560,36.339
631570,35.802
631580,40.491
631590,34.190
631600,37.109
631610,50.321
631620,35.096
631630,35.205
631640,43.031
631650,34.526
631660,47.536
631670,33.418
631680,35.559
631690,49.542
631700,34.842
631710,46.594
631720,33.780
631730,43.149
631740,32.329
631750,34.890
631760,43.541
631770,33.337
631780,35.943
631790,42.171
631800,33.712
631810,53.445
631820,33.689
631830,51.160
631840,38.520
631850,34.569
631860,49.516
631870,36.430
631880,33.906
631890,45.518
631900,34.697
631910,35.094
631920,50.602
631930,35.057
631940,50.014
631950,33.016
631960,34.966
631970,37.580
631980,41.524
631990,35.053
632000,41.640
632010,34.190
632020,56.816
632030,34.538
632040,45.145
632050,36.591
632060,34.350
632070,40.205
632080,34.358
632090,35.824
632100,53.942
632110,35.854
632120,35.363
632130,57.070
632140,36.958
632150,35.517
632160,41.297
632170,36.317
632180,34.889
632190,36.416
632200,40.308
632210,35.735
632220,36.059
632230,38.333
632240,39.812
632250,36.052
632260,36.890
632270,54.174
632280,36.538
632290,45.774
632300,34.454
632310,34.869
632320,41.025
632330,32.807
632340,56.445
632350,33.169
632360,35.732
632370,40.874
632380,34.264
632390,45.198
632400,36.434
632410,34.410
632420,35.933
632430,50.207
632440,31.778
632450,47.735
632460,48.455
632470,34.358
632480,32.853
632490,41.734
632500,35.689
632510,35.465
632520,37.314
632530,39.864
632540,35.006
632550,37.220
632560,41.575
632570,36.465
632580,34.627
632590,38.982
632600,33.097
632610,56.452
632620,32.630
632630,34.439
632640,36.770
632650,41.877
632660,46.579
632670,32.928
632680,48.785
632690,33.716
632700,35.060
632710,36.302
632720,51.360
632730,35.033
632740,34.129
632750,38.043
632760,34.946
632770,36.968
632780,34.450
632790,35.839
632800,34.331
632810,35.317
632820,42.739
632830,33.511
632840,45.441
632850,32.513
632860,36.516
632870,40.789
632880,33.728
632890,55.642
632900,34.983
632910,35.088
632920,49.715
632930,37.668
632940,36.237
632950,39.893
632960,33.918
632970,36.218
632980,31.909
632990,53.877
633000,36.134
633010,35.447
633020,41.527
633030,34.495
633040,56.349
633050,35.861
633060,53.382
633070,33.749
633080,34.258
633090,54.301
633100,36.459
633110,54.629
633120,36.059
633130,34.862
633140,36.410
633150,36.447
633160,56.727
633170,33.298
633180,54.219
633190,35.182
633200,34.021
633210,57.144
633220,36.259
633230,55.581
633240,35.003
633250,34.364
633260,53.973
633270,34.651
633280,37.573
633290,33.086
633300,35.402
633310,39.915
633320,33.606
633330,35.285
633340,59.699
633350,35.625
633360,35.003
633370,36.960
633380,33.971
633390,36.311
633400,56.920
633410,31.898
633420,43.901
633430,32.339
633440,35.353
633450,37.301
633460,43.968
633470,35.383
633480,48.311
633490,36.969
633500,34.812
633510,54.745
633520,33.931
633530,34.340
633540,42.066
633550,34.429
633560,39.277
633570,34.621
633580,48.839
633590,33.819
633600,45.314
633610,32.386
633620,35.576
633630,33.880
633640,39.976
633650,32.813
633660,41.414
633670,34.010
633680,36.485
633690,37.345
633700,53.916
633710,35.242
633720,43.127
633730,33.425
633740,45.835
633750,34.700
633760,37.427
633770,34.277
633780,30.787
633790,37.937
633800,53.732
633810,33.846
633820,55.458
633830,33.128
633840,56.827
633850,32.351
633860,34.710
633870,38.450
633880,34.266
633890,36.534
633900,39.279
633910,35.784
633920,37.130
633930,39.520
633940,35.059
633950,36.621
633960,39.912
633970,44.121
633980,34.336
633990,43.522
634000,32.623
634010,35.930
634020,37.996
634030,37.045
634040,34.890
634050,60.889
634060,36.344
634070,51.878
634080,34.958
634090,35.170
634100,36.346
634110,40.360
634120,33.592
634130,36.615
634140,38.344
634150,38.715
634160,59.631
634170,37.279
634180,33.637
634190,37.606
634200,36.808
634210,36.788
634220,38.314
634230,35.215
634240,44.282
634250,34.384
634260,34.847
634270,38.233
634280,34.484
634290,43.349
634300,34.170
634310,53.789
634320,35.741
634330,37.609
634340,35.569
634350,35.179
634360,47.629
634370,34.075
634380,37.009
634390,34.258
634400,35.821
634410,32.705
634420,34.724
634430,36.581
634440,34.624
634450,36.079
634460,34.868
634470,50.063
634480,35.149
634490,35.650
634500,38.624
634510,33.723
634520,35.091
634530,37.293
634540,40.196
634550,34.109
634560,36.943
634570,40.393
634580,35.475
634590,36.456
634600,38.701
634610,36.175
634620,47.474
634630,35.017
634640,36.064
634650,37.205
634660,38.426
634670,42.648
634680,36.272
634690,35.949
634700,57.819
634710,36.036
634720,36.182
634730,36.809
634740,41.640
634750,35.504
634760,55.387
634770,36.029
634780,34.235
634790,36.270
634800,38.791
634810,35.562
634820,36.733
634830,36.748
634840,41.082
634850,34.336
634860,36.567
634870,39.042
634880,33.279
634890,37.106
634900,41.417
634910,34.494
634920,37.382
634930,38.896
634940,53.642
634950,31.873
634960,34.160
634970,37.630
634980,33.603
634990,54.747
635000,35.669
635010,33.902
635020,36.538
635030,48.740
635040,31.452
635050,45.835
635060,33.296
635070,35.363
635080,32.839
635090,36.850
635100,38.774
635110,42.662
635120,36.434
635130,37.768
635140,37.985
635150,38.694
635160,42.436
635170,57.461
635180,33.976
635190,34.246
635200,58.304
635210,36.740
635220,38.768
635230,31.527
635240,35.159
635250,46.942
635260,37.310
635270,37.765
635280,32.928
635290,35.938
635300,38.222
635310,56.076
635320,35.451
635330,48.491
635340,34.930
635350,58.616
635360,34.794
635370,35.867
635380,38.745
635390,37.508
635400,47.546
635410,31.965
635420,34.400
635430,54.331
635440,35.648
635450,48.927
635460,33.883
635470,35.582
635480,38.289
635490,45.167
635500,35.925
635510,52.088
635520,33.621
635530,56.815
635540,37.234
635550,34.865
635560,52.695
635570,34.943
635580,35.365
635590,48.079
635600,33.452
635610,38.050
635620,33.601
635630,38.118
635640,33.841
635650,48.595
635660,33.386
635670,35.852
635680,34.138
635690,35.895
635700,44.562
635710,34.980
635720,36.311
635730,43.494
635740,34.945
635750,35.592
635760,37.248
635770,35.675
